book_id,isbn,title,author,publisher,category,total_copies,available_copies,price
1,979-9421919886,Aliquid odio perferendis commodi tempora,Gauri Mukherjee,Springer,Chemistry,5,0,2800.75
2,979-4119238435,Omnis vero consequatur libero minus,Sneha Bansal,O'Reilly,Physics,3,1,473.13
3,978-8478491432,Mollitia inventore nesciunt,Siddharth Verma,McGraw Hill,Mechanical,2,0,1001.3
4,979-3181726575,Quos tenetur porro cupiditate repellendus aut,Shubham Menon,PHI Learning,Fiction,3,1,1622.53
5,978-1783311618,Non eum sunt in non possimus,Deepika Sinha,PHI Learning,Computer Science,3,2,522.15
6,978-6657580415,Earum vitae voluptas iste,Garima Mahajan,O'Reilly,Mathematics,8,1,430.31
7,978-8745833518,Consequuntur nobis suscipit,Kiran Chakraborty,Springer,Biography,1,0,1794.27
8,979-4180712631,Error praesentium similique quae vel odio,Falguni Shah,PHI Learning,Electronics,8,3,2733.15
9,979-1610513459,Distinctio quaerat placeat ullam,Falguni Bhatia,Oxford University Press,Chemistry,6,5,540.6
10,979-9648246943,Voluptatem officiis vero,Aryan Roy,Wiley,Reference,3,2,2708.92
11,978-2556717098,Molestiae odio quae quis natus nesciunt,Rahul Khanna,Springer,Physics,1,0,1710.89
12,978-4430893343,Perferendis tempora modi soluta in,Urvi Solanki,Oxford University Press,Fiction,5,3,564.03
13,979-6429112941,Minima ad corporis,Akash Patil,PHI Learning,Electronics,4,1,930.51
14,979-1522758068,Dicta quibusdam cum,Madhuri Mukherjee,PHI Learning,Management,7,5,1931.54
15,978-8167402573,Placeat corporis aperiam quos,Radhika Sharma,McGraw Hill,Mathematics,3,1,1257.52
16,979-9603143320,Quidem adipisci repellendus aut,Karthik Chakraborty,Pearson,Mathematics,5,4,1192.63
17,978-4052985874,Sint quia natus dolores quos reiciendis,Sneha Hegde,Pearson,Electronics,8,8,1846.17
18,979-3674783860,Possimus aliquid fugit impedit,Simran Rao,Oxford University Press,Management,4,0,417.14
19,978-1871536049,Vitae amet quia dicta sit,Tanya Patil,O'Reilly,Electronics,5,0,2440.6
20,978-1975364648,Rerum tenetur provident officia quidem,Radhika Solanki,Pearson,Management,2,1,1440.46
21,979-5794705287,Qui deserunt quam deserunt ipsum voluptatem,Nitin Bhat,Oxford University Press,Reference,8,0,3197.11
22,978-2910644882,Deleniti cupiditate maiores,Madhuri Shah,Springer,Reference,7,6,3353.78
23,979-6107707110,Aliquam eius eaque cum sapiente,Aditya Yadav,Oxford University Press,Mathematics,5,0,350.35
24,979-1312981172,Ex quae culpa,Ira Bansal,PHI Learning,Electronics,7,0,517.37
25,979-2213657105,Ut nisi quo,Bhavya Yadav,Wiley,Mechanical,6,6,865.01
26,978-2887564768,Nulla optio laudantium nemo facere quos et,Vikas Dutta,Springer,Electronics,4,1,1930.95
27,979-7997871929,Vero maxime ratione cum,Aparna Suri,Wiley,Reference,2,0,1364.96
28,979-8815189470,Modi at dolore distinctio ex facere,Bhumi Reddy,PHI Learning,Electronics,7,2,1893.04
29,978-3236026972,Veniam nulla labore natus,Rahul Chakraborty,PHI Learning,Physics,2,0,2386.15
30,978-1877094717,Beatae exercitationem dolores,Vikram Iyer,O'Reilly,Biography,4,4,857.1
31,978-5692497905,Ullam doloribus aliquam suscipit fugit recusandae,Arjun Khanna,PHI Learning,Electronics,8,6,1109.48
32,979-7972032110,Harum molestiae eligendi,Swati Chauhan,Wiley,Fiction,5,1,860.28
33,978-2369226239,Reprehenderit fugiat rem ipsum aliquam tempore,Bhavya Mishra,Oxford University Press,Management,7,3,2242.15
34,979-2879828263,Eum aspernatur atque voluptas,Aniket Tiwari,Wiley,Fiction,7,3,3414.25
35,978-1938454204,Modi occaecati distinctio occaecati distinctio placeat,Siddharth Kapoor,Pearson,Electronics,2,0,2244.65
36,979-6732870844,Dignissimos repudiandae soluta,Yamini Khanna,Pearson,Mechanical,2,1,2630.49
37,978-6099384574,Officia velit quia corrupti itaque,Abhishek Khanna,Oxford University Press,Chemistry,3,1,2769.5
38,979-4174488399,Alias asperiores debitis dolorum architecto,Saurabh Chakraborty,PHI Learning,Civil,8,8,344.03
39,978-6318555080,Tenetur illum iste illo,Kiran Dubey,PHI Learning,Management,7,0,1188.86
40,978-3989790224,Accusantium perferendis modi odit nulla,Abhishek Deshmukh,McGraw Hill,Mechanical,8,8,2798.96
41,979-1472849406,Aliquid sed facere magnam enim placeat,Priya Chopra,Springer,Mathematics,5,4,1784.34
42,979-3283829713,Assumenda quisquam ipsa hic optio labore,Anjali Kulkarni,O'Reilly,Civil,2,2,2827.27
43,979-6540354690,Dolore quia reiciendis sed eos odio,Saurabh Sinha,Wiley,Chemistry,7,2,338.49
44,979-6185232262,Perspiciatis totam recusandae quas,Namrata Rao,Pearson,Physics,5,2,2573.52
45,979-4944410559,Vero accusamus soluta consequuntur aliquam,Aarav Kumar,Pearson,Mathematics,8,5,1068.76
46,978-5485911610,Nisi modi veniam esse quibusdam temporibus,Om Prasad,Oxford University Press,Management,3,1,761.63
47,979-7626806946,Distinctio temporibus sed consequuntur delectus,Ashish Arora,Springer,Mechanical,5,3,498.83
48,979-7321576888,Rerum deserunt delectus reiciendis sequi sed,Suresh Tiwari,PHI Learning,Reference,8,2,2953.93
49,979-8980387188,Itaque mollitia enim architecto atque quas,Nikhil Pillai,Pearson,Electronics,7,7,2766.65
50,978-2224531682,Veritatis explicabo perferendis doloremque eligendi architecto,Juhi Mishra,Wiley,Computer Science,3,2,1359.25
51,978-7174274731,Et iste nulla esse,Shubham Menon,Pearson,Biography,2,2,631.14
52,978-8875216367,Corrupti necessitatibus repellat vero cumque et,Jatin Tiwari,PHI Learning,Biography,7,6,730.32
53,978-8830046387,Quae odit eius facere,Sameer Pandey,Pearson,Physics,2,2,1924.02
54,979-4907531032,Soluta iure facere esse mollitia,Kritika Gupta,PHI Learning,Reference,6,3,3428.88
55,978-5384315467,Officia aspernatur eligendi repudiandae,Ira Roy,Oxford University Press,Management,3,1,3041.49
56,978-6971435127,Deserunt quasi occaecati quas tempora sed,Ishaan Naik,Springer,Electronics,6,3,2337.1
57,979-9719251271,Adipisci neque illo nihil temporibus mollitia molestiae,Varun Kulkarni,PHI Learning,Fiction,7,4,3399.45
58,978-2572089272,Iusto quod facilis dolore quo quasi,Rajesh Kumar,Wiley,Biography,6,3,1782.34
59,978-6533386646,Consequatur magnam at facilis,Komal Mukherjee,Wiley,Fiction,7,5,2631.23
60,978-1114943820,Optio sed rem,Shubham Rao,Springer,Physics,6,3,1920.81
61,979-7322173690,Placeat quidem consequuntur culpa necessitatibus natus,Sneha Mahajan,McGraw Hill,Electronics,5,5,1745.4
62,979-1865973115,Quasi laboriosam facere,Vaishnavi Iyer,Wiley,Fiction,5,2,1753.35
63,978-9223101326,Quis doloremque eaque doloremque,Aniket Chopra,O'Reilly,Mathematics,4,2,2497.0
64,979-1220169439,Maxime recusandae harum ullam,Ira Ghosh,Wiley,Mechanical,5,4,1637.74
65,979-9956309139,Aliquam officiis aut,Vidya Thakur,Wiley,Reference,8,0,2294.74
66,979-4633577468,Odio earum quia neque necessitatibus fugiat,Arjun Sinha,McGraw Hill,Physics,8,1,2844.77
67,978-6177302374,Facilis officiis saepe maxime fugiat,Harish Bose,McGraw Hill,Fiction,5,5,2978.75
68,978-3316352085,Maiores explicabo sint laborum,Kavya Verma,PHI Learning,Fiction,8,5,1005.43
69,979-7390690783,Suscipit ab sunt ipsam dolorem maiores,Naveen Shinde,Wiley,Fiction,6,0,585.93
70,979-5961834143,Distinctio deleniti facere quaerat,Namrata Suri,Pearson,Computer Science,4,2,1311.46
71,979-9391979916,Optio impedit ex,Dhruv Sharma,PHI Learning,Civil,6,5,651.64
72,979-3690059002,Laboriosam laboriosam distinctio,Chirag Mukherjee,Oxford University Press,Chemistry,8,7,2073.55
73,978-1087124852,Officia illum doloribus consectetur,Juhi Iyer,Springer,Chemistry,1,0,2525.93
74,978-6317618574,Cum occaecati aliquam nemo animi ea,Prateek Sen,Springer,Civil,4,1,2129.37
75,978-4278698544,Maxime illo voluptas odit,Abhishek Dutta,Oxford University Press,Reference,5,0,1381.18
76,979-1945930638,Veniam dolor non iusto,Simran Singh,Springer,Reference,5,1,1376.52
77,979-4255124273,Cupiditate rerum nobis recusandae reprehenderit delectus,Kiran Malhotra,Wiley,Civil,6,1,904.71
78,979-9453105069,Eaque quam exercitationem iste nihil dolorem,Ankit Chakraborty,O'Reilly,Chemistry,3,1,2667.69
79,979-6029233445,Consequatur accusantium minima tenetur placeat,Ashish Tiwari,Pearson,Physics,6,1,963.91
80,979-4568516574,Non debitis temporibus,Yash Hegde,Springer,Chemistry,1,1,479.35
81,979-2292255080,Aliquam quos magnam blanditiis laboriosam consectetur,Myra Joshi,Springer,Management,8,5,1992.4
82,978-2545261048,Molestiae a vel perspiciatis inventore in,Varun Jadhav,PHI Learning,Biography,6,3,286.53
83,979-2656424852,Possimus inventore vel,Pari Chopra,McGraw Hill,Computer Science,6,2,3467.7
84,979-8702993305,Ratione fugit nihil qui quis possimus,Neha Banerjee,Oxford University Press,Management,5,0,680.0
85,978-3869536670,Incidunt ducimus quisquam,Manish Arora,Wiley,Mechanical,4,1,2105.14
86,979-5902065722,Eligendi soluta illum,Ravi Mishra,Springer,Electronics,8,0,2582.83
87,979-4267381846,A quia ab minima,Krishna Iyer,McGraw Hill,Computer Science,2,1,819.72
88,979-1044405315,Ab omnis porro et facere culpa,Ankit Reddy,Oxford University Press,Mathematics,8,0,1356.61
89,978-2969520060,Ducimus sequi incidunt facilis eius perspiciatis,Juhi Roy,PHI Learning,Mathematics,6,3,3076.55
90,978-9972940280,Impedit quos laboriosam fuga,Madhuri Agarwal,O'Reilly,Electronics,8,8,1058.73
91,979-2405975535,Laborum voluptates neque quo id consequuntur,Om Mahajan,PHI Learning,Biography,2,1,543.55
92,979-6250538938,Quibusdam ipsum praesentium,Aniket Malhotra,Pearson,Computer Science,3,3,3357.14
93,978-1679445788,Aut magni ratione reiciendis,Harshita Trivedi,Oxford University Press,Reference,1,0,3056.54
94,978-2412056903,Possimus provident cum vitae a at,Ashish Banerjee,PHI Learning,Civil,7,4,783.42
95,978-1374389199,Iusto nobis at,Nitin Desai,Springer,Reference,4,2,3298.48
96,979-2216612101,Dolore aspernatur alias fugit,Prateek Gowda,Springer,Physics,3,3,2171.92
97,979-1479796370,Nostrum maxime quae nisi veniam,Dev Chatterjee,Oxford University Press,Mathematics,1,0,1575.58
98,979-7723735451,Odit ipsa dicta omnis,Madhuri Mahajan,Oxford University Press,Physics,6,6,2141.26
99,978-7261518216,Enim alias nobis maiores doloremque cumque,Kunal Naik,McGraw Hill,Chemistry,1,1,1182.79
100,978-2539033319,Facere omnis voluptate,Nitin Patel,Wiley,Management,4,1,293.26
101,978-3371431444,Voluptatum quod explicabo,Tanvi Jadhav,Springer,Civil,6,4,3054.98
102,978-6999317845,Illo dicta accusamus provident ullam,Priya Saxena,PHI Learning,Mechanical,2,0,1817.75
103,979-4452703094,Eligendi rerum totam expedita vitae eius,Vikram Mukherjee,O'Reilly,Mechanical,3,2,2458.7
104,978-4402490528,Vitae iste illo a cupiditate magni,Radhika Verma,PHI Learning,Reference,6,4,726.16
105,978-6471452241,Asperiores eos veniam rem vero soluta,Bhumi Patil,O'Reilly,Physics,7,7,1570.52
106,979-4713279666,Dolorum ipsam fugiat laborum doloribus excepturi,Manish Mukherjee,Wiley,Civil,3,1,950.75
107,979-6579442960,Placeat tempore similique laboriosam ducimus,Riya Sinha,O'Reilly,Reference,4,0,690.96
108,979-7520416094,Odio voluptatibus perspiciatis dolorem et,Myra Singh,Oxford University Press,Mechanical,5,0,3326.09
109,979-3719452873,Maxime ab rerum dolorum at,Gopal Singh,Oxford University Press,Electronics,7,2,527.93
110,979-4878213927,Asperiores ut labore explicabo tempora,Bhavya Banerjee,Pearson,Management,6,0,1955.89
111,978-9903010445,Delectus quia ut deleniti,Varun Sharma,PHI Learning,Civil,1,1,2956.93
112,978-7995157114,Doloremque doloribus eaque dolorem,Pallavi Roy,McGraw Hill,Physics,5,0,1625.24
113,978-1531858128,Saepe explicabo quod blanditiis,Aryan Chopra,Wiley,Mathematics,8,8,2681.95
114,979-7349189600,Perferendis optio nostrum,Om Kapoor,Wiley,Computer Science,1,0,2449.7
115,979-6465460589,Vero sed fuga et tempore sunt,Anika Arora,Pearson,Mathematics,7,0,1733.52
116,978-6821775390,Sit laudantium voluptates totam eligendi dolore,Simran Sharma,Pearson,Fiction,2,1,3346.55
117,979-6673115398,Consectetur minima incidunt velit adipisci expedita,Aadhya Saxena,Oxford University Press,Fiction,3,0,1165.51
118,979-5483873216,Itaque blanditiis maxime et,Tarun Gupta,PHI Learning,Fiction,7,7,2614.37
119,978-3799236757,Accusamus distinctio neque,Kavya Saxena,Oxford University Press,Computer Science,3,1,1982.36
120,978-8769166833,Facere similique deleniti ea earum,Ashish Shinde,PHI Learning,Physics,8,3,2421.99
121,979-9648225300,Exercitationem delectus incidunt in quibusdam facilis,Pallavi Solanki,PHI Learning,Reference,4,1,3191.81
122,978-3686467869,Eius debitis consectetur nemo dolorem,Yamini Pandey,Springer,Physics,5,5,684.88
123,978-8347486682,Quam rem nam,Kritika Prasad,O'Reilly,Computer Science,5,2,3008.52
124,978-1191468241,Deserunt reiciendis qui labore ab,Dhruv Patil,McGraw Hill,Electronics,7,3,831.88
125,978-4129677413,Libero voluptatum sed maxime quam,Saanvi Iyer,Wiley,Reference,4,4,1350.01
126,979-2765565258,Error natus necessitatibus id porro animi,Sanjay Gowda,PHI Learning,Computer Science,6,1,3024.54
127,979-8918866299,Labore occaecati ipsum ex,Aniket Patel,Wiley,Chemistry,1,0,983.98
128,979-3874091366,Facere nam repellat exercitationem illum,Aditi Verma,Wiley,Electronics,4,0,2677.11
129,979-2441804205,Sint vitae dicta nemo officiis,Kritika Mehta,Oxford University Press,Mathematics,7,6,2149.25
130,978-7009375158,Voluptatem eligendi eveniet magni,Urvi Singh,PHI Learning,Computer Science,1,0,3008.88
131,979-7896100658,Suscipit fugit enim occaecati corporis,Mohit Sharma,McGraw Hill,Reference,6,4,2112.0
132,979-6265710719,Odit unde in nostrum,Harish Roy,O'Reilly,Reference,6,3,3273.25
133,978-6700136984,Sed architecto cum dolorem et,Ishani Solanki,Springer,Mathematics,1,0,2186.01
134,979-7189819340,Quae non hic suscipit,Harshita Agarwal,Oxford University Press,Fiction,5,3,349.09
135,978-7490460456,Quibusdam maxime ipsum cumque sequi,Tarun Dubey,Wiley,Civil,4,4,1905.19
136,978-6570505123,Quas optio velit,Rajesh Das,Oxford University Press,Civil,3,3,492.37
137,979-3373872939,Distinctio id atque,Ananya Bose,Pearson,Chemistry,8,1,1739.14
138,979-2719866009,Molestias ad id quisquam assumenda ea,Chandni Chopra,Springer,Physics,3,1,2079.8
139,979-5137980052,Assumenda ut harum,Abhishek Kapoor,Wiley,Computer Science,5,1,2449.17
140,979-8511602072,Dolorum eligendi occaecati consectetur,Tanvi Tiwari,Wiley,Chemistry,3,0,2918.26
141,978-2529950278,Adipisci optio similique eveniet,Nikita Bhatia,Wiley,Civil,6,6,3320.91
142,979-3427636232,Iusto sit vel molestias consequatur veniam,Vivaan Prasad,Springer,Biography,7,0,3463.34
143,979-6116242928,Debitis nisi occaecati odio natus minima,Suresh Bhat,Oxford University Press,Computer Science,8,6,2151.9
144,979-5413815410,Est expedita molestiae rem ipsam facilis,Deepika Thakur,Oxford University Press,Chemistry,2,2,2275.09
145,979-6363266427,Culpa ab minima quis,Kavya Menon,Wiley,Mathematics,2,2,2111.65
146,979-7129320748,Exercitationem iusto ab,Prateek Trivedi,Wiley,Mechanical,4,3,3103.34
147,979-5021863291,Veniam labore ab inventore eos doloremque,Prateek Bhatia,Pearson,Physics,6,2,3460.9
148,978-2886129428,Molestias deleniti sunt,Rohan Mehta,Pearson,Reference,6,4,430.45
149,979-8429987834,Hic cum qui harum fugiat,Kritika Dutta,Pearson,Biography,2,1,2800.27
150,978-2382288248,Aspernatur numquam maxime reiciendis,Komal Kumar,Oxford University Press,Reference,3,2,353.09
151,978-8340513385,Rem placeat eligendi quia repellat impedit,Lavanya Gupta,Springer,Mechanical,1,1,2512.05
152,978-6443472901,Delectus enim odio,Oindrila Verma,O'Reilly,Reference,3,0,1532.94
153,979-8920599187,Iste praesentium laudantium eum corrupti voluptas,Priya Bose,Springer,Physics,5,2,1260.89
154,978-7490219750,Delectus aut eaque,Ashish Khanna,PHI Learning,Electronics,7,6,1229.78
155,978-4518487205,Quas doloremque corrupti laudantium exercitationem,Vidya Chandra,McGraw Hill,Mechanical,1,0,1949.06
156,979-2704266567,Ratione libero fuga possimus,Shubham Verma,Pearson,Mechanical,3,3,2809.82
157,979-5018509133,Ex sapiente veritatis,Pranav Joshi,McGraw Hill,Mathematics,3,0,580.77
158,979-2191392753,Eaque hic molestiae,Nikhil Khanna,Wiley,Mathematics,6,4,938.13
159,978-8743511244,Deleniti sapiente repellendus repudiandae,Ayaan Shah,PHI Learning,Reference,7,0,975.51
160,978-5553597057,Voluptate quaerat harum,Suresh Kapoor,PHI Learning,Reference,7,7,1699.23
161,979-2338308350,Doloribus voluptatum dicta quasi atque,Sakshi Shah,Oxford University Press,Civil,4,0,1449.08
162,978-2322942418,Labore placeat est eum,Ishani Sen,Wiley,Computer Science,1,0,2215.59
163,979-8882131334,Quas quia mollitia commodi laboriosam error facere,Tarun Kumar,McGraw Hill,Mechanical,2,2,3166.11
164,978-3586494925,Sint dolor beatae,Naveen Verma,Pearson,Management,1,0,3029.96
165,978-7601027939,Eveniet cumque eius blanditiis ratione,Yash Bansal,McGraw Hill,Biography,5,2,764.8
166,979-1689093974,Voluptas neque porro,Madhuri Khanna,O'Reilly,Physics,7,2,2793.29
167,978-8066246920,Culpa quo dolorum libero placeat excepturi,Arjun Verma,Pearson,Biography,2,0,2662.1
168,978-7094310548,Animi explicabo culpa modi autem laborum et,Oindrila Chandra,O'Reilly,Electronics,8,3,398.5
169,979-2684542018,Ratione quidem rem ipsa deserunt porro,Priya Sharma,O'Reilly,Fiction,3,1,2151.5
170,979-7229849556,Quam dolorum aliquam provident nam,Aarohi Tiwari,PHI Learning,Reference,2,2,1651.23
171,978-4128222153,Possimus deleniti delectus expedita quasi eius,Siddharth Rao,Pearson,Computer Science,4,1,610.67
172,978-7341431588,Totam mollitia architecto culpa eos ea,Nikita Bhat,Oxford University Press,Chemistry,6,2,2751.79
173,979-8325371428,Iste quod magni quasi sunt,Rajesh Yadav,O'Reilly,Biography,8,1,498.42
174,978-2084953480,Sequi quod dolores quam omnis molestiae,Arjun Nair,Springer,Fiction,7,3,3059.76
175,978-6510127393,Deleniti placeat quisquam culpa eligendi,Kritika Singh,Pearson,Electronics,1,1,691.13
176,978-6764675372,Odit beatae minima architecto saepe,Pari Trivedi,PHI Learning,Management,2,0,717.06
177,978-8058706876,Debitis adipisci autem,Karthik Nair,O'Reilly,Fiction,6,0,2302.48
178,978-1349616303,Atque necessitatibus saepe omnis,Aryan Menon,PHI Learning,Electronics,4,2,1269.71
179,979-7237662578,Numquam nihil aliquid dolore quaerat accusamus,Bhumi Nair,Oxford University Press,Physics,2,0,636.03
180,978-9648942242,Omnis unde rerum iusto,Harshita Sethi,Pearson,Chemistry,3,2,1948.58
181,978-3036742231,Facere quia tempora,Deepti Gupta,McGraw Hill,Management,1,0,1712.81
182,979-7574881860,Recusandae animi nulla minus quasi,Aparna Bhat,Pearson,Chemistry,7,0,2167.78
183,979-2266493321,Aspernatur dolor maxime aut,Meera Agarwal,PHI Learning,Mechanical,7,4,1996.49
184,979-3468006653,Minus deleniti minima dolorum,Ishita Pandey,Pearson,Computer Science,6,0,1913.89
185,979-8915202251,Veniam nam nam quia quisquam nemo perferendis,Kunal Sethi,Pearson,Physics,7,3,1804.42
186,978-8881407002,Sunt cumque debitis illo excepturi,Pari Malhotra,O'Reilly,Electronics,6,3,2305.92
187,979-1716480607,Modi nobis ut temporibus,Ira Chatterjee,Wiley,Mathematics,8,3,2417.84
188,979-2598066824,Voluptatibus eveniet fuga quisquam inventore quas,Pranav Rathore,Wiley,Management,5,4,1616.9
189,978-2092942328,Dolores molestias fugiat mollitia quia facere,Aadhya Verma,McGraw Hill,Chemistry,8,1,566.58
190,979-3413167773,Ipsum id quas voluptatem nisi,Megha Saxena,PHI Learning,Reference,3,2,2362.88
191,978-3391984816,Consequatur tempora ab voluptates dolor et,Vivaan Khanna,Springer,Physics,1,0,2771.77
192,979-6858580585,Ullam maiores necessitatibus nemo,Saurabh Bhatia,PHI Learning,Civil,8,7,472.3
193,978-1881980375,Alias explicabo consequuntur,Aditya Chatterjee,Pearson,Civil,8,0,2072.98
194,978-1220043865,Suscipit dolorum ducimus error necessitatibus,Pallavi Bhat,Wiley,Civil,1,0,3486.88
195,978-7653126356,Ullam quasi quam recusandae cupiditate repudiandae,Juhi Singh,Pearson,Biography,5,4,3218.71
196,978-5966435709,Reprehenderit atque odit alias repellat fugit,Ashish Pandey,PHI Learning,Reference,5,2,1788.64
197,978-6958463731,Ullam ex sunt,Nikhil Nair,Springer,Computer Science,8,4,318.52
198,978-7360806215,Impedit sint sit dolorem officiis,Rajesh Mukherjee,Wiley,Biography,3,3,1396.96
199,979-1418509714,Ut odio odio amet minima eum,Saurabh Patel,McGraw Hill,Civil,8,0,3298.81
200,978-7706363975,Corrupti magnam dolore amet quasi hic,Sai Dutta,Oxford University Press,Electronics,3,2,3084.4
201,979-9013380536,Quidem nemo at inventore ratione,Vivaan Thakur,Pearson,Mechanical,2,0,667.15
202,979-3353551391,Consequatur assumenda nemo,Shreya Sharma,McGraw Hill,Management,5,3,1262.86
203,979-7437548461,Molestias ea id,Om Solanki,PHI Learning,Computer Science,4,2,1861.86
204,979-2388900464,Quo consectetur consequatur nam laborum,Tarun Arora,Oxford University Press,Management,4,2,2983.7
205,978-4793369209,Deserunt nulla quasi doloribus asperiores quod,Om Malhotra,McGraw Hill,Mathematics,7,3,3218.76
206,978-1229746510,Placeat nemo beatae impedit facilis,Chirag Bhat,Springer,Management,3,1,1479.75
207,979-7667533702,Eum nisi ad esse,Kiran Bhatia,Wiley,Physics,3,0,1071.49
208,978-5318283579,Nulla voluptatibus ipsam corporis aliquid,Tarun Iyer,Pearson,Chemistry,8,1,2576.84
209,978-5314367687,Dicta fugiat quidem sequi,Rohit Chopra,PHI Learning,Biography,4,0,2936.59
210,978-8586062983,Qui doloribus numquam,Megha Bhatia,O'Reilly,Computer Science,6,3,3373.65
211,979-5076055193,Sit reprehenderit accusamus,Ananya Hegde,Oxford University Press,Management,2,0,1369.64
212,978-3078327544,Esse iusto ex,Vivaan Deshmukh,Springer,Reference,4,3,1752.99
213,978-3276141799,Distinctio molestias quibusdam molestias numquam voluptatibus,Sakshi Dutta,O'Reilly,Chemistry,4,3,2064.71
214,979-1979570134,Fugiat temporibus minima,Tanya Dubey,Springer,Civil,1,0,2136.68
215,978-9164574748,Cumque eligendi ratione nulla,Nikita Mukherjee,McGraw Hill,Electronics,1,0,2905.13
216,978-7766609696,Iure veniam architecto,Vivaan Mahajan,Pearson,Mechanical,4,0,580.04
217,978-9970606598,Optio totam facere autem,Ravi Iyer,McGraw Hill,Biography,7,1,329.77
218,978-9745417865,Sint officiis doloremque fugit,Chirag Malhotra,Springer,Chemistry,8,8,2512.4
219,979-6518194758,Temporibus laborum nisi,Varun Shinde,Springer,Reference,3,2,3194.52
220,978-3884390866,Delectus magnam itaque,Vikas Suri,Pearson,Civil,4,2,1830.81
221,979-5004943006,Aliquam ullam esse,Vikas Rao,Oxford University Press,Mathematics,3,3,1439.37
222,978-9823337293,Hic culpa expedita explicabo numquam doloremque,Shubham Bhatia,Springer,Mechanical,2,0,1541.86
223,978-4210383875,Eius aperiam ducimus harum voluptatum voluptatibus,Vidya Chatterjee,PHI Learning,Physics,3,2,3386.02
224,978-2724670697,Veniam dolorem exercitationem hic consequatur quas,Harish Shah,McGraw Hill,Mechanical,3,0,977.85
225,979-7503949702,Vero nostrum numquam dolorem dolores corrupti,Varun Pandey,PHI Learning,Reference,4,0,482.07
226,978-5146446872,Tenetur eveniet molestiae dignissimos,Prateek Kulkarni,Pearson,Electronics,5,1,1049.82
227,978-6816774731,Neque placeat dicta,Nikhil Rathore,Wiley,Physics,4,0,1455.13
228,978-5776401290,Est provident minima,Mohit Verma,Oxford University Press,Mechanical,3,1,427.48
229,978-5576049228,Inventore tenetur quo,Rahul Agarwal,McGraw Hill,Chemistry,8,5,3252.12
230,979-4790456745,Totam et nam veniam blanditiis et,Dhruv Gupta,Wiley,Electronics,5,5,611.43
231,979-4611384009,Quas quisquam sunt,Lavanya Ghosh,Oxford University Press,Biography,5,2,1163.41
232,979-3355719410,Vero esse quia reprehenderit odio,Priya Bose,O'Reilly,Mathematics,3,3,384.29
233,978-8872097488,Corrupti deleniti consectetur ad,Ajay Patel,Springer,Electronics,3,2,1128.68
234,979-4487125089,Nulla non nostrum nisi doloremque ad,Bhumi Reddy,Pearson,Management,7,6,3373.33
235,978-1892989245,Porro labore magnam,Jyoti Bhat,Wiley,Chemistry,3,2,3441.28
236,978-2546056415,Iusto officiis delectus harum labore cum,Deepika Malhotra,Springer,Biography,6,1,2895.55
237,978-2457901261,Adipisci quisquam accusamus earum,Naveen Deshmukh,Oxford University Press,Electronics,7,4,573.28
238,978-4710264145,Dolore perferendis dicta dignissimos debitis,Rajesh Suri,O'Reilly,Physics,8,5,1378.49
239,978-2884252339,Sint laudantium eveniet itaque doloribus,Falguni Singh,Springer,Electronics,6,0,1330.57
240,978-6613138137,Quod non repudiandae quam hic,Amit Yadav,PHI Learning,Physics,4,0,1386.76
241,978-7261016397,Nisi minima soluta ratione maxime iste,Rohit Banerjee,Pearson,Fiction,8,2,1797.5
242,978-9794073558,Soluta doloribus modi,Prateek Kapoor,McGraw Hill,Chemistry,1,0,1560.68
243,979-7093760054,Nam maiores occaecati,Simran Sinha,Oxford University Press,Electronics,1,0,1390.13
244,978-2151770038,Deleniti ipsa sunt,Chandni Gowda,Oxford University Press,Chemistry,6,3,1110.15
245,978-9386036524,Itaque in nostrum amet,Karthik Shah,McGraw Hill,Reference,8,4,1478.83
246,979-6379178454,Temporibus iure officia at magnam debitis,Ishaan Pillai,O'Reilly,Biography,4,2,310.33
247,978-5305267704,Vel possimus consequatur impedit iste debitis,Vikram Iyer,PHI Learning,Electronics,7,4,1381.81
248,978-8096321472,Tempore tempore sunt at eum officiis,Aryan Gowda,PHI Learning,Mechanical,8,2,1348.29
249,979-9789323068,Quaerat commodi beatae ipsum,Kiran Saxena,Springer,Mechanical,2,0,2531.98
250,979-4853960999,Assumenda provident quas voluptate nostrum,Aadhya Chatterjee,Pearson,Management,8,0,1529.53
251,979-1751747939,Fugiat fugit quisquam totam,Myra Thakur,McGraw Hill,Mechanical,7,5,877.79
252,978-8620057478,Sit sint cum corporis quisquam amet,Aditya Chauhan,O'Reilly,Computer Science,4,3,1372.94
253,979-9716628624,Est quisquam ipsum occaecati,Vinay Pillai,Springer,Mechanical,3,3,933.33
254,978-6363139248,Tempore vero a,Vihaan Mukherjee,Wiley,Reference,2,2,2286.81
255,979-6684626916,Accusamus libero libero rem,Rohan Mahajan,Wiley,Computer Science,2,1,1671.1
256,979-6090255832,Sunt dolores nihil labore illum aspernatur,Nitin Chopra,Oxford University Press,Chemistry,1,0,253.04
257,979-8760846866,Ab sunt eius occaecati reprehenderit dignissimos,Riya Desai,Pearson,Computer Science,1,1,1210.76
258,979-5841830894,Corporis officiis alias sequi,Ishita Jadhav,Springer,Computer Science,2,0,1645.74
259,979-5078204222,Saepe error ullam aliquid impedit debitis,Riya Yadav,Pearson,Mechanical,2,2,535.27
260,978-2410088734,Nostrum porro nisi ratione,Sanjay Saxena,PHI Learning,Mathematics,1,0,2066.34
261,978-6157037936,Vitae quibusdam facere alias,Vaishnavi Bhat,Pearson,Physics,1,1,1050.95
262,978-7468046334,Eum tempore reprehenderit quis,Anand Roy,Pearson,Electronics,7,7,1448.81
263,979-7236214702,Aperiam iusto commodi similique eveniet impedit,Aarohi Mishra,McGraw Hill,Mechanical,8,3,1061.81
264,978-8684624607,Possimus nostrum autem quas,Dhruv Mehta,PHI Learning,Physics,3,2,2799.86
265,978-8040799776,Minus assumenda quam non ratione provident incidunt,Megha Roy,Pearson,Management,4,2,700.69
266,979-7155106865,Ea nemo numquam unde nostrum,Deepak Mahajan,McGraw Hill,Mathematics,1,0,2414.87
267,979-3941434553,Maxime occaecati laudantium debitis non provident,Kiran Yadav,Oxford University Press,Physics,8,3,598.49
268,979-3545083168,A ad numquam blanditiis,Rohit Patel,Pearson,Fiction,1,0,2013.92
269,979-2415603361,Reiciendis voluptatum impedit ex,Prateek Iyer,Pearson,Physics,3,2,1024.71
270,978-9788538711,Rem distinctio odit porro ducimus architecto,Harish Pillai,McGraw Hill,Chemistry,7,0,995.09
271,978-5818490621,Magni eum ab placeat,Manoj Kulkarni,Springer,Physics,6,6,1292.97
272,979-8660459663,Id necessitatibus vero rerum deserunt,Ajay Jadhav,McGraw Hill,Civil,1,0,662.79
273,978-9932495244,Ullam laboriosam labore alias consequatur,Aditi Joshi,Springer,Fiction,8,0,2644.66
274,979-9213919328,Occaecati tempora modi,Manoj Malhotra,Springer,Management,6,0,3169.72
275,978-4232677375,Iure repellendus unde animi maxime,Meera Patil,McGraw Hill,Mathematics,1,1,1401.69
276,979-8509446279,Quam et modi dignissimos placeat reiciendis,Deepti Bhat,McGraw Hill,Reference,2,2,2183.11
277,979-6926427473,Architecto corrupti sapiente excepturi fugiat,Vihaan Dutta,Pearson,Computer Science,2,2,2687.2
278,978-8275061200,Sapiente necessitatibus harum nisi sint quibusdam,Mohit Chatterjee,Oxford University Press,Mathematics,3,3,1897.69
279,978-5110014292,Quae earum assumenda soluta fuga,Bhumi Menon,O'Reilly,Electronics,4,3,1149.93
280,978-7601723889,Dolor esse beatae quos,Aditya Pillai,PHI Learning,Physics,6,1,3314.19
281,979-6098728415,Totam ipsam ad laboriosam,Simran Nair,PHI Learning,Physics,8,4,1170.09
282,979-9948697124,Culpa excepturi laboriosam soluta est eveniet,Ravi Mehta,O'Reilly,Chemistry,1,0,996.66
283,978-7718601404,Reprehenderit vel perspiciatis,Anika Prasad,Oxford University Press,Reference,5,4,1283.46
284,978-5198943842,Dignissimos alias harum,Bhavya Roy,O'Reilly,Fiction,5,3,1906.1
285,978-9001196067,Blanditiis est aliquid sed sit ex,Esha Chandra,PHI Learning,Electronics,4,4,2249.5
286,979-6496452955,Aut quisquam quia,Garima Menon,McGraw Hill,Mathematics,8,0,3235.55
287,978-9890474398,Neque est tempora,Zara Dubey,Springer,Fiction,8,7,2724.82
288,978-9877224937,Dicta enim minus quo perferendis,Meera Mehta,O'Reilly,Electronics,3,2,1699.0
289,979-2114455050,Corrupti earum accusamus numquam,Manoj Mehta,O'Reilly,Mathematics,4,0,1268.28
290,979-3815875880,Aut molestiae molestias earum velit rem,Vihaan Bansal,O'Reilly,Management,6,6,2040.04
291,978-6862529076,Doloribus architecto nostrum excepturi ipsam consectetur,Ayaan Shah,McGraw Hill,Management,8,4,742.1
292,979-2171444785,Temporibus amet fugit assumenda hic provident,Pallavi Pandey,Springer,Fiction,5,2,2623.01
293,979-2302200320,Occaecati porro ipsum explicabo ex dicta,Ravi Shah,PHI Learning,Management,1,0,3226.81
294,979-9031668514,Aspernatur ullam quisquam necessitatibus at rem,Deepak Patel,Springer,Management,6,6,2934.14
295,978-7590601680,Atque est officia quisquam iusto,Tanvi Saxena,Springer,Mathematics,5,2,256.62
296,978-4808406067,Corporis tempore ducimus facilis,Deepti Sen,PHI Learning,Chemistry,8,7,1960.27
297,978-5151510043,Praesentium pariatur ratione sunt,Aarav Bhatia,Wiley,Management,6,6,1347.42
298,979-3969958878,Laborum aperiam beatae laboriosam sapiente,Aditi Kulkarni,McGraw Hill,Fiction,6,5,2457.01
299,978-3369750124,Quisquam non consectetur aut,Aditya Sinha,Oxford University Press,Civil,3,2,2934.28
300,979-8290013805,Eveniet officiis recusandae,Dev Reddy,O'Reilly,Mechanical,4,2,1062.86
301,979-3993904050,Itaque nihil dolores doloribus culpa laboriosam,Aniket Roy,O'Reilly,Civil,1,0,792.91
302,978-4769896821,Exercitationem repellendus nihil,Naveen Thakur,PHI Learning,Electronics,5,3,2568.74
303,979-5873842508,Necessitatibus exercitationem possimus cupiditate pariatur,Vikas Rao,PHI Learning,Fiction,5,0,2212.3
304,979-7986573510,Saepe beatae nisi eveniet atque ipsum,Saurabh Chakraborty,Pearson,Mathematics,5,3,381.6
305,979-2359865671,Veritatis architecto autem repellendus,Karthik Suri,PHI Learning,Management,3,3,3455.29
306,979-5875895203,Eveniet officia aperiam dolor consequuntur,Madhuri Hegde,McGraw Hill,Biography,4,1,2814.67
307,979-1164170678,Temporibus odio a corporis corrupti minus,Riya Chakraborty,Springer,Mathematics,2,0,326.6
308,978-3908108821,Nulla ipsum dignissimos soluta error,Sai Shinde,Oxford University Press,Physics,7,1,2685.74
309,979-1917531505,Ullam vel quaerat totam,Pooja Agarwal,O'Reilly,Computer Science,3,3,2871.49
310,979-5473390884,Nesciunt nostrum magni,Aakash Thakur,PHI Learning,Biography,8,4,3278.32
311,978-6439731720,Sequi aperiam tempore,Sneha Khanna,Oxford University Press,Reference,2,1,3128.3
312,978-3500232537,A nam voluptatem,Aakash Chandra,Oxford University Press,Reference,6,4,791.34
313,978-4884148799,Similique sint doloremque,Manoj Desai,McGraw Hill,Mathematics,2,2,1156.35
314,978-3863059356,Hic et fugit fugit molestias optio,Rahul Chatterjee,Oxford University Press,Electronics,5,3,3318.59
315,979-6825716167,Consequuntur nam sapiente facere impedit enim,Kritika Bansal,McGraw Hill,Electronics,6,4,518.16
316,978-6183478609,Consequatur asperiores accusamus,Sai Das,Wiley,Reference,5,2,951.19
317,979-7331368197,Omnis voluptate consequatur consequatur rem similique,Madhuri Mukherjee,PHI Learning,Mechanical,7,3,753.02
318,978-2452069698,Ut numquam iste incidunt reprehenderit harum,Aarav Gowda,PHI Learning,Physics,5,3,658.08
319,978-7736468790,Delectus non neque sed,Yash Chandra,O'Reilly,Reference,1,0,2269.04
320,978-3937169819,Quae earum unde nemo,Gauri Solanki,PHI Learning,Reference,3,0,2780.15
321,978-8030448332,Voluptatem necessitatibus provident,Komal Trivedi,Wiley,Civil,5,5,1398.95
322,978-6668808899,Neque vitae aspernatur,Aarav Dutta,Wiley,Physics,8,6,3284.72
323,979-1314247528,Voluptates voluptates quod iure aspernatur suscipit,Esha Desai,McGraw Hill,Management,2,2,1871.49
324,979-3318423368,Doloribus occaecati optio,Akash Chauhan,Oxford University Press,Electronics,5,1,2028.4
325,978-7345095352,Placeat molestiae neque,Krishna Kumar,Pearson,Biography,6,4,1359.56
326,978-4642510413,Amet exercitationem quod iusto maiores iusto,Oindrila Banerjee,O'Reilly,Physics,6,0,962.2
327,978-2145362972,In vero reiciendis enim alias,Harshita Roy,O'Reilly,Chemistry,4,2,469.59
328,979-5869221248,Quibusdam quas natus aperiam labore cumque,Nisha Nair,Pearson,Civil,6,1,1976.32
329,978-2237484169,Omnis eos qui,Radhika Singh,McGraw Hill,Fiction,3,2,290.7
330,978-5799994763,Enim assumenda magni,Ananya Saxena,Springer,Chemistry,8,6,2859.79
331,978-5963120976,Dolorum nulla eius ducimus,Shubham Nair,O'Reilly,Electronics,5,5,1263.91
332,979-1839333098,Nobis tenetur qui,Kartik Arora,PHI Learning,Physics,2,1,979.25
333,978-4915552429,Fuga cupiditate quos doloremque debitis,Ira Mishra,Springer,Physics,4,4,1260.06
334,978-3537732395,Similique exercitationem assumenda corporis ut culpa,Amit Das,Wiley,Reference,7,0,785.55
335,979-7208817675,Quidem impedit fugit optio quas cumque,Sandeep Patel,Wiley,Biography,5,4,3279.47
336,978-9174487035,Quasi exercitationem odit quidem blanditiis cumque,Amit Joshi,Wiley,Management,3,0,762.24
337,978-5713352901,Labore labore veniam ullam doloremque,Madhuri Chakraborty,Oxford University Press,Computer Science,1,0,872.67
338,978-1930961552,Labore corporis sit accusamus unde,Yash Roy,Oxford University Press,Biography,1,0,2452.26
339,978-3235489604,Fugit et minus veritatis atque,Akash Ghosh,O'Reilly,Computer Science,3,3,1786.62
340,979-8881789639,Odit vero inventore ullam similique ex,Nikita Roy,Springer,Management,3,0,433.15
341,979-8288497219,Rem ducimus nesciunt itaque,Siddharth Menon,Wiley,Biography,5,3,2773.35
342,979-1602141812,Quasi nihil deserunt excepturi,Lipika Iyer,Pearson,Reference,4,4,1495.87
343,979-6379229765,Et ab ab architecto,Aditi Sen,Oxford University Press,Mechanical,8,4,2536.38
344,979-2687203106,Atque aut ipsum dolor eligendi,Deepika Chakraborty,PHI Learning,Chemistry,6,6,3336.05
345,978-7188934361,Alias nulla animi nisi,Sanjay Desai,McGraw Hill,Computer Science,1,0,620.62
346,978-9258974499,Veniam odit provident blanditiis,Varun Singh,Oxford University Press,Biography,7,3,2573.99
347,979-9061019299,Consectetur omnis tempore necessitatibus voluptas tempore,Tanya Sinha,Springer,Physics,3,2,711.22
348,979-3552210186,Ducimus iure vel odit,Shreya Kulkarni,Oxford University Press,Chemistry,5,3,1394.52
349,978-1921949907,Quo porro pariatur quo,Megha Thakur,Pearson,Reference,2,1,3440.51
350,978-8786598836,Cum asperiores quod fugit,Sanjay Rathore,McGraw Hill,Mathematics,1,1,3195.7
351,978-5556044253,Voluptatum ducimus repellat debitis architecto,Aditya Khanna,McGraw Hill,Reference,2,2,2108.16
352,979-6451217525,Nostrum debitis laudantium corporis,Anjali Dubey,McGraw Hill,Fiction,8,5,1203.39
353,978-6735023228,Dolor officia totam quaerat aut,Om Kapoor,Springer,Electronics,5,4,2100.01
354,978-2631103628,Architecto quas quod,Dev Patel,PHI Learning,Reference,6,5,2541.46
355,978-9258816460,Tempore corrupti odit,Swati Malhotra,Springer,Biography,2,0,3070.27
356,979-9686471134,Optio eaque praesentium,Charu Tiwari,Pearson,Reference,8,3,2051.0
357,979-1074708292,Nemo maiores velit laudantium ipsa,Naveen Menon,Springer,Chemistry,6,6,1837.79
358,979-8884467408,Molestiae a veritatis,Karthik Dubey,PHI Learning,Mathematics,7,1,917.92
359,978-9523573846,Commodi modi voluptatibus ex esse animi,Karthik Mahajan,O'Reilly,Mathematics,2,1,328.34
360,978-4867077374,Facilis sequi excepturi,Tanya Thakur,PHI Learning,Management,5,1,1664.91
361,979-6236447722,Quis enim dicta mollitia voluptas,Gaurav Saxena,Springer,Chemistry,5,1,3451.59
362,978-2102763746,Error harum autem porro,Vikram Arora,McGraw Hill,Mathematics,1,1,3422.3
363,978-8313336871,Assumenda odio quasi consequuntur deserunt quaerat,Karthik Hegde,Oxford University Press,Management,5,4,415.43
364,979-8081429862,Dolores harum recusandae officia libero vitae,Ankit Sharma,McGraw Hill,Computer Science,4,2,2522.79
365,979-2416726749,Vitae accusamus excepturi excepturi quam,Ishaan Menon,PHI Learning,Chemistry,7,5,1495.57
366,978-9591682721,Blanditiis rem pariatur itaque perspiciatis,Rohit Saxena,PHI Learning,Chemistry,2,2,357.84
367,979-4695826753,Corrupti neque unde alias consequuntur officiis,Akash Desai,Oxford University Press,Management,1,1,1684.82
368,978-7956531557,Tenetur nulla doloribus officiis accusamus odio,Simran Sen,PHI Learning,Management,6,2,1655.63
369,979-5246119685,Reprehenderit atque nostrum saepe,Tanya Malhotra,PHI Learning,Management,4,3,1546.23
370,978-1074069556,Repellendus autem libero,Charu Mehta,Pearson,Computer Science,5,4,997.08
371,979-2974272451,Dolore rem incidunt repellat voluptatem perspiciatis,Urvi Prasad,McGraw Hill,Biography,7,1,693.61
372,978-6623206802,Blanditiis placeat molestias eum vitae,Vivaan Sen,McGraw Hill,Civil,2,1,2271.1
373,979-1668651645,Quisquam nihil excepturi blanditiis,Nikita Suri,Oxford University Press,Fiction,4,3,3229.2
374,978-2113226870,Quidem cumque fuga,Simran Mukherjee,Springer,Civil,2,2,2133.89
375,979-6955741319,Ipsa unde aliquam aut,Amit Suri,O'Reilly,Management,7,7,3051.54
376,978-2558562373,Nostrum quod accusamus laborum ab debitis at,Saanvi Chopra,Pearson,Biography,3,1,3233.48
377,979-9107317148,Suscipit impedit rem quo possimus dignissimos,Gaurav Dutta,Pearson,Mechanical,7,2,2357.38
378,978-2291513319,Minima illum vel nostrum,Ishani Arora,McGraw Hill,Mechanical,4,2,2707.14
379,978-8690724270,Nisi quaerat nostrum,Ananya Rathore,Springer,Chemistry,7,0,1494.39
380,979-7887135580,Occaecati quos expedita,Juhi Agarwal,O'Reilly,Computer Science,7,7,817.99
381,978-6852979240,Nam deleniti voluptates,Ananya Reddy,McGraw Hill,Chemistry,6,2,255.47
382,979-1220417793,Nulla sint voluptates,Rajesh Kulkarni,McGraw Hill,Mathematics,6,0,538.98
383,979-4604612358,Dolor quo omnis eius deserunt recusandae,Shubham Pillai,Wiley,Civil,7,0,378.18
384,979-2171374486,Libero cum ullam amet facilis distinctio,Harish Ghosh,Wiley,Mechanical,3,1,2769.59
385,979-7069718037,Ex rem quis aliquam,Ira Pillai,Oxford University Press,Physics,8,4,1698.4
386,978-6053435066,Unde debitis quos,Kartik Shinde,Wiley,Electronics,6,1,2828.05
387,978-2555085190,Maiores architecto doloremque ipsam neque in,Meera Chakraborty,McGraw Hill,Fiction,4,0,2649.69
388,979-6101726789,Dolorem beatae dolorem dolores impedit,Sakshi Iyer,O'Reilly,Fiction,6,4,562.23
389,979-7627969338,Fugiat dolore iusto laborum,Rahul Chatterjee,Wiley,Computer Science,6,2,3392.21
390,978-7200081176,Corporis unde iste harum consequatur,Falguni Pillai,Wiley,Physics,7,3,3166.66
391,978-5828853242,Odio voluptate dicta consectetur,Jatin Arora,Springer,Physics,2,1,3147.7
392,978-6295275283,Animi consequatur sequi itaque cupiditate exercitationem,Anika Gupta,Oxford University Press,Computer Science,8,2,1621.32
393,978-9783754473,Nobis ratione odit nostrum,Saanvi Nair,Oxford University Press,Reference,5,2,1996.28
394,979-3789790941,Neque mollitia dolorem illum,Charu Reddy,PHI Learning,Mathematics,8,2,1006.16
395,978-7805886723,Laudantium voluptatum nihil saepe eius quas,Vaishnavi Bose,Pearson,Electronics,1,0,2912.64
396,978-9037617328,Dolorum ipsa dolore unde,Yamini Khanna,Pearson,Mechanical,1,1,2678.43
397,978-4037491978,Totam tempore in,Aditya Malhotra,Springer,Reference,2,2,2503.31
398,978-3578187775,Aliquam iusto quisquam,Riya Dutta,Pearson,Reference,5,4,1447.03
399,978-5994708343,Incidunt hic repellat,Rahul Joshi,Pearson,Reference,5,2,645.68
400,978-4599216928,Iste dolores nam,Kavya Pillai,Pearson,Management,6,4,1954.23
401,979-7116074137,Possimus illum dolor,Kartik Jadhav,Pearson,Mathematics,3,0,394.94
402,979-4754958932,Eos officia at laboriosam esse,Juhi Naik,Oxford University Press,Civil,7,5,1000.87
403,978-5744395117,Similique quibusdam ad iste quo,Lavanya Bansal,O'Reilly,Electronics,4,0,2279.43
404,978-6340361871,Delectus sit occaecati provident a,Aditya Solanki,Oxford University Press,Reference,5,4,2536.69
405,979-9905345677,Architecto tempora ex adipisci incidunt earum veniam,Chirag Bose,PHI Learning,Management,1,0,1961.42
406,979-2541947747,Nemo dignissimos placeat nulla excepturi ut,Chirag Ghosh,Springer,Management,5,5,2830.31
407,978-6333475070,Veniam perferendis suscipit beatae facilis nulla,Manish Sinha,Wiley,Management,5,2,2708.43
408,979-2349397567,Facilis officia provident natus quo,Charu Mishra,PHI Learning,Civil,4,1,646.44
409,978-5111912293,Voluptatem dolores beatae,Vaishnavi Shinde,Wiley,Chemistry,3,3,3012.62
410,978-2887099343,Qui quibusdam sit praesentium quidem quis,Anand Chandra,PHI Learning,Computer Science,5,5,555.78
411,978-4298950066,Explicabo eaque perspiciatis eius aperiam,Priya Prasad,Wiley,Electronics,6,1,886.67
412,978-2900838320,Iste magnam repudiandae iusto minus,Anika Gupta,Pearson,Management,1,1,2340.06
413,978-6442026719,Tempore iste fuga perferendis possimus voluptatem,Manish Hegde,O'Reilly,Biography,2,1,442.56
414,979-9471219002,Deleniti sunt assumenda,Jyoti Mishra,PHI Learning,Mechanical,4,0,798.81
415,979-6100385648,Tempore enim vero autem eius,Sandeep Rao,Oxford University Press,Management,3,3,2828.61
416,979-9228689684,Libero soluta maxime,Aakash Gowda,Oxford University Press,Physics,6,2,3076.47
417,978-2633648122,Ad impedit placeat ut labore in qui,Urvi Verma,Springer,Management,8,3,2401.15
418,978-9475988674,Eos aperiam sit,Anand Saxena,Wiley,Electronics,6,6,1981.63
419,979-6097215799,Rerum maxime excepturi neque,Charu Jadhav,O'Reilly,Management,6,5,1683.15
420,979-4819285459,Laborum pariatur minus molestias itaque,Saurabh Solanki,Wiley,Reference,2,0,3089.86
421,979-9928225263,Consequatur ratione cupiditate ea laborum voluptas,Vidya Patil,McGraw Hill,Civil,1,1,933.76
422,979-2246722152,Corporis eligendi vero,Amit Trivedi,O'Reilly,Reference,6,1,634.23
423,979-9390979074,Unde quae eligendi voluptate saepe possimus,Namrata Nair,Wiley,Chemistry,6,1,2624.28
424,979-9969613822,Cum blanditiis voluptatibus,Aarav Bansal,Wiley,Fiction,4,0,1834.72
425,979-7314892025,Consectetur ea delectus natus alias et,Gopal Iyer,O'Reilly,Electronics,4,1,919.3
426,978-1054592839,Corporis ipsum voluptate modi commodi,Anjali Prasad,Springer,Civil,1,1,1094.93
427,978-6605359685,Illo libero corporis,Tanya Bhatia,PHI Learning,Civil,1,0,1797.82
428,979-9171789691,Unde culpa voluptas molestias magni,Aarohi Malhotra,McGraw Hill,Mechanical,1,0,3285.22
429,978-4476077298,Labore enim velit voluptatem,Zara Chauhan,Wiley,Physics,1,0,2650.31
430,978-7504149989,Pariatur reiciendis quas ullam excepturi beatae,Ishita Suri,Oxford University Press,Chemistry,1,1,2489.87
431,979-9113604586,Tempore consequuntur mollitia est illo sapiente,Juhi Saxena,PHI Learning,Biography,7,0,1016.96
432,979-1552319160,Facere eveniet non deserunt minima,Ajay Bhat,O'Reilly,Mathematics,7,2,1512.69
433,979-2870906471,Deserunt assumenda sed perspiciatis,Ananya Rathore,Oxford University Press,Reference,1,0,2120.02
434,978-3878489464,Voluptate hic laudantium,Priya Deshmukh,Wiley,Chemistry,6,5,1458.93
435,978-2211323416,Non velit tenetur facere corporis sequi,Vivaan Chakraborty,O'Reilly,Mathematics,6,5,384.59
436,979-3095297677,Harum accusamus exercitationem est ipsum,Nisha Reddy,Oxford University Press,Reference,4,3,1672.51
437,979-3798936829,Assumenda quas ipsam voluptatibus rem enim,Om Sinha,Springer,Computer Science,2,0,1443.15
438,978-6715044128,Quas impedit saepe nisi corporis,Megha Saxena,Oxford University Press,Civil,5,3,1045.72
439,978-2562224267,Labore sint voluptates architecto,Falguni Saxena,PHI Learning,Mechanical,6,3,2641.62
440,978-4153286050,Quidem at illum totam impedit nam,Karthik Verma,O'Reilly,Fiction,2,2,3445.81
441,978-6507563229,Quidem consequatur delectus fugit mollitia aliquam,Madhuri Shinde,Oxford University Press,Chemistry,1,0,1212.74
442,979-6944048446,Rerum esse nam iure,Arjun Gowda,Oxford University Press,Management,7,1,2461.78
443,978-8623064302,Recusandae culpa error,Aarohi Saxena,McGraw Hill,Mechanical,6,5,2058.52
444,978-9327273559,Commodi pariatur enim debitis tenetur officia,Saurabh Agarwal,O'Reilly,Mechanical,1,0,2494.19
445,979-5265839781,Blanditiis eius voluptatibus,Aditi Iyer,McGraw Hill,Physics,1,0,2331.11
446,979-4416981378,Nisi facere laboriosam,Sameer Verma,Oxford University Press,Computer Science,5,4,791.15
447,979-5998831780,Sit occaecati labore possimus blanditiis,Gopal Mehta,Oxford University Press,Electronics,1,1,3044.14
448,978-8809342386,Quasi accusantium ea neque corporis itaque,Garima Bhat,PHI Learning,Management,4,2,2610.4
449,978-6301057097,Facere amet facere,Vaishnavi Prasad,Wiley,Management,1,0,2866.22
450,979-7059254114,Aliquid eos odit asperiores deserunt,Esha Chatterjee,Springer,Biography,3,3,2234.77
451,979-5432169822,Delectus atque quibusdam molestiae sit repudiandae placeat,Kiran Bhatia,Pearson,Chemistry,6,5,2336.14
452,979-3087599882,Earum praesentium facere modi,Vihaan Chopra,O'Reilly,Fiction,4,2,1925.93
453,979-2259556600,Reprehenderit accusamus maxime fuga laborum,Pranav Shah,Pearson,Reference,6,4,576.63
454,979-8590393939,Ullam cum dolor magnam rerum,Shubham Sinha,Springer,Electronics,8,6,3455.92
455,979-6795221009,Nostrum rerum minima minus mollitia quidem,Diya Chatterjee,Pearson,Mathematics,4,1,2766.53
456,978-2881943874,Impedit totam blanditiis,Ira Agarwal,Springer,Electronics,1,0,520.4
457,979-4325095147,Unde laboriosam est,Kiran Dutta,Pearson,Electronics,1,1,517.96
458,978-6669223847,Consequuntur ipsam voluptates minima voluptas,Aryan Kumar,PHI Learning,Physics,5,4,1098.32
459,979-7139990232,Quae adipisci repellendus dolore,Kunal Thakur,PHI Learning,Fiction,7,6,496.51
460,978-3894000176,Porro esse distinctio,Siddharth Chopra,Wiley,Mathematics,4,4,898.18
461,979-4495674824,Incidunt quis beatae,Anjali Arora,Pearson,Physics,1,1,2613.29
462,979-6414924220,Quo quidem aliquam,Aparna Kapoor,Wiley,Computer Science,7,1,2983.26
463,978-9290775036,Adipisci optio nihil,Ananya Chakraborty,Wiley,Management,8,2,3148.88
464,978-4477822487,Blanditiis ducimus architecto pariatur quidem quos,Vihaan Mishra,Pearson,Chemistry,7,2,2280.98
465,979-9840821287,Dignissimos temporibus delectus expedita at sapiente,Kartik Kapoor,Wiley,Physics,1,0,1723.24
466,978-1262852576,Veniam expedita cum magnam,Falguni Saxena,O'Reilly,Mathematics,8,1,3451.43
467,979-2186469685,Doloribus necessitatibus aut neque accusamus dolor,Pranav Sen,Oxford University Press,Civil,8,0,3438.69
468,979-2156620985,Vitae cupiditate quidem a,Nikita Dubey,O'Reilly,Mathematics,2,2,3447.51
469,978-9606388923,Unde ullam sed,Shreya Banerjee,Wiley,Computer Science,7,1,2211.91
470,978-1072452391,Facilis nihil ipsam vero debitis explicabo,Manoj Suri,PHI Learning,Fiction,5,2,977.35
471,979-7595154836,Incidunt maiores illum quis et,Myra Rathore,PHI Learning,Mathematics,1,1,623.2
472,979-9270355728,Beatae consequatur quis provident nam,Sameer Joshi,PHI Learning,Civil,2,2,2164.7
473,978-2926172529,Aspernatur laudantium harum,Manoj Pillai,Pearson,Physics,1,1,561.54
474,978-8739260287,Nobis est voluptate ipsam mollitia,Sandeep Joshi,Springer,Mathematics,6,5,2858.83
475,978-4374585394,Voluptates incidunt sequi tempora,Isha Mukherjee,Wiley,Mathematics,6,1,947.6
476,978-7684077304,Vel facilis accusamus perferendis perferendis id,Ajay Malhotra,PHI Learning,Chemistry,1,1,2752.61
477,979-9622927207,Omnis assumenda corporis id nihil aut,Komal Mishra,Wiley,Physics,2,1,265.32
478,978-3925597130,Aperiam voluptate excepturi nisi,Yamini Yadav,Springer,Biography,7,2,1726.94
479,978-8089552050,Commodi saepe quam eius quae,Deepika Pandey,O'Reilly,Chemistry,5,4,2074.16
480,978-5909737427,Nisi quidem reiciendis velit explicabo pariatur,Bhumi Verma,Oxford University Press,Fiction,2,0,2776.22
481,978-9640780143,Voluptates maiores corporis iste commodi,Falguni Kapoor,McGraw Hill,Reference,5,1,1525.31
482,978-8392534983,Libero occaecati consequatur aut amet architecto,Manoj Rao,Pearson,Electronics,5,5,1748.68
483,979-2075324077,Voluptas fugit perspiciatis,Sanjay Shah,Springer,Management,7,2,2622.31
484,978-9971866128,Esse numquam quis,Aakash Thakur,Springer,Mechanical,5,2,1875.37
485,978-7153879547,Quisquam recusandae dicta optio laudantium ea,Om Sharma,Pearson,Chemistry,2,2,935.92
486,978-3404428622,Repellat molestiae accusantium quisquam voluptatibus,Chandni Iyer,Springer,Management,4,2,1466.58
487,979-1371910188,Fugit et fugiat,Ishani Kumar,Pearson,Computer Science,2,0,846.68
488,979-5425786775,Alias debitis optio quod suscipit,Dev Yadav,Springer,Electronics,3,3,3238.34
489,979-1060494523,Laudantium consequatur quaerat laborum,Deepika Dubey,PHI Learning,Civil,1,0,2551.77
490,978-4700399832,Necessitatibus laudantium mollitia,Anika Sharma,Oxford University Press,Computer Science,4,3,2171.11
491,979-2442271112,Nemo labore sequi magni hic libero,Esha Sinha,Wiley,Chemistry,1,1,1346.78
492,978-3314654987,Nulla explicabo voluptate eum adipisci,Ishita Mehta,McGraw Hill,Physics,2,0,2242.63
493,978-3165639754,Consectetur facilis repellat,Pranav Menon,Pearson,Computer Science,2,1,2874.4
494,978-5018601014,Ad tempora exercitationem atque exercitationem facere,Pranav Sharma,Oxford University Press,Chemistry,1,0,670.33
495,979-4965755937,Animi doloribus doloremque est assumenda,Myra Khanna,PHI Learning,Biography,8,2,2302.88
496,979-6993273595,Sit beatae cumque,Garima Pandey,Wiley,Reference,1,1,1212.68
497,978-1031472493,Eveniet itaque sint necessitatibus temporibus eaque,Manish Mahajan,Wiley,Reference,4,4,3075.08
498,978-4632219414,Nihil voluptates fugiat hic nemo repellat,Jatin Sinha,O'Reilly,Fiction,3,2,2521.63
499,978-2927648885,Porro dignissimos libero,Isha Gowda,PHI Learning,Reference,8,4,1132.59
500,979-1299883394,Cumque error voluptas dicta odio,Om Das,McGraw Hill,Reference,2,0,2824.87
501,979-5040827560,Saepe modi enim,Rohit Mishra,Wiley,Mechanical,6,2,729.64
502,979-6467858188,Error nemo rem,Siddharth Tiwari,Pearson,Mathematics,8,4,1710.53
503,978-1541735787,Quia at sapiente atque excepturi architecto,Meera Saxena,PHI Learning,Computer Science,6,3,1306.02
504,979-3194090789,Labore distinctio recusandae officiis error rem,Anika Khanna,Wiley,Computer Science,7,1,2101.8
505,978-9911202650,Optio et impedit dolorum maiores,Isha Mehta,O'Reilly,Computer Science,2,1,3008.01
506,979-8633080631,Debitis accusantium provident sint nemo distinctio,Naveen Dubey,Pearson,Fiction,6,6,1361.63
507,979-3750612095,Eaque odit repellat sequi tenetur,Urvi Bose,Pearson,Electronics,4,2,3446.99
508,978-4763740265,Quas animi dicta iure dolores quia,Lipika Verma,McGraw Hill,Physics,1,1,1932.06
509,979-8031921734,Sapiente illum similique tenetur,Priya Solanki,O'Reilly,Physics,7,6,3187.09
510,979-5016292986,Sapiente eaque enim cum,Chandni Das,O'Reilly,Physics,2,2,1977.5
511,979-6062423265,Doloremque dolores corrupti adipisci reiciendis est,Pooja Pillai,Oxford University Press,Physics,4,0,785.45
512,979-2052092204,Nam ipsa officia alias cum consequatur,Aditi Agarwal,Springer,Electronics,2,0,1855.74
513,979-6129654366,Ratione eius mollitia officia,Anand Patil,Springer,Chemistry,5,2,2109.24
514,978-3611877985,Vitae laborum accusantium,Anika Naik,McGraw Hill,Biography,2,1,950.88
515,978-1298530951,Et error aperiam,Nisha Prasad,O'Reilly,Reference,8,8,3470.49
516,979-5078852905,Tempore perferendis suscipit id saepe,Ayaan Arora,Wiley,Civil,7,7,291.33
517,979-1760593731,Doloremque necessitatibus magnam,Aditya Suri,Springer,Chemistry,3,2,2794.38
518,979-3704632418,Maxime repudiandae veniam,Karthik Joshi,Pearson,Management,4,4,267.26
519,979-8177693306,Dolorum sunt dolores commodi rem eveniet,Anika Rao,Pearson,Electronics,4,2,3493.21
520,979-8309596426,Qui rem quia vel dolor autem,Sneha Mahajan,Wiley,Civil,5,0,286.57
521,979-6754912799,Voluptas ipsa ducimus nihil,Vivaan Trivedi,PHI Learning,Reference,7,4,1812.01
522,978-6974496464,Modi praesentium beatae molestias labore doloribus,Naveen Singh,O'Reilly,Fiction,2,2,683.97
523,978-2961894739,Sunt vel facilis quaerat,Riya Rao,Springer,Management,6,5,362.51
524,978-8123321872,Accusantium vitae non sapiente,Varun Banerjee,O'Reilly,Mechanical,1,1,1581.56
525,978-6804910436,Porro ratione dolores,Diya Joshi,PHI Learning,Reference,2,1,2695.08
526,978-5459315245,Harum odit praesentium temporibus placeat modi,Anika Desai,Springer,Biography,2,1,2601.96
527,979-1368411962,Similique harum tenetur hic,Charu Yadav,PHI Learning,Physics,1,0,3201.87
528,978-7296009414,Error vel quidem error,Gopal Iyer,Wiley,Mechanical,4,1,328.61
529,978-1546853084,Totam occaecati sunt quisquam,Harish Iyer,O'Reilly,Fiction,6,2,2898.19
530,978-2847502058,Ratione earum aspernatur quod laudantium,Shreya Rathore,Springer,Biography,5,0,1287.14
531,979-3183619432,Unde ex in ullam aut,Rohit Mahajan,PHI Learning,Mechanical,3,0,3264.13
532,978-1374674316,Praesentium magni explicabo nobis,Abhishek Khanna,McGraw Hill,Physics,1,1,2881.41
533,978-5175073326,Qui iste ad amet odit occaecati,Oindrila Gupta,Springer,Mathematics,4,2,1918.87
534,979-4066402294,A dicta esse,Gaurav Sen,O'Reilly,Electronics,1,0,2761.09
535,979-1088812971,Aspernatur culpa maiores voluptas rerum quis,Aarohi Tiwari,PHI Learning,Management,8,0,790.99
536,979-8727471861,Placeat recusandae eum laboriosam quasi ea,Pranav Malhotra,Pearson,Mechanical,6,2,977.99
537,979-6067561893,Repudiandae reiciendis dicta impedit delectus soluta,Neha Naik,PHI Learning,Physics,8,6,2567.94
538,978-9386073426,Dolore veniam unde officia occaecati tenetur,Nikita Kumar,PHI Learning,Fiction,4,2,411.21
539,978-8529352963,Dicta praesentium cumque id inventore,Simran Rao,O'Reilly,Fiction,2,1,1012.97
540,978-7163517906,Corrupti vero cumque necessitatibus,Oindrila Trivedi,Pearson,Biography,8,5,2786.27
541,979-3588951707,Quaerat ipsa ullam,Sameer Trivedi,PHI Learning,Management,8,7,1456.57
542,978-1072234854,Repudiandae laudantium dolore dicta veniam,Abhishek Khanna,Pearson,Civil,4,0,694.99
543,978-2262084347,Enim laudantium consectetur sequi,Radhika Dutta,O'Reilly,Mechanical,2,0,2266.34
544,978-8851696275,Dolor reprehenderit quas deleniti debitis recusandae,Sameer Patel,Pearson,Computer Science,8,3,870.39
545,979-4932680012,Enim ea nulla,Ravi Chopra,PHI Learning,Computer Science,1,0,1120.62
546,979-6087633994,Fuga placeat itaque ab,Akash Yadav,O'Reilly,Management,6,0,1438.86
547,978-9384489833,Sit voluptate id,Bhavya Khanna,Springer,Reference,2,1,3319.17
548,979-7759293419,Quae provident quasi ducimus,Ishaan Banerjee,Oxford University Press,Civil,5,4,3402.97
549,978-2023189348,Nam amet ut,Jatin Dutta,O'Reilly,Biography,3,1,3298.26
550,978-8908134969,Tenetur voluptatum vel voluptas nisi quibusdam,Ajay Dutta,Springer,Electronics,7,4,2800.6
551,979-6359010722,A magnam fugit,Aakash Tiwari,Pearson,Civil,1,0,1380.29
552,979-7960185733,Perferendis consequatur tempora aliquam debitis,Pallavi Agarwal,McGraw Hill,Civil,1,0,2216.33
553,978-4798059963,Magnam ut soluta consequatur,Ishani Mahajan,PHI Learning,Chemistry,2,1,494.13
554,978-8778312311,Quae inventore ea et voluptatem,Aakash Hegde,Springer,Mathematics,8,8,3146.4
555,979-3042224508,Sit rerum quibusdam unde eligendi soluta,Vikas Bhat,PHI Learning,Civil,8,1,3484.48
556,978-5263938169,Repudiandae unde maxime ipsa cumque qui,Meera Patil,McGraw Hill,Biography,3,2,758.04
557,978-9785322292,Quis corrupti sequi omnis reiciendis amet,Lipika Suri,O'Reilly,Mechanical,4,0,1632.27
558,979-3606211088,Amet delectus iusto,Manish Sinha,Oxford University Press,Management,6,2,2500.97
559,978-6251282550,Provident ipsa voluptatum unde,Jatin Saxena,Oxford University Press,Civil,7,7,291.34
560,978-1922891951,Ipsam voluptates natus,Bhavya Bansal,Springer,Computer Science,5,0,3008.67
561,978-4158981387,Laudantium sapiente sint commodi atque,Prateek Chatterjee,Wiley,Management,3,1,1198.73
562,979-7478010738,Debitis cumque magni earum,Divya Tiwari,McGraw Hill,Computer Science,8,6,1189.58
563,979-7288228308,Distinctio voluptatum a quisquam debitis ullam,Kavya Sethi,Wiley,Electronics,3,1,2849.51
564,979-5953740360,Quisquam perspiciatis suscipit ad,Vinay Rao,Oxford University Press,Chemistry,4,1,2424.62
565,978-9103102738,Hic nihil veritatis,Kartik Gowda,McGraw Hill,Computer Science,2,0,1643.49
566,978-4995823565,Corrupti aspernatur rerum optio iste,Vinay Thakur,Springer,Reference,8,0,3072.93
567,978-8845596214,Nisi ab voluptas omnis,Namrata Bose,Springer,Civil,7,6,3367.14
568,979-1326262357,Eveniet quasi quasi vero necessitatibus,Gaurav Shinde,Springer,Fiction,4,2,2738.66
569,978-1250743856,Sint reiciendis eligendi reiciendis,Vaishnavi Nair,PHI Learning,Mechanical,2,1,2538.82
570,979-3031840847,Molestias nobis at,Aakash Ghosh,Oxford University Press,Electronics,4,0,413.73
571,978-5226725810,Debitis vitae sint at,Kritika Mehta,Springer,Biography,1,0,2573.23
572,979-2694883728,Cum quod eligendi quibusdam,Sanjay Gupta,McGraw Hill,Fiction,6,2,3468.22
573,978-8244072689,Blanditiis laudantium inventore,Amit Verma,Oxford University Press,Mathematics,6,5,2102.73
574,979-2645823273,Temporibus nobis facere atque,Myra Kapoor,Oxford University Press,Civil,1,0,1085.35
575,979-6056737638,Maiores laudantium suscipit labore natus,Abhishek Tiwari,Oxford University Press,Mathematics,8,4,1017.22
576,978-2907759727,At in fuga delectus occaecati,Prateek Tiwari,Wiley,Physics,1,0,715.5
577,978-8029799630,Aliquam exercitationem iure,Saurabh Verma,McGraw Hill,Management,5,0,647.58
578,979-1623579433,Officia quae ut minima,Ayaan Arora,Wiley,Fiction,6,1,322.03
579,978-2873578421,Assumenda iusto aspernatur reiciendis error voluptates,Vinay Sethi,PHI Learning,Management,5,3,1050.6
580,979-1283136160,Sapiente minima eos aliquid,Bhavya Iyer,Oxford University Press,Computer Science,8,5,3336.66
581,979-9856604552,Totam maiores magni,Jatin Rathore,McGraw Hill,Fiction,6,0,2529.97
582,978-8564470448,Atque optio necessitatibus ducimus ducimus,Swati Shinde,Oxford University Press,Electronics,1,1,1597.88
583,979-5661799075,Quisquam accusamus qui,Vivaan Sharma,Oxford University Press,Physics,1,1,3097.41
584,979-7085586531,Debitis delectus hic assumenda soluta,Aparna Thakur,Springer,Mechanical,8,2,816.33
585,979-4325925786,Et quam quidem ipsum,Kritika Agarwal,Springer,Fiction,5,3,1655.23
586,979-4399941984,Exercitationem ullam repellat distinctio,Krishna Hegde,Pearson,Reference,2,2,2006.68
587,978-3412592872,Quia nobis sit,Aadhya Chopra,McGraw Hill,Electronics,4,2,3342.94
588,979-8746484493,Inventore accusantium hic,Kartik Solanki,Pearson,Electronics,7,7,301.77
589,978-8078825534,Cupiditate labore porro,Aditi Pillai,Oxford University Press,Reference,8,1,420.39
590,979-9403573784,Quas esse repellat nulla porro vitae,Namrata Chauhan,Pearson,Computer Science,7,7,2990.23
591,978-4768611189,Rem assumenda consequatur deleniti repellendus,Amit Saxena,O'Reilly,Physics,5,1,2755.07
592,979-6076615280,Similique distinctio officiis officiis,Aniket Kapoor,O'Reilly,Mechanical,3,3,2351.08
593,978-6743090228,Sapiente similique molestiae assumenda quo,Rahul Shah,Springer,Fiction,7,0,2902.44
594,978-5948958873,Labore accusantium cumque,Bhavya Joshi,McGraw Hill,Reference,5,1,2476.34
595,978-4520303534,Qui ipsum laborum,Ishani Thakur,PHI Learning,Fiction,4,4,595.45
596,978-3537338011,Similique nesciunt dicta,Meera Gupta,McGraw Hill,Civil,6,1,2774.24
597,978-8638718344,Repudiandae hic ex aut sed inventore,Rohit Agarwal,Springer,Civil,4,4,1463.05
598,978-3458541253,Sed qui nisi mollitia enim,Harsh Malhotra,Oxford University Press,Mechanical,3,2,584.3
599,979-5756240531,Id maiores quam vel temporibus sint,Aniket Nair,Springer,Civil,2,0,849.4
600,978-7747720145,Quaerat minus in et,Vidya Sethi,PHI Learning,Civil,3,1,486.32
601,979-6006647803,Eaque officia suscipit,Prateek Nair,Oxford University Press,Mathematics,2,1,718.73
602,979-3309483766,Libero vel expedita,Saurabh Desai,Wiley,Management,1,1,553.25
603,979-6092401601,Accusantium enim deleniti exercitationem doloremque,Yash Kumar,Wiley,Electronics,3,1,2549.02
604,978-7820213382,Nesciunt placeat ullam sequi,Kartik Kulkarni,Springer,Mathematics,5,2,1190.08
605,978-1036440785,Consectetur eos quae vero rerum,Manish Kapoor,Oxford University Press,Mathematics,3,3,673.47
606,978-8879197622,Recusandae reiciendis sapiente numquam eligendi,Deepak Desai,O'Reilly,Fiction,2,1,654.57
607,979-6854826273,Pariatur consectetur dicta,Ashish Kapoor,Oxford University Press,Management,3,0,2079.3
608,979-1038406041,Laudantium recusandae velit laudantium doloremque nam,Shubham Dubey,McGraw Hill,Mechanical,5,4,990.76
609,978-5685874074,Facere ea perspiciatis,Siddharth Shah,PHI Learning,Physics,3,1,3271.39
610,978-7196817701,Repudiandae tempora adipisci aperiam,Gopal Chatterjee,PHI Learning,Fiction,3,2,1363.0
611,978-8701694268,Beatae dolorem natus laborum voluptatibus,Prateek Saxena,McGraw Hill,Mathematics,4,0,1106.83
612,979-6626333574,Quo quo nam tempore sequi,Suresh Reddy,PHI Learning,Fiction,6,0,3378.31
613,979-1525838279,Nobis aut amet veniam reiciendis vitae,Gaurav Jadhav,Wiley,Mechanical,6,0,3150.33
614,978-6607860040,Voluptate quos non,Aditya Verma,Oxford University Press,Management,3,3,525.95
615,978-9869740599,Reprehenderit aliquam autem,Vihaan Khanna,McGraw Hill,Electronics,6,4,2650.38
616,979-2038749677,Blanditiis dignissimos facere quas provident quis libero,Vidya Deshmukh,O'Reilly,Biography,7,7,3130.33
617,979-9460758441,Culpa facilis reprehenderit,Bhavya Hegde,PHI Learning,Civil,3,0,555.38
618,979-2208061257,Sed ipsa impedit,Aarav Bhatia,Oxford University Press,Chemistry,7,1,2917.88
619,979-5490311479,Doloribus repellat exercitationem,Anand Solanki,McGraw Hill,Civil,7,6,773.92
620,978-1458490452,Cupiditate eaque quaerat impedit occaecati doloribus,Ishani Sen,McGraw Hill,Mathematics,8,4,2855.76
621,979-6730772532,In dolorem reiciendis impedit illum itaque,Aparna Mahajan,McGraw Hill,Fiction,8,1,2405.07
622,979-4149285348,Recusandae facere adipisci corporis ab rem,Falguni Saxena,Oxford University Press,Chemistry,1,0,1838.9
623,978-1512564635,Assumenda et voluptatem,Meera Ghosh,Wiley,Reference,2,1,2910.92
624,978-2649282998,Ipsa hic alias ullam,Aditya Das,Wiley,Biography,3,0,2936.08
625,978-1438707350,Temporibus animi occaecati,Aadhya Nair,Wiley,Management,8,2,279.86
626,978-6529082845,Voluptate in suscipit praesentium sit quam,Harsh Khanna,Oxford University Press,Civil,3,0,2225.62
627,978-6543238055,Tenetur ab eius minus ullam,Kavya Trivedi,Springer,Physics,6,5,1154.79
628,979-8530831597,Ipsum dignissimos molestias ratione officiis,Mohit Bhat,PHI Learning,Civil,4,0,716.95
629,978-7135970958,Suscipit quos illo deserunt error,Chandni Joshi,Springer,Chemistry,2,1,2725.7
630,979-4462980861,Modi harum quaerat,Nikita Banerjee,PHI Learning,Reference,4,0,3421.96
631,978-1974439919,Maxime molestiae distinctio,Diya Khanna,PHI Learning,Mathematics,6,0,1532.28
632,979-8032168801,Mollitia maxime quidem cum adipisci recusandae,Arjun Bhatia,O'Reilly,Civil,8,2,2271.01
633,978-8676813858,Ea rerum esse in magnam quasi,Riya Chakraborty,O'Reilly,Fiction,6,1,1838.7
634,978-6776880133,Ea magni commodi quidem velit,Rohit Chauhan,Oxford University Press,Reference,6,4,371.3
635,979-8113390895,Error qui iste voluptatem rem,Ishita Reddy,Wiley,Civil,3,3,618.49
636,978-3480928098,Natus tempora occaecati modi nisi expedita,Madhuri Chandra,Oxford University Press,Chemistry,5,0,2904.05
637,979-7961482275,Pariatur repellendus nemo consequuntur,Falguni Chakraborty,PHI Learning,Management,6,6,2126.0
638,978-3498796146,Maxime dolorum eveniet neque reprehenderit,Rohan Chandra,PHI Learning,Mathematics,2,0,3395.07
639,979-8748675181,Iste corporis incidunt illum at,Dev Prasad,McGraw Hill,Computer Science,4,0,2489.61
640,978-9980456257,Suscipit labore ipsum fuga minima,Diya Bhat,O'Reilly,Mathematics,7,5,607.63
641,979-9233373027,Nam quod sit nesciunt odio voluptatum,Pranav Mishra,Pearson,Fiction,7,7,357.99
642,979-5575042346,Quasi impedit cum magni laborum itaque,Chirag Shah,PHI Learning,Physics,7,7,1778.47
643,978-2629229344,Sint blanditiis distinctio labore quia velit,Namrata Das,Pearson,Fiction,4,0,2868.75
644,978-9246631433,Ullam blanditiis sequi beatae fuga,Divya Joshi,Oxford University Press,Physics,6,2,2092.44
645,979-1136397721,Aliquam corrupti fuga voluptatibus,Megha Bose,Springer,Fiction,1,1,1987.53
646,978-9089421661,Eos adipisci corporis quos,Sandeep Pillai,Wiley,Management,3,0,2199.4
647,978-4860236967,Aliquid tempora suscipit dolor reprehenderit,Vidya Chauhan,McGraw Hill,Reference,7,3,1307.7
648,979-6504625122,A molestias architecto aliquid laboriosam est,Rajesh Tiwari,Springer,Civil,8,4,938.16
649,979-1970442278,Tempore quos labore quam non,Nikhil Sethi,Springer,Electronics,6,1,3043.87
650,978-1799958946,Magnam itaque ipsum,Lavanya Patil,Oxford University Press,Electronics,7,7,1025.87
651,978-2544284740,Corrupti quas at numquam numquam,Bhumi Iyer,Pearson,Mechanical,2,2,3009.36
652,978-6821406276,Doloremque hic molestiae vero suscipit,Aryan Bose,PHI Learning,Mechanical,8,3,1032.98
653,979-8024893992,Officia sint provident nemo,Deepika Bhat,Springer,Fiction,4,3,553.12
654,979-2848804236,Natus commodi nam deserunt,Nitin Gupta,Springer,Electronics,2,0,2467.77
655,979-6389250208,Molestiae quidem vero maxime quibusdam magnam,Vinay Mishra,PHI Learning,Management,3,2,2817.4
656,979-1219342108,Blanditiis vel debitis,Myra Dutta,Wiley,Civil,5,4,3089.23
657,979-5754272018,Eius dignissimos rerum,Rajesh Kulkarni,Springer,Mathematics,6,1,390.67
658,979-8427478917,Ipsam rem non illo aliquid similique,Chirag Chakraborty,Pearson,Computer Science,8,0,422.73
659,979-7931383050,Excepturi debitis ad,Bhumi Rathore,McGraw Hill,Biography,8,1,2484.28
660,979-8004252555,Et ducimus beatae aut cumque corporis,Anand Suri,Springer,Computer Science,7,5,1785.44
661,978-1436757156,Quisquam culpa veritatis perspiciatis,Meera Naik,O'Reilly,Fiction,3,2,2538.63
662,979-2746210966,Nostrum eveniet ad,Krishna Shah,McGraw Hill,Electronics,5,1,2079.7
663,979-2820820481,Error atque consequuntur,Chandni Mishra,McGraw Hill,Mechanical,3,1,588.79
664,978-2629071040,Ducimus velit tempore amet dolores,Naveen Verma,Wiley,Biography,5,1,731.83
665,979-6492919890,Nesciunt laudantium quibusdam harum beatae aperiam,Gopal Sethi,O'Reilly,Mathematics,4,0,2982.13
666,978-9125020540,Mollitia aperiam adipisci odio totam,Varun Iyer,PHI Learning,Biography,7,4,2053.48
667,978-7794006834,Eaque vitae perferendis,Varun Kapoor,O'Reilly,Physics,4,3,2168.18
668,979-8706910173,Quis officiis commodi necessitatibus,Falguni Khanna,McGraw Hill,Physics,6,3,3405.82
669,978-6815948558,Assumenda odio dignissimos voluptas fuga,Priya Patil,Pearson,Fiction,6,1,1476.49
670,978-1607488817,Quos modi incidunt tenetur,Sameer Jadhav,Pearson,Reference,4,3,2698.26
671,978-9203776808,Aliquam repellat vero nulla officiis,Suresh Patel,McGraw Hill,Physics,8,2,1773.89
672,979-6273893454,A ut laboriosam nisi,Naveen Deshmukh,Pearson,Civil,1,1,2338.72
673,978-5398783597,Voluptatum sapiente distinctio sapiente eligendi,Vikas Agarwal,Oxford University Press,Chemistry,8,4,1277.78
674,979-3023998427,Qui natus error hic,Ishaan Malhotra,O'Reilly,Chemistry,4,2,3434.3
675,978-8469422440,Rerum quam voluptatum,Suresh Dutta,Oxford University Press,Electronics,2,0,702.33
676,979-9678902538,Distinctio magnam reiciendis sunt veniam,Ravi Joshi,Wiley,Biography,1,1,3480.9
677,979-6559752014,Voluptatem provident earum optio,Juhi Dubey,PHI Learning,Electronics,3,2,3337.75
678,979-1273906436,Exercitationem itaque nobis accusamus porro,Aadhya Sethi,Wiley,Civil,5,4,2727.24
679,979-9290336710,Non a ab,Rahul Shah,PHI Learning,Reference,3,1,2349.22
680,979-8568280945,Impedit tempora provident quis,Chandni Arora,O'Reilly,Management,3,1,778.47
681,978-5536373455,Aspernatur soluta officiis molestiae tempora repellendus,Naveen Verma,Pearson,Mathematics,8,7,1435.62
682,978-7124882022,Perferendis explicabo repellat repudiandae facere,Pooja Thakur,Wiley,Chemistry,7,2,1013.2
683,978-5843068554,Saepe repellat voluptates commodi,Aditi Sen,O'Reilly,Physics,7,5,3012.17
684,978-4909715284,Vel ipsam dolore accusantium eligendi,Siddharth Sethi,McGraw Hill,Chemistry,4,0,355.15
685,979-7975011836,Deleniti repellendus numquam repellat dolore,Lipika Desai,McGraw Hill,Reference,4,1,1500.32
686,979-4297118565,Voluptas alias laudantium provident non ab,Madhuri Gowda,Springer,Biography,4,1,3082.05
687,978-2970633207,Beatae eius magnam cupiditate deserunt,Urvi Iyer,Springer,Chemistry,3,2,534.28
688,979-8040724624,Perferendis nobis cupiditate nihil quia consectetur,Nikita Kulkarni,Oxford University Press,Mathematics,8,4,1222.25
689,979-2224347047,Sequi sunt quas earum sed ad,Vihaan Saxena,Wiley,Physics,7,1,829.37
690,978-5999631616,Nostrum perspiciatis sunt a incidunt perferendis,Deepak Nair,Oxford University Press,Civil,3,3,2230.99
691,979-8742965226,Sequi eum sapiente,Deepti Kulkarni,PHI Learning,Physics,8,8,1517.7
692,978-7591352068,Earum perspiciatis iure facere quis,Yamini Verma,Oxford University Press,Physics,5,4,3202.01
693,978-7741312110,Aliquid ullam minus et,Sameer Singh,McGraw Hill,Reference,4,4,3119.29
694,978-7099646806,Deserunt aspernatur nemo ad qui,Kartik Sinha,PHI Learning,Mechanical,1,1,1303.89
695,979-9837274145,Vero totam deserunt eveniet aperiam,Deepak Bhat,Oxford University Press,Mathematics,3,3,986.21
696,979-5699649649,Atque laboriosam repellat nihil numquam ex dolorum,Ravi Kumar,O'Reilly,Management,1,1,804.25
697,978-4042982892,Labore vero rerum,Simran Trivedi,PHI Learning,Civil,3,0,432.09
698,978-7817640169,Maxime dolores asperiores nobis ipsa,Vikram Mahajan,Springer,Biography,5,1,2232.24
699,978-4567464361,Numquam neque assumenda,Sneha Kulkarni,McGraw Hill,Mechanical,1,1,2275.88
700,979-7585545963,Totam fugiat suscipit,Ayaan Patil,Pearson,Reference,5,2,3063.23
701,979-5627926417,Quos aperiam rem,Isha Tiwari,Wiley,Management,2,1,412.12
702,978-8145488345,Error numquam aperiam,Amit Khanna,Oxford University Press,Chemistry,7,3,3104.97
703,978-1096715554,Nam eos fugit,Riya Khanna,O'Reilly,Reference,8,6,3273.63
704,978-8201819983,Nulla illum sint,Yash Thakur,McGraw Hill,Fiction,6,1,619.24
705,978-1518624426,Ab fugit recusandae sunt nulla excepturi,Anand Rao,O'Reilly,Computer Science,6,1,2076.84
706,978-6506612916,Iste eveniet deserunt,Suresh Chauhan,Wiley,Electronics,7,4,2825.62
707,978-8555635513,Accusamus quae nihil,Megha Chakraborty,Oxford University Press,Mechanical,2,0,766.27
708,979-9672226339,Temporibus commodi magni explicabo,Dhruv Yadav,McGraw Hill,Biography,1,0,3202.37
709,978-1464095110,Quam ipsam doloribus reiciendis aperiam est,Oindrila Thakur,PHI Learning,Fiction,6,6,1655.54
710,978-2473218286,Maiores officiis facere nesciunt molestiae,Esha Kulkarni,PHI Learning,Mathematics,1,1,1844.93
711,979-6003829965,Corporis est exercitationem,Neha Bansal,Oxford University Press,Biography,8,6,372.12
712,978-6213857862,Voluptas maxime omnis corporis dolores,Priya Roy,O'Reilly,Computer Science,7,3,2821.99
713,979-3701443657,Similique in deserunt dicta tenetur quos,Kritika Trivedi,McGraw Hill,Computer Science,7,7,3037.4
714,978-8370087630,Deleniti labore porro iusto possimus,Prateek Chatterjee,O'Reilly,Reference,3,2,1379.37
715,979-7501631487,Necessitatibus excepturi error eveniet autem soluta,Arjun Yadav,Oxford University Press,Management,3,0,1113.8
716,978-6133548389,Libero ullam odit,Esha Rao,Pearson,Fiction,1,1,2753.6
717,978-4640397672,Iure distinctio laboriosam quisquam,Diya Bose,Springer,Fiction,2,0,3072.9
718,978-2159986197,Rem fugiat id repudiandae ab,Prateek Khanna,PHI Learning,Fiction,7,0,314.19
719,979-3120733812,Asperiores adipisci beatae,Myra Verma,Wiley,Mechanical,6,1,259.7
720,979-2006978937,Ipsam occaecati totam facere,Oindrila Rathore,PHI Learning,Reference,5,4,1721.95
721,978-9350628442,Dicta eligendi dolor,Prateek Bhat,McGraw Hill,Fiction,5,4,2066.81
722,978-5405570263,Quaerat excepturi mollitia debitis,Kartik Kapoor,McGraw Hill,Mathematics,6,2,281.52
723,979-1866375727,Debitis ea aut,Ira Patil,Oxford University Press,Computer Science,7,7,525.32
724,979-1263200792,Fugiat ratione beatae,Shubham Arora,Springer,Computer Science,3,0,1882.66
725,978-3046371160,Esse dolores repellat optio,Ishita Bhat,Oxford University Press,Mathematics,5,2,3024.87
726,979-2254143464,Voluptate voluptatum sunt soluta aperiam corporis,Esha Mahajan,Oxford University Press,Mechanical,3,2,1382.07
727,979-2078881399,Recusandae deleniti fugiat,Vaishnavi Agarwal,Oxford University Press,Fiction,1,0,723.27
728,979-4163583820,Et inventore odio ullam quis,Suresh Sharma,Oxford University Press,Chemistry,3,1,3490.31
729,979-8654917007,Deleniti modi ratione eveniet amet recusandae,Aakash Sinha,Oxford University Press,Chemistry,3,2,1055.41
730,978-1506269167,Sed voluptas suscipit,Swati Chatterjee,Pearson,Civil,3,3,2003.54
731,978-6442977811,Quas quos ratione nostrum,Lavanya Naik,Wiley,Computer Science,5,4,2895.31
732,979-1661765089,Magni quibusdam officia magni,Vivaan Chatterjee,McGraw Hill,Mathematics,4,4,2338.11
733,978-6330567518,Maxime debitis quae minima laboriosam veritatis,Aparna Tiwari,O'Reilly,Electronics,5,3,3198.41
734,979-5188872503,Eaque id ullam nesciunt alias dolor,Isha Mahajan,PHI Learning,Computer Science,5,2,2597.83
735,978-8334627484,Iste doloremque dolor incidunt,Aarav Agarwal,Springer,Civil,7,3,1432.05
736,978-3347687705,Necessitatibus vel fugiat mollitia consequatur,Tanya Trivedi,PHI Learning,Mathematics,7,2,1695.57
737,978-2138878513,Eos maxime dolorem,Lipika Thakur,Springer,Mechanical,1,0,2453.2
738,978-8293209879,Iure numquam incidunt,Bhavya Ghosh,Wiley,Fiction,3,0,634.88
739,979-7786290678,Inventore facilis libero earum ad,Swati Patel,Springer,Mechanical,8,2,1951.31
740,978-7136369231,Doloremque officia facere assumenda sapiente,Anjali Malhotra,McGraw Hill,Electronics,3,3,2521.19
741,978-8606856509,Molestias aspernatur eius dolorem blanditiis facere,Myra Sethi,O'Reilly,Management,2,2,718.09
742,979-3754320718,Dicta deserunt eveniet esse repellendus placeat,Riya Malhotra,O'Reilly,Management,4,3,2106.08
743,979-7709494630,Deleniti nobis consequuntur sequi,Gaurav Kulkarni,Wiley,Chemistry,4,2,985.41
744,978-3044583474,Totam ab error reprehenderit quos illo,Chandni Chopra,Pearson,Electronics,6,6,2696.91
745,978-5284942973,Reprehenderit quidem accusamus omnis voluptatibus,Divya Deshmukh,Wiley,Computer Science,7,5,3355.31
746,979-9474588486,Sint dolorem quam,Ishita Sharma,Wiley,Electronics,2,2,1077.52
747,979-2869104373,Labore maiores ratione quidem,Ira Chakraborty,Pearson,Electronics,1,1,611.84
748,979-5900903273,Exercitationem assumenda sapiente inventore velit,Meera Sen,Springer,Biography,5,0,552.31
749,978-4884908778,Distinctio ipsum nam fugiat neque,Deepika Trivedi,Oxford University Press,Management,1,0,1647.59
750,978-3847389806,Esse qui libero,Abhishek Naik,Wiley,Computer Science,4,4,1790.02
751,979-4638462513,Excepturi in placeat illo quod,Yash Das,O'Reilly,Biography,5,0,904.19
752,979-7185033240,Error nesciunt necessitatibus adipisci consequuntur voluptate,Harish Thakur,Springer,Fiction,2,0,2102.96
753,979-9726738704,Necessitatibus reiciendis totam nemo hic,Vikas Rao,Oxford University Press,Civil,4,1,2446.67
754,978-6018205771,Dignissimos hic modi deleniti autem,Priya Hegde,O'Reilly,Management,3,2,3164.76
755,979-2378659298,Vitae odit esse cupiditate perferendis debitis,Ishaan Dubey,PHI Learning,Electronics,4,2,2664.63
756,979-7169231962,Laborum delectus architecto vitae eligendi doloremque,Pooja Das,PHI Learning,Electronics,1,0,1022.88
757,979-5997085203,Architecto animi maxime cupiditate similique illum,Manoj Patel,PHI Learning,Electronics,8,7,3455.2
758,979-3303759152,Voluptatibus consectetur in quia,Neha Suri,PHI Learning,Reference,5,5,619.43
759,978-7787454062,Veritatis sint consectetur dignissimos inventore,Nisha Joshi,Pearson,Electronics,6,0,309.15
760,979-2564746353,Culpa nemo est dicta quaerat itaque,Isha Dutta,McGraw Hill,Electronics,6,6,3069.49
761,978-6744353555,Ab consequuntur aperiam id,Madhuri Roy,McGraw Hill,Fiction,2,0,702.46
762,978-5622212653,Minima tenetur sunt itaque,Sneha Saxena,Oxford University Press,Management,8,7,2808.74
763,978-2055309723,Aliquam at officia ullam expedita sapiente,Aditya Shinde,Springer,Mechanical,3,0,381.13
764,978-4516243990,Hic reprehenderit sed impedit,Ishita Jadhav,Springer,Mechanical,7,7,3251.85
765,979-2036878079,Tempore quasi itaque tenetur,Nisha Saxena,O'Reilly,Fiction,1,1,703.52
766,978-1592402701,Praesentium atque praesentium aliquam,Ravi Mishra,Pearson,Civil,3,3,984.89
767,979-4647366692,Earum occaecati eos totam,Siddharth Bhat,Oxford University Press,Biography,3,1,3403.71
768,979-9898758986,Tenetur illum quis commodi,Saanvi Bhatia,McGraw Hill,Mathematics,6,2,2815.23
769,979-3551843723,Asperiores autem quisquam eveniet iste,Sneha Khanna,Pearson,Physics,4,1,809.94
770,979-5019353329,Dignissimos aliquid ad odit,Om Chopra,Pearson,Biography,2,2,631.09
771,978-8410592887,Fugit quia sequi id ab,Yamini Shinde,Springer,Fiction,4,2,1251.27
772,978-1242426921,Quae consequatur pariatur,Madhuri Sethi,Pearson,Electronics,1,1,1421.93
773,979-2554710772,Laborum architecto molestias doloribus veniam,Kunal Kapoor,McGraw Hill,Mathematics,5,5,1817.65
774,979-7322661559,Iusto eius cum,Simran Suri,Wiley,Electronics,6,5,2946.75
775,978-3486036331,Non debitis commodi,Kiran Kapoor,Pearson,Computer Science,4,4,749.76
776,979-4892573287,Cumque perferendis accusamus earum ipsam,Swati Reddy,McGraw Hill,Physics,8,1,3123.44
777,978-9469510832,Dolor alias perferendis dolor,Ishita Sharma,Oxford University Press,Chemistry,7,4,2939.68
778,978-7510086988,Saepe repellat odit,Om Mahajan,Springer,Civil,2,2,1167.24
779,979-1844528041,Hic est amet,Gauri Mishra,McGraw Hill,Management,7,4,1415.05
780,978-2460568252,Aliquid fugiat dicta,Vidya Mehta,Oxford University Press,Physics,1,1,1516.4
781,979-8574166974,Fugiat dolores at in,Dhruv Patel,Wiley,Reference,5,5,3388.29
782,978-4248043630,Excepturi deleniti pariatur,Naveen Suri,Pearson,Fiction,5,3,2454.7
783,979-7067545914,Vero atque saepe optio,Namrata Deshmukh,McGraw Hill,Computer Science,8,0,1644.63
784,979-5347645445,Aliquid maiores repellendus eum,Simran Trivedi,Oxford University Press,Chemistry,2,1,930.61
785,978-7559182337,Deleniti dignissimos molestiae vel blanditiis distinctio explicabo,Pranav Nair,Wiley,Physics,7,3,3325.34
786,979-1727956441,Accusamus omnis accusamus distinctio,Dhruv Naik,Springer,Chemistry,7,3,2453.22
787,979-9980010210,Architecto repellendus officiis fuga,Varun Ghosh,O'Reilly,Electronics,3,2,522.62
788,978-1151719758,Suscipit illum quisquam,Ira Mukherjee,Pearson,Civil,3,0,450.48
789,979-7098979140,Voluptatem aut modi voluptatibus sed cupiditate,Vikram Jadhav,O'Reilly,Fiction,6,0,2853.6
790,979-6836473241,Nobis voluptatem possimus,Gaurav Singh,Springer,Fiction,1,1,3248.88
791,979-9322582407,Ex odio sunt,Kunal Reddy,Wiley,Electronics,2,1,2565.27
792,979-9306329763,Voluptate pariatur architecto accusantium totam,Oindrila Bhat,Wiley,Computer Science,8,0,1082.81
793,978-5701554431,Fugit odit doloremque nesciunt voluptates,Reyansh Das,Oxford University Press,Biography,4,0,974.04
794,978-7091134707,Accusantium quis commodi dolores,Aditya Rao,Oxford University Press,Mathematics,5,2,2954.37
795,978-7500105876,Quidem nulla animi fugiat eos,Madhuri Saxena,Wiley,Computer Science,3,2,801.1
796,979-3117178981,Fugiat odit dolores,Tanvi Iyer,O'Reilly,Chemistry,7,4,3172.19
797,978-4127372280,Voluptates ipsam soluta consequatur et ratione,Simran Prasad,Springer,Civil,6,1,642.36
798,979-8323040913,Maxime voluptate officia,Vihaan Mahajan,Pearson,Chemistry,8,3,2104.41
799,978-4419686220,Quibusdam dolorem quasi exercitationem,Megha Dutta,McGraw Hill,Computer Science,4,2,910.92
800,978-8668923550,Molestiae tenetur pariatur dolorum,Falguni Sharma,PHI Learning,Mechanical,4,3,793.0
801,979-5297428067,Non fugit eum ipsam,Vinay Shinde,PHI Learning,Chemistry,1,0,1743.89
802,979-9849675810,Aperiam laudantium veritatis,Sandeep Joshi,Wiley,Fiction,4,4,1085.99
803,978-3386207498,Odio consequuntur dignissimos,Myra Chandra,PHI Learning,Mechanical,4,2,1876.34
804,979-3206132527,Cupiditate molestias recusandae,Prateek Bose,McGraw Hill,Management,1,0,392.13
805,978-7454374225,Dolores aspernatur quam est,Tarun Sinha,Pearson,Physics,4,2,697.88
806,978-4307912120,Doloribus debitis dolorum eligendi,Sai Sen,McGraw Hill,Physics,3,1,578.99
807,978-9517481593,Voluptas dicta similique laboriosam veritatis,Vikram Das,Wiley,Chemistry,5,0,1534.71
808,979-9837738927,Id cumque ipsam magnam quasi,Naveen Verma,McGraw Hill,Mechanical,8,3,679.09
809,978-2601479421,Reprehenderit recusandae accusantium,Neha Jadhav,Wiley,Physics,6,6,1482.92
810,979-8354925572,Incidunt assumenda temporibus error modi,Zara Bansal,Pearson,Electronics,4,0,1094.52
811,979-3952120919,Quas ducimus iure iste fugiat non,Anika Solanki,O'Reilly,Computer Science,2,0,679.55
812,979-8256349820,Ex quaerat deserunt,Mohit Saxena,Pearson,Chemistry,7,6,3369.16
813,978-8068489942,A similique quas fugiat,Charu Suri,Wiley,Electronics,2,2,3171.52
814,978-3060781845,Unde velit voluptas fuga laudantium,Ananya Sen,McGraw Hill,Management,7,6,1298.29
815,978-8276332922,Architecto suscipit voluptatibus commodi ut cum,Kunal Gupta,McGraw Hill,Mathematics,1,0,3410.63
816,978-5518051625,Vero quo quibusdam expedita quae,Jyoti Khanna,Oxford University Press,Electronics,3,1,3495.43
817,979-2029472443,Possimus officiis unde quasi doloribus,Aditya Banerjee,Pearson,Management,6,6,2616.36
818,979-8949191268,Ullam facere provident,Esha Bansal,Wiley,Reference,1,0,2825.44
819,979-7861739940,Possimus officia ea,Ravi Saxena,McGraw Hill,Mechanical,7,4,1386.82
820,979-5048770612,Velit corporis dolorum neque optio,Sameer Iyer,Springer,Management,4,4,1379.34
821,979-5355273803,Accusamus quo officia totam,Aditya Saxena,Springer,Management,7,5,1070.4
822,978-4985321846,Provident voluptate aspernatur tenetur soluta,Aadhya Chakraborty,Wiley,Reference,8,1,3279.23
823,979-7663260460,Rerum ducimus esse voluptas,Madhuri Kapoor,Wiley,Biography,6,2,2069.32
824,978-6989472443,Nesciunt quasi quibusdam unde sit,Vaishnavi Agarwal,Oxford University Press,Mechanical,2,0,1364.1
825,978-3239359864,Odio quod exercitationem,Lavanya Bansal,Wiley,Mechanical,2,2,1788.87
826,978-4822435309,Eaque distinctio quibusdam,Myra Das,Springer,Mechanical,5,3,1727.34
827,978-6167492086,Ab cumque laudantium atque,Harish Sethi,Pearson,Mechanical,8,5,405.7
828,978-5650463041,Minima omnis quasi cupiditate fugiat,Rohit Mishra,Pearson,Civil,3,1,947.26
829,978-7837136561,Dicta delectus veniam,Dev Yadav,O'Reilly,Physics,5,5,2294.35
830,979-4254221563,Necessitatibus distinctio dicta quibusdam repellat,Tarun Sharma,Pearson,Biography,2,1,2045.77
831,979-7040951165,Ea temporibus illum occaecati,Shreya Agarwal,Wiley,Fiction,1,1,2020.09
832,978-9604038186,Autem odio aspernatur assumenda commodi aperiam,Suresh Mishra,PHI Learning,Biography,2,0,732.41
833,978-8672088497,Nesciunt labore perferendis,Amit Chauhan,PHI Learning,Reference,8,1,516.76
834,978-2065720356,Ab eaque veritatis,Gaurav Tiwari,O'Reilly,Management,6,2,674.98
835,979-4925472950,Ratione aliquam distinctio recusandae fugiat maxime,Madhuri Yadav,Oxford University Press,Computer Science,4,0,429.83
836,979-1402153921,Ut labore excepturi inventore,Ankit Solanki,Springer,Electronics,3,2,619.26
837,979-1113751759,Placeat exercitationem et dolores facere,Lavanya Ghosh,Springer,Electronics,4,3,1763.79
838,978-8048675971,Fugiat animi explicabo ex aut,Deepika Yadav,Pearson,Electronics,6,6,1549.54
839,978-8559987861,Sit illo saepe unde ad,Rohan Singh,McGraw Hill,Reference,6,4,1169.58
840,979-4591689674,Sit eius praesentium,Namrata Arora,O'Reilly,Physics,8,0,3113.24
841,978-5114408136,Fuga nulla omnis labore,Yamini Sharma,Wiley,Reference,8,7,2381.19
842,978-1444537590,Optio a odit velit eum,Rohan Bansal,Wiley,Mathematics,8,2,589.0
843,979-8092831160,Sit voluptas quasi perspiciatis doloremque,Prateek Sharma,O'Reilly,Mathematics,7,4,1232.79
844,978-5532653935,Id nostrum aspernatur incidunt ut ut,Aparna Iyer,PHI Learning,Management,6,2,1856.31
845,979-4253533893,Quasi eos deserunt,Rohit Naik,PHI Learning,Reference,7,7,1643.13
846,978-4823592058,Sit soluta quos,Diya Sethi,Oxford University Press,Biography,2,2,727.21
847,978-6003045438,Adipisci libero assumenda rerum voluptatum voluptates,Aditya Shah,O'Reilly,Mathematics,6,4,1605.95
848,979-1322426830,Cumque ipsum blanditiis optio dolores,Siddharth Verma,PHI Learning,Chemistry,4,0,2874.61
849,978-6889897172,Cupiditate velit praesentium autem,Aarav Hegde,Springer,Electronics,7,5,1691.93
850,978-3252252773,Cum ut temporibus,Juhi Deshmukh,O'Reilly,Physics,3,2,1154.81
851,979-1220582989,Dolore ducimus labore tempore,Rajesh Arora,PHI Learning,Management,4,0,1776.03
852,979-4777853757,Pariatur ullam odio,Yash Kumar,Oxford University Press,Mechanical,2,2,1537.27
853,979-6337785276,At porro sit ut quisquam nobis,Sai Gupta,Wiley,Chemistry,7,6,2447.67
854,979-8537260206,Fugiat quaerat quasi fugit odit,Meera Bhat,Pearson,Civil,1,1,3204.06
855,979-6412920813,Vitae ipsa doloremque ea enim beatae,Esha Chatterjee,Springer,Fiction,5,1,470.77
856,979-2846205877,Qui vel quia blanditiis facilis,Aakash Pandey,O'Reilly,Management,8,1,2975.78
857,979-6612201318,Veritatis nemo a aperiam modi,Charu Singh,McGraw Hill,Mechanical,3,0,325.96
858,978-9883651518,Voluptatem eum facilis perspiciatis recusandae,Dhruv Desai,PHI Learning,Electronics,2,1,339.66
859,979-7625866781,Optio nihil autem ab sequi et,Neha Tiwari,Pearson,Mechanical,1,1,2826.01
860,979-4474059865,Saepe libero iste nobis,Nisha Suri,Springer,Management,4,0,2227.82
861,979-4297877917,Quia sed repudiandae,Ayaan Mishra,PHI Learning,Civil,5,1,450.94
862,978-6466216308,Nisi est voluptatibus,Oindrila Prasad,PHI Learning,Mathematics,1,0,468.96
863,978-5377096622,Earum sed nemo,Neha Mukherjee,Wiley,Electronics,2,1,2729.83
864,979-7235934294,Repudiandae libero provident fugiat voluptatem ex repudiandae,Kartik Shah,Wiley,Mathematics,6,6,3485.48
865,978-4798189606,Sed vel dolore quasi,Meera Iyer,PHI Learning,Biography,5,3,2149.78
866,979-8585915846,Sequi quas error repellendus,Ishita Chakraborty,O'Reilly,Mathematics,7,3,1131.95
867,978-7147671662,Voluptatibus molestias excepturi perspiciatis,Bhumi Patil,Springer,Computer Science,3,0,1091.38
868,978-5583965376,Quidem hic minus eligendi possimus,Arjun Kumar,McGraw Hill,Electronics,5,5,2832.48
869,978-5656791803,Praesentium molestias atque eum,Vidya Sethi,O'Reilly,Mechanical,4,0,722.74
870,978-5894431518,Sint amet vel esse omnis neque,Gopal Joshi,PHI Learning,Chemistry,7,1,1554.17
871,978-7442063954,Possimus enim corporis dolor quibusdam,Rajesh Shinde,McGraw Hill,Biography,4,2,2204.72
872,978-1453412429,Facere sequi aut,Deepak Hegde,McGraw Hill,Fiction,4,4,2480.43
873,979-2139327409,Fugiat voluptatem perspiciatis,Vivaan Trivedi,O'Reilly,Computer Science,4,4,1104.19
874,979-8526543176,Unde atque voluptate debitis,Pranav Mahajan,Pearson,Fiction,6,5,1450.68
875,979-8104626870,Blanditiis maiores excepturi,Ira Rathore,Pearson,Electronics,5,5,1420.68
876,979-8807927463,Voluptas occaecati illo alias dolores,Sandeep Dutta,Oxford University Press,Reference,5,0,2974.61
877,979-1263642426,Esse nisi cupiditate quia quod voluptatibus,Ankit Bhat,Oxford University Press,Fiction,3,2,1567.81
878,979-5453017247,Quod sint officiis,Priya Nair,O'Reilly,Mechanical,1,0,908.57
879,979-2123587017,Odio ipsum accusamus blanditiis,Nikita Patil,Pearson,Computer Science,4,1,2469.97
880,979-2163006359,Laudantium pariatur magni,Rajesh Chakraborty,O'Reilly,Fiction,6,2,2524.77
881,978-5513754276,Nesciunt voluptates laboriosam,Harshita Malhotra,Wiley,Physics,6,0,1569.25
882,978-3965538886,Recusandae debitis laborum,Jyoti Das,McGraw Hill,Reference,3,2,346.31
883,979-4957887042,Error commodi eveniet quae similique,Krishna Rathore,Wiley,Computer Science,3,3,1115.78
884,978-4164297540,Delectus repellat accusantium nam modi repellat,Aadhya Khanna,PHI Learning,Chemistry,3,2,1059.2
885,979-8881753211,Aperiam saepe molestiae reprehenderit officiis quidem,Ayaan Chauhan,Oxford University Press,Chemistry,2,0,2278.06
886,978-2666210002,Vitae tempore debitis nobis,Tarun Suri,Springer,Biography,8,2,2666.26
887,978-1552925788,A ipsum et aliquam,Komal Banerjee,McGraw Hill,Management,1,1,1452.85
888,978-8024901454,Dignissimos cum natus sed alias voluptatem,Dhruv Gupta,O'Reilly,Mechanical,1,1,2623.6
889,979-1004973808,Error vitae cupiditate voluptate omnis dolorum,Chandni Sethi,O'Reilly,Biography,3,3,1624.82
890,979-5554493886,Veniam maxime quos,Ishani Gowda,Pearson,Chemistry,5,3,2589.64
891,978-5973284191,Ipsam neque possimus minima voluptates explicabo,Kiran Naik,Oxford University Press,Reference,5,2,1842.53
892,978-1812174449,Magni porro optio aliquid alias consequuntur,Megha Iyer,PHI Learning,Management,2,0,2240.17
893,979-6369558141,Vero nobis dolor facere,Jatin Chandra,O'Reilly,Fiction,1,0,2937.66
894,978-4679135483,Quas in mollitia,Charu Sen,Wiley,Biography,2,0,909.99
895,978-7875229286,Fugit temporibus id assumenda,Riya Saxena,McGraw Hill,Computer Science,1,1,1508.43
896,979-1792463230,Perspiciatis velit corporis dignissimos,Ravi Gowda,Wiley,Mechanical,7,6,3102.47
897,978-5741596434,Quasi voluptatum possimus deserunt fuga omnis reprehenderit,Nikita Chopra,Wiley,Reference,7,0,1101.84
898,979-4903441679,Cum reprehenderit et ratione fugiat vitae,Prateek Chakraborty,Oxford University Press,Electronics,3,1,3256.72
899,978-9874999752,Aspernatur commodi beatae molestias,Aryan Rao,McGraw Hill,Reference,3,2,2418.71
900,978-4762440155,Eveniet at tenetur,Aryan Gowda,Springer,Mechanical,4,4,3320.91
901,978-3980891016,Corporis reiciendis earum atque,Zara Bhatia,Oxford University Press,Computer Science,8,5,2610.22
902,978-3408343923,Fugiat autem unde cupiditate,Pari Verma,O'Reilly,Physics,4,0,2765.89
903,978-2720477446,Nihil rem atque expedita,Rohit Pillai,McGraw Hill,Reference,2,0,1141.45
904,979-7661370649,Sint mollitia non tempore cupiditate veniam,Krishna Chatterjee,Pearson,Biography,8,1,2286.98
905,979-1147817008,Debitis rem perspiciatis ratione mollitia,Yash Sen,Wiley,Mathematics,7,1,2375.91
906,979-8038338800,Labore consectetur ab maiores culpa,Aditya Shah,McGraw Hill,Civil,2,2,2488.89
907,979-5529586504,Consequuntur necessitatibus eaque,Shubham Ghosh,McGraw Hill,Management,1,1,481.5
908,979-9671730628,Provident dolorum non provident delectus,Pallavi Roy,McGraw Hill,Reference,7,0,674.45
909,978-7989089638,Reiciendis magnam eius incidunt velit,Sai Verma,Springer,Reference,3,3,366.64
910,978-8592391855,Esse similique veniam illo,Madhuri Sen,PHI Learning,Chemistry,8,1,1873.0
911,978-6977276219,Sapiente odio asperiores dolores atque,Shubham Gupta,Wiley,Mechanical,2,2,910.24
912,978-2326481927,Animi quia mollitia laudantium soluta vitae,Amit Jadhav,PHI Learning,Reference,7,1,2057.79
913,979-9353563763,Perspiciatis ut consequatur libero placeat,Divya Solanki,Wiley,Civil,7,6,1079.24
914,978-8147967202,Praesentium illo nulla tenetur quia quae,Divya Bhat,Pearson,Management,5,0,3344.08
915,978-5991905793,Quibusdam doloribus qui veritatis reprehenderit sunt,Dev Deshmukh,Wiley,Computer Science,5,4,2279.4
916,978-3320678628,Placeat aliquam ipsum cumque ut quis,Harsh Agarwal,Pearson,Mathematics,7,3,2892.04
917,979-2228505579,Cupiditate facilis consequatur explicabo,Vikram Sen,PHI Learning,Mechanical,8,4,2167.28
918,979-4066460868,In fugiat fuga,Anand Reddy,McGraw Hill,Mathematics,5,5,2313.52
919,979-8699983412,Excepturi perspiciatis rerum,Abhishek Mukherjee,McGraw Hill,Reference,4,3,3193.82
920,978-1206868784,Enim laboriosam eaque,Megha Joshi,O'Reilly,Civil,4,3,2636.81
921,978-5068632286,Qui necessitatibus dolor,Juhi Mahajan,O'Reilly,Physics,3,1,762.31
922,979-8781235868,Ut vero maiores tempora,Ajay Gowda,Wiley,Chemistry,5,0,1868.6
923,979-6670293831,Tempora sed animi ab itaque,Rajesh Kapoor,O'Reilly,Management,2,1,3414.08
924,979-5908865476,Explicabo a tempora delectus,Radhika Verma,Pearson,Physics,2,2,1582.94
925,979-5375630823,Ab inventore deserunt minus tempore,Myra Gupta,McGraw Hill,Mechanical,4,0,1187.75
926,978-9598612765,Commodi laborum culpa omnis dolorem,Esha Agarwal,PHI Learning,Management,6,6,3433.66
927,978-9918063749,Fugiat facilis tempora modi earum,Rajesh Desai,Oxford University Press,Civil,7,0,2321.17
928,978-3358437944,Omnis ipsa consequuntur quia ab,Ashish Jadhav,McGraw Hill,Management,6,0,3050.97
929,979-3503046566,Beatae eligendi consequatur in,Kiran Das,PHI Learning,Mechanical,8,0,670.77
930,978-6972461119,Tempore cum dicta laboriosam pariatur,Jyoti Desai,Oxford University Press,Computer Science,4,0,394.61
931,978-3279317272,Blanditiis laudantium libero placeat,Yash Bose,Pearson,Electronics,5,0,2486.15
932,979-8487784837,Eveniet quisquam sunt,Priya Shah,PHI Learning,Mathematics,3,2,1687.87
933,978-6784867248,Quas quia repudiandae consectetur vero recusandae,Pari Reddy,Springer,Mathematics,2,0,1183.15
934,978-1941351162,Culpa magnam quisquam,Nisha Mishra,Pearson,Physics,1,0,1970.18
935,979-2968581318,Amet rerum inventore nisi,Mohit Menon,PHI Learning,Fiction,5,2,1226.89
936,979-8302287163,Ipsa enim laborum,Tanya Arora,Oxford University Press,Reference,2,1,953.06
937,978-6172975950,Dolorum corrupti maiores dolorum quisquam,Chirag Chatterjee,O'Reilly,Fiction,3,3,2759.55
938,979-4511994933,Voluptatibus dolorum reprehenderit dicta,Divya Saxena,McGraw Hill,Management,4,2,1075.76
939,979-2304517065,Praesentium magnam debitis,Rajesh Desai,Wiley,Reference,5,0,2453.57
940,979-5884182234,Occaecati corrupti blanditiis illo earum deleniti,Aditi Thakur,Wiley,Mechanical,4,2,1795.28
941,979-7041126039,Incidunt nulla at,Aditya Gupta,Pearson,Fiction,2,1,1096.99
942,979-4880734074,Fugit minima praesentium,Ayaan Mukherjee,Wiley,Biography,7,6,1418.54
943,978-7632273336,Dolore incidunt aperiam incidunt,Tanvi Sharma,Springer,Mathematics,7,2,2337.76
944,979-8631988885,Esse earum eligendi,Nitin Menon,O'Reilly,Computer Science,1,0,3307.92
945,978-5418822143,Quae doloribus tempora delectus a,Ankit Nair,PHI Learning,Computer Science,4,1,1305.54
946,978-2934449329,Distinctio iusto tenetur aut delectus,Pooja Agarwal,Wiley,Physics,4,0,1472.2
947,978-8070707512,Facilis esse atque accusamus mollitia similique,Anika Menon,Pearson,Computer Science,7,4,1143.77
948,979-9843105817,Facere repellat quia nihil non,Garima Shinde,Oxford University Press,Biography,1,0,1472.54
949,979-3020207150,Officiis distinctio fugit suscipit,Vinay Chatterjee,Wiley,Chemistry,2,2,3289.8
950,979-2858578986,Occaecati nobis aliquam,Chandni Mahajan,PHI Learning,Mechanical,5,1,786.65
951,979-5069597702,Deserunt ipsum atque velit,Bhumi Yadav,PHI Learning,Chemistry,1,0,571.87
952,978-2903083199,Exercitationem quas voluptatibus dicta quam aliquam,Om Bansal,McGraw Hill,Physics,6,2,1158.08
953,978-4362177021,In quae tempora quis,Pari Roy,PHI Learning,Electronics,8,1,758.88
954,979-1394892668,Voluptate tempora ipsum quaerat tenetur architecto,Anjali Verma,Springer,Mechanical,8,2,527.03
955,978-4344872172,Minima veritatis ratione cumque earum,Harshita Desai,Springer,Civil,1,0,421.11
956,979-4750461329,Enim veritatis aperiam,Ajay Trivedi,Wiley,Fiction,3,3,2312.11
957,979-8244609160,Qui id placeat sit,Megha Sethi,Wiley,Mechanical,4,1,2430.16
958,979-4558011868,Cumque quibusdam fugit,Chandni Chatterjee,McGraw Hill,Chemistry,2,2,2985.76
959,979-1650054319,Id earum delectus cum dolor,Kunal Gupta,Wiley,Biography,8,6,2781.82
960,979-7945733301,Sunt ratione iste,Bhumi Banerjee,Wiley,Civil,1,0,2637.42
961,979-4223765603,Ea sequi eos eaque blanditiis dolore,Sameer Rathore,Springer,Fiction,3,0,503.78
962,979-3743267844,Dolores aliquam corporis sunt unde earum,Simran Pandey,Pearson,Management,7,7,2042.54
963,978-6624372453,Odit dolorum reprehenderit,Saurabh Agarwal,Springer,Physics,4,4,776.36
964,979-8631841277,Blanditiis officiis odio voluptas eveniet veniam,Kunal Agarwal,Pearson,Reference,3,3,2148.76
965,979-1793630322,Eaque consequatur tempore eos voluptates numquam,Kunal Iyer,O'Reilly,Physics,8,5,779.29
966,979-3789619628,Reprehenderit dolor vitae,Sakshi Chakraborty,PHI Learning,Mechanical,6,2,2707.96
967,979-7953821128,Ducimus accusamus omnis sint,Sneha Chopra,Pearson,Mechanical,8,2,1942.41
968,979-1115778214,Autem quia fugit officiis sit odio,Chirag Arora,Springer,Physics,7,7,282.96
969,978-8058470418,Dignissimos ipsam eveniet dignissimos occaecati similique,Oindrila Jadhav,Wiley,Management,5,1,3184.98
970,979-9375787921,Culpa doloremque quas fuga temporibus,Ravi Sen,Oxford University Press,Chemistry,5,5,1770.6
971,979-2267998960,Libero itaque repellendus,Ashish Nair,PHI Learning,Management,1,0,2433.91
972,978-8025421505,Deleniti laudantium quas officia,Deepti Yadav,Oxford University Press,Electronics,8,0,2907.11
973,978-8505941406,Est suscipit repellendus,Vihaan Thakur,Wiley,Electronics,7,3,310.65
974,979-5591812712,Deleniti corporis incidunt iste officia illo,Ajay Trivedi,McGraw Hill,Mechanical,1,1,1891.36
975,979-4603578927,Consequatur quibusdam accusamus aut fugit beatae,Anjali Banerjee,Springer,Reference,3,3,424.43
976,979-2611822177,Quis officia aliquam,Myra Shah,Wiley,Fiction,3,0,2162.24
977,978-1855076199,Quo eaque vel nobis,Myra Bansal,Pearson,Civil,3,2,2974.04
978,979-5575898489,Vero autem quasi,Rahul Gupta,Wiley,Management,4,4,2115.67
979,978-4184812812,Sequi assumenda consequuntur quis tempora,Tarun Menon,PHI Learning,Management,7,1,1107.61
980,979-7643083653,Esse laboriosam doloribus molestiae,Varun Verma,O'Reilly,Chemistry,2,1,1984.45
981,978-1479799356,Occaecati commodi repudiandae aut,Bhumi Thakur,Oxford University Press,Biography,1,0,3157.73
982,979-5323703999,Aut suscipit impedit a,Vidya Khanna,McGraw Hill,Mechanical,3,2,1029.59
983,978-2843954132,Ad incidunt corporis omnis,Aditya Jadhav,Wiley,Electronics,8,4,1164.42
984,978-6190369095,Ullam placeat placeat quaerat,Chandni Joshi,PHI Learning,Mathematics,3,2,2568.25
985,979-6640663938,Laudantium voluptatibus dolore,Anika Roy,McGraw Hill,Biography,7,0,615.89
986,978-7339062746,Facere nulla blanditiis unde,Sneha Reddy,Springer,Mechanical,7,1,3009.15
987,979-5653860790,Tempora non debitis,Diya Kumar,PHI Learning,Mathematics,7,7,2795.3
988,979-3785966207,Ex delectus incidunt tempora porro numquam,Meera Nair,Wiley,Management,7,2,2457.07
989,978-1013770829,Expedita aut totam optio,Sameer Bhat,PHI Learning,Electronics,3,2,2872.49
990,979-7875694501,Repellat quae asperiores a,Myra Chandra,Springer,Fiction,4,2,1490.92
991,979-6984206750,Quod corporis corporis,Dhruv Bhatia,O'Reilly,Computer Science,3,1,1971.18
992,978-2701152736,Quam quos laboriosam architecto neque,Chandni Verma,Wiley,Electronics,1,1,844.03
993,978-5198578540,Corporis eum consectetur quisquam,Gaurav Thakur,Oxford University Press,Computer Science,8,2,1614.39
994,978-2925362085,Eum incidunt possimus impedit recusandae,Abhishek Deshmukh,Wiley,Computer Science,8,3,2484.17
995,979-1952443151,Consequuntur velit ullam fugit molestias,Kunal Sharma,Springer,Chemistry,3,2,2354.48
996,978-6664968572,Modi minus reprehenderit harum neque in,Gopal Verma,PHI Learning,Chemistry,8,5,604.43
997,978-7309529102,Quod repellat dolor assumenda facere dicta,Suresh Kulkarni,PHI Learning,Management,6,4,259.27
998,979-1627329834,Facere labore consequatur,Pallavi Suri,McGraw Hill,Fiction,1,0,1811.87
999,979-7063215592,Animi expedita sed,Neha Joshi,O'Reilly,Chemistry,4,0,1424.17
1000,978-1775656524,Eos corporis sequi,Anika Mahajan,Pearson,Management,2,1,1031.74
1001,979-8691502593,Doloribus repudiandae animi consequuntur vitae,Diya Sethi,Springer,Electronics,8,7,422.97
1002,978-4025785039,Fugiat ad vitae,Juhi Trivedi,PHI Learning,Electronics,1,0,701.03
1003,979-3904088965,Amet autem neque labore nisi,Zara Menon,McGraw Hill,Electronics,6,3,2547.3
1004,978-1761902449,Adipisci facilis aspernatur aspernatur,Pari Deshmukh,Wiley,Civil,3,0,3083.41
1005,979-2814467249,Rerum impedit quisquam iusto consequuntur minima,Reyansh Yadav,Wiley,Electronics,7,4,938.54
1006,979-5514053941,Iusto quam ipsam officia,Aditya Bose,Springer,Physics,1,1,2824.38
1007,978-9979289632,Enim culpa sunt,Sneha Malhotra,O'Reilly,Management,8,6,3351.12
1008,978-7039700719,Nobis cupiditate cum,Aryan Sen,Wiley,Civil,8,2,2234.24
1009,979-8313609847,Rerum perspiciatis soluta mollitia repudiandae,Harshita Patel,Pearson,Physics,2,1,502.67
1010,978-7835358437,Magnam quae incidunt culpa voluptate maxime,Reyansh Rao,O'Reilly,Reference,5,0,1859.77
1011,979-2935107823,Quia id animi,Vinay Trivedi,O'Reilly,Chemistry,6,6,3395.96
1012,978-3303231014,Delectus quia nam sapiente repellendus,Charu Thakur,Pearson,Physics,2,2,3315.24
1013,979-7196805019,Labore officiis illo fugit amet,Ishaan Roy,McGraw Hill,Biography,1,1,3070.91
1014,979-2663045510,Officia deserunt autem aspernatur nobis,Sakshi Deshmukh,PHI Learning,Fiction,1,1,1985.88
1015,979-6443082256,Adipisci eligendi molestiae aperiam nisi,Meera Chandra,PHI Learning,Civil,6,2,1260.15
1016,979-7353972891,Deleniti dicta ut dolores,Prateek Chopra,PHI Learning,Mathematics,2,2,1921.57
1017,978-6864955884,Voluptate natus natus,Ajay Kumar,O'Reilly,Management,3,0,264.98
1018,978-2205345445,Aliquid et velit ab explicabo eligendi,Naveen Bhat,McGraw Hill,Electronics,1,1,256.19
1019,978-6594667971,Magnam et hic explicabo consectetur,Aakash Sen,Pearson,Computer Science,1,1,2998.19
1020,979-4292553605,Ex tempore magnam,Shubham Chandra,Oxford University Press,Civil,1,0,661.45
1021,978-2586866737,Rem corrupti nesciunt fugit nesciunt sequi,Zara Shah,Oxford University Press,Civil,8,6,2123.83
1022,979-4249325197,Cum placeat aspernatur numquam,Om Agarwal,O'Reilly,Management,7,5,3439.93
1023,979-1623846843,Sunt rem omnis quisquam,Kiran Mehta,Pearson,Chemistry,4,2,1359.94
1024,978-1950000933,Voluptatibus magnam voluptatibus non,Aarav Shah,Oxford University Press,Chemistry,7,3,2562.7
1025,979-4172759597,Ut exercitationem quos excepturi facere sequi,Megha Thakur,Springer,Physics,4,1,1736.63
1026,978-3995457639,Aliquam quae placeat dolores voluptatum,Lipika Tiwari,PHI Learning,Electronics,8,3,1634.73
1027,979-8017015496,Asperiores corrupti occaecati libero rem consequuntur,Kritika Arora,Wiley,Chemistry,7,2,2951.99
1028,979-4261214773,Molestias voluptas quos assumenda,Prateek Solanki,McGraw Hill,Civil,8,2,2003.89
1029,979-5545464240,Iste cumque eos,Sameer Bhatia,Springer,Fiction,4,1,663.06
1030,978-8807424865,Eius facilis at,Dev Singh,Wiley,Electronics,8,5,2966.54
1031,978-7888501191,Quae itaque voluptates voluptatem,Shreya Hegde,Wiley,Civil,5,2,1665.26
1032,979-1382766740,Officiis consequuntur commodi necessitatibus aliquam,Neha Trivedi,O'Reilly,Biography,8,2,1979.64
1033,979-2604807502,Id sequi totam consectetur,Bhumi Naik,Pearson,Civil,1,0,2371.07
1034,979-7303745657,Maiores numquam et assumenda impedit,Harsh Thakur,Oxford University Press,Mathematics,8,4,2979.18
1035,978-2132925328,Ea soluta placeat nulla officia,Isha Prasad,Springer,Computer Science,4,1,783.55
1036,979-5497954581,Praesentium natus culpa autem,Neha Reddy,Springer,Biography,2,2,3318.61
1037,979-2746855353,Culpa id asperiores harum iure,Simran Dutta,Oxford University Press,Fiction,3,1,1609.19
1038,978-3455250614,Expedita iusto modi,Anika Naik,Wiley,Fiction,8,1,2575.39
1039,979-2560422420,Autem debitis autem vero id,Chirag Kapoor,Wiley,Chemistry,8,2,2932.2
1040,978-7915503608,Dicta eveniet et voluptatum laborum,Lavanya Rao,Springer,Mechanical,3,1,2352.16
1041,979-8139045242,Beatae iste molestias veniam corporis distinctio,Zara Sharma,O'Reilly,Physics,7,7,1889.76
1042,979-2744962519,Adipisci nobis fugit vel facere inventore,Vaishnavi Chandra,McGraw Hill,Biography,2,1,696.33
1043,978-4794471253,Distinctio distinctio ad quis in dolorum,Krishna Banerjee,Pearson,Mathematics,2,0,1923.69
1044,978-6289468898,Assumenda architecto illo error,Deepak Kumar,McGraw Hill,Mechanical,3,0,1152.22
1045,978-9322228299,Sit minima pariatur ea rerum,Vidya Kumar,O'Reilly,Chemistry,5,1,1794.66
1046,978-8737314723,Tempora incidunt vitae,Priya Iyer,Springer,Physics,4,1,934.16
1047,979-6122379802,Cum expedita in labore,Manoj Pillai,McGraw Hill,Computer Science,1,1,571.78
1048,979-2762136922,Vitae ipsa totam necessitatibus,Aditya Mahajan,O'Reilly,Reference,6,6,2119.54
1049,978-9000705583,Natus tempora dicta,Sanjay Chatterjee,McGraw Hill,Computer Science,8,3,1401.29
1050,979-9080169496,Nulla eum voluptates vel quia qui,Arjun Hegde,Pearson,Reference,5,2,1864.97
1051,978-5656861750,Accusamus tempore ut libero et,Siddharth Reddy,Oxford University Press,Reference,7,2,565.89
1052,978-5623140246,Ea quam voluptates velit similique,Falguni Kumar,O'Reilly,Fiction,2,2,1737.69
1053,978-9962893893,Odit neque alias quia deleniti,Manish Chakraborty,O'Reilly,Physics,3,2,379.48
1054,978-3728718293,Quo nobis dolor distinctio deleniti perspiciatis,Ananya Mishra,Springer,Electronics,2,2,590.28
1055,979-7635466560,Fuga facilis error,Nisha Suri,Oxford University Press,Physics,3,0,3239.68
1056,979-6947726586,Magnam sint praesentium officiis,Zara Kumar,Springer,Mechanical,7,3,924.05
1057,978-6872778840,Impedit explicabo repudiandae incidunt voluptate,Isha Singh,Pearson,Mathematics,3,2,986.75
1058,979-2173201770,Beatae cupiditate incidunt debitis nisi,Amit Rao,Oxford University Press,Fiction,2,1,1784.31
1059,978-6169578161,Ipsa eligendi optio perspiciatis odio praesentium,Falguni Solanki,PHI Learning,Fiction,1,0,2200.45
1060,978-1032704162,Voluptatum rem aut,Manoj Reddy,Pearson,Civil,3,3,749.81
1061,978-7463079878,Nulla illum libero,Ananya Iyer,Springer,Electronics,7,7,2328.69
1062,978-2219212358,Unde aut ipsam neque adipisci enim,Kavya Shah,Oxford University Press,Mathematics,1,0,1975.31
1063,979-4848949455,Distinctio quod mollitia beatae sequi,Juhi Pandey,PHI Learning,Mathematics,5,0,618.55
1064,979-7718142742,Expedita recusandae iure,Saanvi Chatterjee,McGraw Hill,Management,7,3,1857.6
1065,979-6079705444,Ab fugiat dolore eligendi sunt,Nikita Iyer,Pearson,Fiction,3,2,713.61
1066,978-5621844605,Esse temporibus tenetur perferendis,Vinay Arora,PHI Learning,Fiction,1,0,1402.56
1067,979-4583035523,Tempore impedit accusamus,Sandeep Chakraborty,O'Reilly,Biography,2,1,390.02
1068,978-2627802942,Ratione sapiente maxime,Nikita Bose,McGraw Hill,Electronics,8,4,2749.05
1069,979-6510930504,Et cupiditate nemo inventore nam hic,Nisha Naik,Springer,Biography,8,8,1558.6
1070,979-2964224797,Officia repudiandae reiciendis neque consectetur odio,Anand Patil,Wiley,Management,7,1,2079.6
1071,979-8018101404,Illo et culpa doloremque,Vikas Sinha,Oxford University Press,Fiction,7,6,1792.6
1072,979-5824137134,Magnam occaecati quos,Gauri Rao,Pearson,Mathematics,5,4,1890.05
1073,978-6477767665,Totam saepe culpa eum at ad accusamus,Priya Prasad,Pearson,Computer Science,2,1,3432.81
1074,978-2875760633,Corrupti nulla molestiae voluptas nemo ad,Kartik Suri,PHI Learning,Civil,5,1,1880.73
1075,979-9745906076,Voluptatem odio quod,Isha Saxena,O'Reilly,Fiction,8,6,1546.4
1076,979-2877724228,Dolores tempore error modi,Tanya Malhotra,O'Reilly,Computer Science,8,6,2376.82
1077,979-1258820088,Quas rem fugiat ea,Sneha Rao,McGraw Hill,Biography,6,4,2748.19
1078,978-6649736715,Eius vel occaecati,Nikhil Gupta,PHI Learning,Reference,8,3,1669.72
1079,979-1518510311,Sint beatae unde commodi consequuntur ea,Harshita Sinha,PHI Learning,Mathematics,7,1,2404.15
1080,979-1565390471,At laudantium facere saepe,Nikhil Shah,Oxford University Press,Mathematics,7,5,3325.02
1081,979-8347702329,Aut recusandae impedit laborum numquam,Myra Pandey,Wiley,Mechanical,1,1,2531.21
1082,978-6101998025,Porro fugiat et tenetur,Nisha Bhatia,McGraw Hill,Biography,3,3,3260.75
1083,979-1554499569,Debitis ab debitis necessitatibus,Anjali Solanki,Springer,Mechanical,6,0,405.74
1084,978-5843088764,Sequi blanditiis exercitationem expedita voluptatum nobis,Tanvi Roy,McGraw Hill,Computer Science,6,0,2157.17
1085,978-9138512132,Culpa qui unde,Gaurav Ghosh,Springer,Electronics,4,1,2293.36
1086,979-2700589209,Non modi maxime quis,Anjali Jadhav,Pearson,Physics,7,2,2674.18
1087,979-9548907549,Sint beatae dolor eveniet,Ajay Chandra,PHI Learning,Management,5,3,2297.55
1088,978-4718205068,Assumenda porro consectetur earum,Anjali Singh,O'Reilly,Reference,5,3,2557.61
1089,978-5397817865,Veritatis expedita mollitia eos,Vikram Mishra,Oxford University Press,Management,2,0,2432.37
1090,978-6208133835,Ipsa veniam ullam dolorum dicta sapiente,Lipika Chopra,McGraw Hill,Management,6,5,2352.93
1091,978-6718242768,Vitae aut recusandae nesciunt,Jatin Joshi,PHI Learning,Electronics,8,3,919.93
1092,979-2273125052,Recusandae veritatis laborum sunt,Juhi Kulkarni,Wiley,Electronics,4,2,835.52
1093,979-6070851343,Nisi earum eum autem fugit,Ishani Bose,Springer,Civil,3,1,1009.61
1094,978-2974371345,Necessitatibus fugiat odio aperiam,Harsh Desai,Wiley,Electronics,7,0,591.36
1095,978-2357708257,Suscipit vero ducimus illum,Aditya Joshi,O'Reilly,Electronics,2,0,986.76
1096,979-8824530632,Repudiandae officia vitae explicabo adipisci debitis,Ashish Deshmukh,PHI Learning,Computer Science,6,5,3044.13
1097,978-8435840799,Inventore delectus doloribus dolor fuga,Harshita Iyer,Wiley,Electronics,8,8,2875.7
1098,978-5935012101,Quod commodi et,Komal Mahajan,O'Reilly,Management,3,1,2590.05
1099,978-2121487599,Quaerat distinctio necessitatibus,Kiran Roy,Wiley,Management,3,0,3239.5
1100,979-8477946309,Tempore natus harum nobis minima,Ayaan Kumar,Oxford University Press,Electronics,1,0,2530.8
1101,979-3466477003,Natus quaerat veniam,Siddharth Bhat,Springer,Management,7,3,3427.04
1102,979-8435516175,Nemo officia placeat,Amit Suri,Pearson,Management,8,5,1245.26
1103,978-8539703576,Et eum deserunt rem libero,Gaurav Sen,McGraw Hill,Mathematics,6,4,2549.77
1104,978-4462820989,In commodi cupiditate eveniet,Ankit Desai,Pearson,Chemistry,2,0,2594.26
1105,979-1657995645,Dolores accusantium accusantium quos nemo,Esha Jadhav,PHI Learning,Fiction,3,0,2994.35
1106,978-2062615627,Tenetur eligendi sapiente,Deepti Shah,O'Reilly,Biography,2,2,2888.27
1107,978-3278129220,Alias modi minus excepturi accusamus,Sandeep Patil,Oxford University Press,Civil,8,8,2295.05
1108,978-4075332536,Atque rem quam earum quidem id,Ajay Kumar,Oxford University Press,Management,1,1,506.87
1109,979-6125178776,Quo laudantium aliquid error voluptates laudantium,Naveen Bansal,Wiley,Management,2,2,2285.54
1110,978-9743427905,Sapiente vel aut,Chandni Das,O'Reilly,Biography,4,1,2532.53
1111,978-1461096014,Aliquid ab autem eum,Harsh Thakur,Oxford University Press,Computer Science,8,8,1479.41
1112,978-6035833115,Dolorem at quam repellat repellendus,Aarav Das,Pearson,Management,8,0,1021.99
1113,978-4360095761,Voluptatibus vel sint ea quos beatae,Vaishnavi Rao,O'Reilly,Computer Science,2,1,444.96
1114,978-5955040923,Asperiores eveniet nostrum repellat,Deepika Mehta,McGraw Hill,Civil,6,3,2603.71
1115,978-2636976110,Praesentium unde nesciunt blanditiis,Jatin Deshmukh,Springer,Management,7,3,919.49
1116,978-5322332031,Similique quidem suscipit vitae impedit,Pallavi Yadav,Springer,Fiction,6,0,2331.58
1117,979-3894570965,Pariatur maxime dolores labore laudantium,Aditi Roy,Springer,Physics,6,1,843.93
1118,979-6300536301,Eum quasi dolorem eaque,Om Roy,McGraw Hill,Civil,3,2,1178.68
1119,978-3826622428,Quae explicabo saepe doloribus,Bhumi Ghosh,McGraw Hill,Biography,6,3,1218.18
1120,978-2824674153,Possimus asperiores libero distinctio,Abhishek Thakur,Oxford University Press,Electronics,5,2,1598.65
1121,978-1804617506,Iusto harum laborum excepturi,Varun Banerjee,Springer,Electronics,8,2,2808.27
1122,978-4419293829,Quis maiores et velit provident omnis,Saurabh Arora,Oxford University Press,Biography,8,4,3054.72
1123,978-8782133898,Autem consectetur totam harum iste nulla,Varun Bhatia,Springer,Computer Science,8,3,431.3
1124,979-2988867405,Quod deleniti eius cum,Sandeep Mishra,Wiley,Mechanical,8,6,759.97
1125,979-8705169621,Veritatis neque aut itaque,Pooja Mahajan,Oxford University Press,Chemistry,1,1,638.69
1126,978-4047533955,Quia dolores tempora,Aarohi Pillai,Wiley,Computer Science,2,2,592.75
1127,978-4760525695,Eaque labore minus explicabo,Vivaan Malhotra,Pearson,Computer Science,4,4,614.44
1128,979-8949829900,Unde assumenda inventore,Ishani Kapoor,PHI Learning,Biography,4,2,1366.44
1129,979-3288532204,Id inventore ex,Pooja Kapoor,Pearson,Management,1,1,598.98
1130,978-3596207644,Earum atque officiis quasi in,Harshita Desai,Pearson,Civil,7,2,2327.42
1131,979-2727197039,Deleniti debitis eius non,Vinay Sinha,McGraw Hill,Mathematics,5,0,570.99
1132,978-7509774756,Inventore perspiciatis officia vero dolor amet,Pooja Shah,O'Reilly,Physics,7,1,1028.37
1133,978-6409902455,Nemo dolores minus,Sanjay Jadhav,PHI Learning,Mathematics,3,2,2466.26
1134,978-8314909069,Dolorem nulla quaerat hic,Arjun Nair,Pearson,Management,7,5,1222.65
1135,978-3268153702,Dolore reprehenderit porro,Anjali Yadav,Oxford University Press,Fiction,6,3,917.09
1136,978-2833364405,Dignissimos ratione expedita enim nisi quasi,Bhumi Khanna,Oxford University Press,Civil,3,3,569.2
1137,979-1662460644,Delectus tenetur numquam,Jyoti Bansal,Pearson,Reference,2,1,2696.11
1138,978-8573043204,Sequi porro cumque placeat,Garima Sen,O'Reilly,Electronics,4,4,2719.29
1139,979-6412858202,Deleniti tempore consequuntur accusamus,Aarav Mukherjee,Oxford University Press,Electronics,3,3,3381.91
1140,978-4223151539,Incidunt accusantium voluptate sunt cupiditate quis,Aditya Bhat,O'Reilly,Computer Science,4,4,3270.43
1141,979-1003510160,Nisi voluptas nesciunt,Nitin Iyer,Pearson,Mathematics,8,4,944.77
1142,979-8710097825,Sit labore aliquid accusantium perspiciatis enim,Simran Trivedi,PHI Learning,Chemistry,7,2,1017.98
1143,979-1272062682,Minima cumque corporis atque,Nitin Kumar,Pearson,Biography,6,6,925.6
1144,978-9993962396,Rem excepturi laudantium expedita,Ankit Kumar,O'Reilly,Reference,4,1,2132.95
1145,979-9291955077,Ducimus laborum facilis accusamus explicabo quae,Kritika Patil,PHI Learning,Management,5,0,3257.24
1146,979-1018103918,Quo sequi temporibus nisi beatae placeat,Varun Bose,Springer,Electronics,4,2,753.04
1147,979-4659376279,Corporis illum dolore,Sandeep Bansal,Springer,Physics,8,8,453.74
1148,979-2895152340,Facere adipisci neque,Varun Kapoor,PHI Learning,Civil,8,4,1321.08
1149,978-1224334419,Facere quia deserunt veritatis odit,Manish Naik,O'Reilly,Reference,2,2,1500.3
1150,978-4843734021,Soluta perspiciatis tempore ipsum,Anand Patel,Wiley,Electronics,4,3,739.09
1151,979-8154487111,Cupiditate tenetur expedita ex nihil veniam,Deepika Sethi,Wiley,Mechanical,6,1,2038.21
1152,978-2452797970,Est aliquam maxime exercitationem,Ishita Patel,Oxford University Press,Reference,3,1,1769.26
1153,978-8847124070,Commodi recusandae necessitatibus recusandae expedita beatae,Pari Bose,PHI Learning,Civil,4,2,1338.34
1154,979-5129287798,Libero placeat iure,Shubham Sinha,PHI Learning,Mechanical,8,8,2935.94
1155,978-7795153879,Minima enim nam,Arjun Mishra,PHI Learning,Mathematics,4,0,2617.15
1156,978-6448632907,Esse enim reiciendis accusamus,Tanya Bansal,Pearson,Reference,2,2,2159.7
1157,979-2732149204,Dolor repudiandae commodi,Om Verma,Oxford University Press,Civil,4,3,695.85
1158,978-4333435711,Esse inventore optio a dolorum expedita,Vaishnavi Nair,Wiley,Chemistry,6,4,3319.14
1159,979-4602002045,Quos magnam vero natus,Kritika Bhat,Oxford University Press,Reference,6,1,1490.49
1160,978-3876934753,Quae consequuntur quasi,Gopal Singh,Pearson,Physics,1,1,2604.98
1161,978-1329535263,Nesciunt aspernatur dolor labore explicabo,Priya Shinde,Wiley,Civil,7,6,365.93
1162,979-4326578870,In vitae atque ea error,Yamini Bhat,Oxford University Press,Civil,6,2,353.35
1163,979-2251619825,Cupiditate ipsa soluta rem,Nikita Pandey,Springer,Chemistry,5,2,2615.12
1164,978-7838263539,Placeat dicta consequatur,Charu Patil,PHI Learning,Reference,8,6,1484.27
1165,978-2733952672,Dicta esse error unde itaque delectus,Ashish Ghosh,Oxford University Press,Physics,2,1,1958.84
1166,979-4003512837,Atque minima possimus magnam placeat,Myra Saxena,Oxford University Press,Chemistry,1,0,2583.42
1167,978-6481960772,Iusto incidunt in illum adipisci,Neha Bhatia,Oxford University Press,Chemistry,7,3,850.2
1168,978-3530554391,Ad quisquam at consequuntur tenetur ratione,Harsh Hegde,Pearson,Fiction,7,3,2166.9
1169,979-9274274163,Maiores consectetur molestiae natus eos quidem,Saurabh Chopra,Wiley,Mathematics,7,5,386.1
1170,978-7098865854,Commodi pariatur iure quis maxime,Swati Iyer,Oxford University Press,Computer Science,4,4,372.68
1171,979-9095699826,Assumenda earum voluptates,Tarun Banerjee,PHI Learning,Mechanical,4,1,416.15
1172,978-1652179768,Ex atque enim,Tanvi Dubey,Wiley,Physics,7,3,719.54
1173,978-4052122648,Porro sint commodi nesciunt magni quaerat,Karthik Desai,Wiley,Physics,2,1,310.24
1174,978-5120031096,Maiores natus voluptas consequatur,Urvi Das,Pearson,Mathematics,7,1,316.73
1175,979-1469251312,Error est voluptatibus,Prateek Shah,Wiley,Management,4,1,1958.98
1176,979-6900400535,Rem numquam dicta,Chandni Hegde,Springer,Management,8,3,3377.43
1177,978-3165603817,A nobis commodi,Vivaan Reddy,PHI Learning,Biography,2,0,1137.15
1178,979-8090223096,Doloribus aut ad,Sai Prasad,PHI Learning,Civil,4,1,2085.48
1179,979-6574105476,Ipsam animi commodi illo voluptatem reprehenderit,Myra Bansal,PHI Learning,Electronics,1,1,2278.03
1180,978-4597292083,Ea nostrum ipsa omnis commodi corporis,Bhumi Chopra,McGraw Hill,Physics,7,1,2028.14
1181,979-9065712577,Delectus repellendus omnis,Divya Bhat,Oxford University Press,Mathematics,8,1,727.59
1182,978-4739315270,Maiores praesentium dicta laboriosam,Saurabh Agarwal,Springer,Computer Science,5,2,2167.5
1183,978-1977897875,Pariatur vero laudantium pariatur,Akash Shinde,Oxford University Press,Electronics,3,0,417.1
1184,979-8371251901,Harum reiciendis iure repellendus corporis,Kritika Thakur,Pearson,Mechanical,6,6,811.81
1185,978-2021677807,Itaque natus accusamus esse,Aditya Deshmukh,PHI Learning,Physics,8,8,2293.76
1186,979-8874100296,Ipsam tenetur explicabo consequuntur sunt itaque,Swati Chopra,Wiley,Management,8,0,1155.15
1187,979-7645470101,Voluptatem facere sequi,Vidya Rathore,PHI Learning,Reference,7,2,803.37
1188,978-4993629318,Distinctio temporibus minima maiores cupiditate corrupti,Riya Rathore,Wiley,Mechanical,1,1,3455.88
1189,978-2698734008,Excepturi quaerat ratione eius quis esse,Ishaan Mahajan,PHI Learning,Fiction,6,5,729.06
1190,978-2513004066,Architecto saepe laborum vitae non,Lipika Joshi,Pearson,Computer Science,8,6,2864.59
1191,979-5009202437,Nemo unde quod minima,Anjali Chopra,Springer,Physics,6,3,2119.15
1192,978-4303758025,Possimus nihil neque,Ishani Sethi,O'Reilly,Reference,8,2,2917.44
1193,979-1539810292,Nulla illo aliquid sequi culpa atque,Meera Jadhav,O'Reilly,Reference,8,2,3477.96
1194,978-9812618972,Libero perspiciatis eum,Aakash Solanki,Oxford University Press,Reference,7,1,1159.87
1195,978-8783181484,Voluptatem repellat quasi dolores,Vinay Dutta,McGraw Hill,Mathematics,7,1,388.47
1196,978-6206640863,Quas fugit voluptate ullam,Rajesh Chopra,Springer,Mechanical,8,5,1778.63
1197,978-2716714010,Nostrum beatae sed,Manish Chatterjee,Springer,Physics,2,1,3352.58
1198,978-3256925150,Ipsam fugiat occaecati,Manish Dutta,Oxford University Press,Reference,3,3,2466.81
1199,978-7646474223,Unde eum praesentium,Tanvi Reddy,Pearson,Civil,6,6,1777.63
1200,978-8767473188,Consequatur odit nam deserunt laudantium,Pranav Agarwal,Springer,Mathematics,4,0,1815.58
1201,978-5517929120,Dolorem quia inventore minus,Simran Prasad,Oxford University Press,Civil,1,0,1233.99
1202,978-5959710637,Assumenda ad vero atque,Ashish Shah,PHI Learning,Reference,8,0,2968.8
1203,978-3940130399,Repellat tempora facere,Arjun Nair,Oxford University Press,Physics,4,3,937.8
1204,978-3926745111,Necessitatibus sint exercitationem placeat vero,Rahul Tiwari,Pearson,Computer Science,4,0,2462.4
1205,978-4807512630,Libero rerum necessitatibus labore explicabo nulla,Mohit Sinha,Pearson,Reference,8,7,1563.84
1206,978-9376541159,Sequi reiciendis ipsa numquam soluta necessitatibus,Ishani Rao,Springer,Biography,1,1,2128.71
1207,979-8819334322,Quos error blanditiis,Urvi Malhotra,O'Reilly,Mechanical,7,2,693.79
1208,979-3386003880,Amet molestiae ad reprehenderit,Manoj Banerjee,McGraw Hill,Civil,7,5,2712.32
1209,979-4354801757,Ullam dolorum praesentium architecto,Deepika Chauhan,McGraw Hill,Mechanical,4,0,1878.62
1210,979-3938954439,Voluptas asperiores nemo sequi,Shreya Gupta,Pearson,Management,6,6,1750.94
1211,979-2883517752,Magnam id animi possimus beatae iusto,Pranav Reddy,Pearson,Computer Science,2,2,3499.8
1212,979-8389711154,Officiis adipisci in dicta,Rohit Solanki,Wiley,Electronics,4,4,975.96
1213,978-4279268193,Consequuntur molestias quasi,Myra Dutta,Pearson,Mechanical,3,0,557.19
1214,978-6500418346,Doloremque asperiores veniam,Anjali Mukherjee,Oxford University Press,Fiction,4,3,704.73
1215,978-6185128762,Praesentium quisquam alias voluptatem veniam nisi,Deepak Singh,Pearson,Management,6,0,3161.15
1216,979-6781879872,Ut suscipit laboriosam consectetur quam aut,Megha Shah,McGraw Hill,Civil,7,2,2659.95
1217,978-4897281105,Magni officiis inventore esse sed voluptas,Anjali Ghosh,Springer,Reference,1,1,1146.39
1218,979-9836532427,Ut ad quos,Tarun Bhat,Pearson,Physics,4,1,2161.53
1219,978-2968783229,Modi similique placeat qui,Meera Rao,Wiley,Management,1,0,2931.08
1220,978-6871815693,Laboriosam harum fugiat commodi praesentium mollitia,Oindrila Arora,PHI Learning,Fiction,2,0,2423.45
1221,978-3228037347,Ipsa tempore voluptatem,Pari Nair,Wiley,Physics,5,1,1824.22
1222,978-5875307942,Explicabo exercitationem ullam dolores at,Gaurav Arora,Wiley,Mechanical,8,6,775.68
1223,979-2837178229,Dolorem quibusdam suscipit,Vaishnavi Mukherjee,PHI Learning,Biography,6,5,1076.53
1224,978-9605544910,Necessitatibus voluptatibus accusamus quam repellat asperiores,Nikita Chopra,Pearson,Mechanical,2,1,2738.2
1225,978-6708518200,Ipsa eligendi et,Arjun Patil,Springer,Reference,3,1,3075.18
1226,979-4244895853,Omnis doloribus eos non laboriosam commodi,Bhavya Mishra,Oxford University Press,Electronics,1,0,643.79
1227,978-4974049421,Asperiores vel dignissimos,Riya Saxena,Pearson,Mechanical,5,5,2541.6
1228,979-3680023653,Tempore similique ipsam esse facilis,Dhruv Gowda,Springer,Reference,5,1,503.03
1229,978-7379625027,Eos officiis minima eaque possimus magnam,Lavanya Kumar,O'Reilly,Chemistry,4,3,2453.42
1230,979-4945247033,Expedita illum veritatis,Diya Bhat,Springer,Fiction,2,2,2791.89
1231,979-8804776672,Eius dignissimos consequatur voluptate dolorem quia,Madhuri Yadav,O'Reilly,Reference,6,2,2820.71
1232,979-9382695426,Commodi quam ratione alias,Dev Singh,Oxford University Press,Computer Science,6,0,1363.58
1233,979-8370291603,Praesentium officiis iste beatae,Lavanya Nair,Wiley,Mechanical,3,0,1537.19
1234,979-8594912946,Saepe earum nihil error vitae animi,Ashish Thakur,Pearson,Chemistry,8,4,270.59
1235,979-6502730688,Fugit accusantium fugit ipsam dolore fugit,Nisha Naik,Oxford University Press,Biography,2,0,2901.95
1236,978-7622988791,Minus optio adipisci quis vel,Rohan Pandey,Pearson,Biography,6,6,1375.03
1237,978-6551583097,Quidem excepturi repudiandae ea quidem dolor,Zara Roy,McGraw Hill,Fiction,7,3,1672.8
1238,979-1243803797,Exercitationem repudiandae ipsa,Neha Mukherjee,Pearson,Physics,2,2,2539.89
1239,978-6265559054,Quos unde quibusdam rem mollitia,Jyoti Verma,Springer,Computer Science,2,1,2961.66
1240,979-9222590577,Similique vel iure nemo,Tanvi Pillai,PHI Learning,Electronics,8,0,765.04
1241,978-9450205759,Quisquam ea vero iusto voluptatibus dolores,Akash Thakur,PHI Learning,Mechanical,6,0,2517.26
1242,979-5495776871,Eligendi placeat earum,Krishna Khanna,McGraw Hill,Reference,8,0,3170.19
1243,978-3008680572,Quo eos necessitatibus aliquam,Madhuri Bose,Pearson,Computer Science,4,3,1329.39
1244,979-8594607932,Facere omnis quos repellat,Vikram Shinde,Oxford University Press,Chemistry,5,4,325.51
1245,978-1813596332,Accusamus esse optio saepe sed ipsam,Shreya Saxena,Pearson,Mathematics,8,7,1364.57
1246,979-5477906418,Ipsam iure vitae,Ishani Chauhan,Oxford University Press,Biography,2,2,2765.13
1247,979-2837340779,Odit nam illum neque aspernatur tempore,Naveen Patil,PHI Learning,Mathematics,1,0,3208.67
1248,978-1839307035,Et aperiam debitis quisquam eius sit,Anika Malhotra,O'Reilly,Biography,3,2,294.63
1249,978-7152756177,Dolorem cupiditate sit,Radhika Agarwal,Wiley,Biography,5,3,1749.99
1250,978-8941549556,Doloremque omnis delectus,Rohan Solanki,Springer,Chemistry,7,2,3185.13
1251,979-7133233906,Similique neque aliquam quaerat aperiam quaerat,Pranav Sinha,Oxford University Press,Chemistry,3,0,2546.55
1252,978-1375171058,Voluptate accusamus sapiente sed,Kavya Nair,PHI Learning,Mechanical,1,1,1338.8
1253,978-9252361012,Quaerat nobis expedita aspernatur ipsam maiores,Ashish Verma,Oxford University Press,Mathematics,1,1,1464.18
1254,979-2858016817,Dignissimos necessitatibus repudiandae perspiciatis,Karthik Solanki,Wiley,Mathematics,5,4,1734.12
1255,978-7835738480,Odit soluta corporis,Sneha Chauhan,Wiley,Mechanical,1,0,854.01
1256,979-4524459162,Non facere voluptate tempore fugiat,Urvi Iyer,Wiley,Chemistry,3,0,3084.4
1257,979-8747766845,Numquam cum aliquid ut,Aniket Saxena,McGraw Hill,Civil,5,4,707.45
1258,978-5915628847,Ad non repellat magni quos magni,Siddharth Mahajan,McGraw Hill,Reference,6,3,1661.62
1259,979-2679981343,Quae velit fugiat nesciunt omnis corrupti,Sameer Dubey,Oxford University Press,Reference,4,4,2335.87
1260,978-1307195243,Veritatis vero voluptatibus,Ishita Gowda,O'Reilly,Electronics,2,0,2624.25
1261,978-2089141218,Magnam nemo molestias in quasi sed,Varun Rao,O'Reilly,Fiction,3,2,1462.3
1262,978-7030089491,Reiciendis non omnis maxime et deserunt,Kartik Iyer,Oxford University Press,Civil,6,1,2776.33
1263,978-4225763476,Eos doloribus doloribus quisquam facere iste,Nikita Patil,PHI Learning,Management,7,7,2924.14
1264,979-3850774640,Possimus ipsam vero,Deepti Pandey,Pearson,Electronics,8,2,1538.96
1265,978-6646245514,Facere explicabo magni totam officiis,Deepak Joshi,PHI Learning,Physics,6,3,1709.92
1266,979-1440558161,Dolorem ratione dolorem repudiandae voluptates unde,Suresh Patel,O'Reilly,Civil,4,2,593.81
1267,978-8784904463,Quod illum nesciunt consequuntur,Om Chakraborty,McGraw Hill,Mechanical,3,1,1254.59
1268,978-9402946101,Recusandae exercitationem blanditiis illum,Lipika Bansal,PHI Learning,Electronics,1,0,1655.86
1269,978-4557565533,Voluptatem nemo odio quo tempore soluta,Vikas Menon,Pearson,Mathematics,5,4,3380.38
1270,979-1480438957,Cumque in quisquam,Aditya Trivedi,Wiley,Physics,1,0,528.19
1271,978-3426498873,Quia consectetur alias inventore porro voluptatibus,Ira Menon,Oxford University Press,Management,7,3,3478.63
1272,978-6395557447,Maiores minus harum,Isha Chatterjee,Wiley,Management,6,6,500.94
1273,978-9864466835,Explicabo illo nam quae blanditiis,Meera Suri,McGraw Hill,Reference,7,7,342.0
1274,979-2952373420,Nihil nulla voluptatibus aliquid qui,Rahul Mahajan,O'Reilly,Chemistry,2,1,1204.66
1275,978-8405817216,Veniam tenetur occaecati qui ipsa,Om Singh,Wiley,Mechanical,1,0,294.22
1276,978-8343649207,Praesentium quasi quam nihil reprehenderit magni,Akash Deshmukh,O'Reilly,Computer Science,4,1,706.59
1277,978-9472827564,Tempora nisi fuga,Varun Verma,Springer,Biography,6,2,916.22
1278,978-4829028662,Fugit ipsa magni nihil velit,Rajesh Patel,Wiley,Electronics,5,4,2992.17
1279,978-8641160991,Doloremque laudantium aliquid,Madhuri Desai,Pearson,Physics,8,6,1622.24
1280,979-3800273385,Tempore neque sapiente incidunt eum et,Jatin Suri,Wiley,Computer Science,6,2,2324.62
1281,979-5796894190,Veritatis aliquam velit sunt,Pranav Sethi,McGraw Hill,Biography,6,4,413.73
1282,979-8183701297,Inventore eius sunt et,Nitin Mahajan,McGraw Hill,Mechanical,3,1,2824.39
1283,978-2212700182,Eligendi blanditiis earum ipsa suscipit,Aditi Dutta,McGraw Hill,Mechanical,7,6,514.57
1284,978-1461800930,Vel ea non autem,Prateek Mukherjee,McGraw Hill,Electronics,3,2,1690.74
1285,979-1042270472,Pariatur consequuntur dignissimos saepe,Lavanya Khanna,Pearson,Management,2,1,1891.47
1286,979-5614911885,Ad temporibus vero molestiae,Anika Shah,Springer,Electronics,5,5,1309.56
1287,979-3396851896,Ab rerum ad dicta,Vaishnavi Kulkarni,Pearson,Chemistry,6,4,3279.24
1288,979-8495252267,Incidunt ipsam commodi iste ullam quaerat,Pooja Dutta,Springer,Reference,5,4,262.66
1289,979-3600421729,Ipsam inventore ea,Harish Verma,Wiley,Chemistry,6,2,1946.55
1290,978-8793000808,Voluptatibus quasi blanditiis,Kartik Suri,PHI Learning,Mechanical,7,6,2761.69
1291,978-3234922939,Rem quia dolore asperiores culpa,Anjali Kumar,Springer,Electronics,8,3,2803.41
1292,979-5801597675,Eius occaecati maiores quod provident,Kiran Kumar,Pearson,Chemistry,7,1,1302.98
1293,978-2124807306,Tempora alias aut provident maxime,Madhuri Chandra,O'Reilly,Biography,5,4,1982.59
1294,978-4049889369,Sapiente optio soluta alias,Bhavya Shah,Pearson,Management,7,6,3016.41
1295,979-3782082296,Ab consequatur fugiat velit perferendis eaque corrupti,Sakshi Saxena,McGraw Hill,Fiction,6,5,1021.39
1296,978-7194812256,Quasi eligendi dicta soluta,Reyansh Rao,McGraw Hill,Mechanical,3,2,2024.25
1297,979-1873387507,Similique quibusdam a architecto nam dignissimos,Bhumi Kapoor,PHI Learning,Physics,8,3,1373.47
1298,979-5489836719,Aliquam porro nostrum occaecati,Oindrila Hegde,O'Reilly,Electronics,2,0,3059.23
1299,979-5243935642,Odit laborum omnis debitis,Vivaan Thakur,Wiley,Electronics,1,1,593.67
1300,978-7723360079,Sapiente soluta pariatur laudantium,Rahul Mehta,Oxford University Press,Chemistry,4,1,1363.66
1301,979-7476920426,Hic explicabo laboriosam atque beatae sunt quidem,Pranav Arora,O'Reilly,Mathematics,3,0,517.62
1302,979-5500361731,In ipsum dolorum incidunt,Diya Bansal,O'Reilly,Biography,3,0,320.56
1303,978-1216459891,Iure eum beatae possimus,Ira Desai,Pearson,Physics,2,1,2615.64
1304,978-4819444820,Quo laborum rem,Saurabh Ghosh,Oxford University Press,Computer Science,5,5,2448.64
1305,979-6846587876,Nobis porro adipisci eaque dolor sed,Rohit Bose,O'Reilly,Physics,3,2,752.88
1306,979-5181247637,Aperiam quo ea et hic,Ankit Naik,Wiley,Reference,2,0,1946.93
1307,978-5495113196,Incidunt ea amet laborum dolor,Anjali Singh,Pearson,Chemistry,4,1,2279.58
1308,979-3949851080,Est illum nemo,Gauri Sen,Pearson,Fiction,1,0,3244.54
1309,978-7657649577,Modi quod beatae voluptas,Saanvi Bhatia,Wiley,Computer Science,1,0,2501.67
1310,978-7978275676,Ex non accusantium quam rem at,Mohit Chakraborty,McGraw Hill,Electronics,7,6,1595.99
1311,979-3074143933,Totam quisquam mollitia omnis maxime,Diya Malhotra,O'Reilly,Mechanical,2,1,2166.46
1312,979-3815335032,Modi voluptates saepe hic quaerat,Ankit Chatterjee,Pearson,Chemistry,1,0,1332.32
1313,978-5562192289,Reiciendis tenetur ex dolor,Jatin Shah,Oxford University Press,Physics,7,2,2027.45
1314,979-7337326549,Velit alias accusantium velit,Yash Malhotra,Wiley,Biography,8,3,2455.4
1315,978-3656585583,Magnam recusandae aliquam,Amit Singh,Springer,Reference,8,1,1963.89
1316,978-6590640873,Error dolorem quo dolorum,Harish Tiwari,Pearson,Reference,5,2,2731.56
1317,978-5355174834,Quibusdam repellat fugiat id,Garima Patil,Springer,Management,8,1,2493.67
1318,978-2833540960,Similique asperiores magnam provident,Namrata Chandra,PHI Learning,Biography,5,3,3147.8
1319,978-7083866043,Accusantium quia molestiae ullam atque,Diya Shah,Wiley,Physics,8,5,347.8
1320,979-3921981301,Recusandae deserunt non est eum maiores,Kiran Yadav,PHI Learning,Fiction,6,4,515.0
1321,979-8386151181,Error itaque aut,Karthik Bansal,Springer,Mechanical,6,1,1657.12
1322,978-7337690987,Iusto eos at vitae natus laboriosam,Reyansh Yadav,Wiley,Management,4,4,518.41
1323,979-2265978169,Magni fugit voluptatibus quas veritatis quis,Harish Roy,O'Reilly,Chemistry,3,3,712.46
1324,978-1495831568,Iste neque ad,Kunal Solanki,McGraw Hill,Management,6,1,1000.18
1325,978-2545590128,Ipsum labore autem est,Ankit Gupta,PHI Learning,Physics,2,1,1904.46
1326,978-3529494334,Repellat voluptate atque,Radhika Bansal,Pearson,Computer Science,3,0,3323.91
1327,979-8691668356,Dignissimos velit nisi assumenda,Aditya Dutta,PHI Learning,Mechanical,2,2,1154.38
1328,978-6743679560,Nulla labore quam necessitatibus doloremque,Garima Patil,Oxford University Press,Mechanical,7,1,3424.96
1329,978-9633312195,Dolorum est excepturi corrupti eum natus,Oindrila Jadhav,O'Reilly,Mathematics,5,4,1089.73
1330,978-1308669541,Sit eaque distinctio natus laborum,Varun Menon,Wiley,Biography,4,4,688.87
1331,978-6493477641,Est officiis eum quae maiores similique,Chirag Mukherjee,Oxford University Press,Biography,1,1,2648.05
1332,978-5620252222,Ullam incidunt aspernatur,Om Bansal,Wiley,Chemistry,7,0,2729.35
1333,978-2120064349,Quidem cum quibusdam,Saanvi Iyer,McGraw Hill,Computer Science,7,1,3157.02
1334,979-6167717584,Deserunt sit beatae suscipit,Naveen Banerjee,O'Reilly,Chemistry,5,2,510.0
1335,979-7042633125,Cupiditate rem laborum quibusdam molestias id,Saanvi Trivedi,Pearson,Physics,3,1,2379.35
1336,979-7447724112,Blanditiis voluptatum quam sunt,Aarohi Rao,Springer,Mechanical,3,3,2420.79
1337,978-8708372680,Minima nostrum fuga officiis,Kavya Gowda,PHI Learning,Management,2,1,546.15
1338,978-4488616464,Enim placeat rem,Suresh Menon,O'Reilly,Mechanical,2,2,2248.98
1339,978-4097690553,Maxime dolorum iure vel unde,Lipika Chopra,Oxford University Press,Physics,4,2,3480.04
1340,979-9545893847,Cum quaerat labore,Vidya Desai,Springer,Computer Science,2,1,878.43
1341,979-4750326329,Impedit corrupti architecto voluptate est,Nikhil Mukherjee,Oxford University Press,Electronics,7,7,332.84
1342,979-2183353570,Dicta atque itaque atque,Falguni Sharma,PHI Learning,Electronics,2,2,395.41
1343,978-2340652443,Iusto culpa expedita nam dolorem occaecati,Anjali Deshmukh,Pearson,Chemistry,7,3,1056.25
1344,979-7066300757,Earum reprehenderit sint nesciunt,Urvi Sharma,Springer,Chemistry,4,0,3208.74
1345,979-3549647501,Facilis quisquam vel natus,Shreya Shah,Pearson,Computer Science,6,1,466.5
1346,978-5670218565,Aspernatur corrupti quas eius,Varun Gowda,McGraw Hill,Mathematics,4,2,390.87
1347,979-9495108376,Natus consectetur minima officia,Bhumi Patil,Oxford University Press,Chemistry,7,3,1466.1
1348,979-6656414640,Ex quo nihil eius rem,Kritika Sharma,O'Reilly,Fiction,4,4,3211.4
1349,978-8487481865,Pariatur labore cumque quos voluptatibus at,Sakshi Sinha,Pearson,Electronics,1,0,2649.87
1350,979-9861216461,Corporis cum soluta eum tempore amet,Rajesh Sinha,Pearson,Fiction,4,0,586.13
1351,978-7374258785,Rem incidunt iusto esse quis dolores,Falguni Saxena,PHI Learning,Chemistry,6,5,1289.68
1352,979-9941481921,Fugiat harum labore est minima,Oindrila Pillai,O'Reilly,Electronics,8,1,1760.05
1353,978-5495128683,Aspernatur non distinctio cumque odio eius,Sanjay Patel,Oxford University Press,Civil,7,4,3112.05
1354,979-4927418230,Saepe natus laudantium,Amit Agarwal,PHI Learning,Reference,1,1,2347.75
1355,979-8810496406,Placeat nam ipsa expedita,Pari Arora,Wiley,Computer Science,6,5,1847.54
1356,978-7606382841,Sint sequi quo,Myra Ghosh,Oxford University Press,Fiction,1,1,2225.44
1357,979-3628976787,Quas distinctio nam voluptatum vel,Diya Ghosh,O'Reilly,Chemistry,1,0,712.54
1358,978-1485267577,Fugiat ut voluptatum deserunt facere,Ayaan Patil,Pearson,Fiction,5,4,2543.7
1359,979-5737145883,Ab est atque fuga,Anand Yadav,PHI Learning,Chemistry,5,0,419.67
1360,978-2342762714,Magnam accusamus earum officia,Sanjay Sinha,PHI Learning,Biography,5,4,379.69
1361,979-5925646531,Id voluptatum provident earum animi nemo,Aparna Sharma,O'Reilly,Mathematics,2,0,261.54
1362,978-6631212589,Sint unde voluptatum,Vaishnavi Mukherjee,Springer,Mathematics,5,1,729.71
1363,979-9778024570,Iste cupiditate quibusdam officia molestias aut fuga,Komal Nair,Pearson,Biography,4,1,3087.84
1364,978-6061122368,Tempora corrupti quasi sit consectetur in,Komal Bhat,Wiley,Mechanical,4,1,1801.91
1365,978-5842549640,Animi odit aperiam,Naveen Jadhav,Pearson,Mathematics,4,2,1400.84
1366,979-6657715384,Similique eius sequi,Prateek Menon,O'Reilly,Management,1,0,3238.87
1367,978-2652470007,Qui ex perferendis tempore tempore cumque,Myra Thakur,Springer,Biography,5,0,2326.78
1368,978-4400459002,Quam facilis accusamus optio impedit pariatur,Vaishnavi Rathore,Springer,Physics,1,0,1282.97
1369,979-2021885791,Aperiam repudiandae magnam,Esha Rao,O'Reilly,Management,6,1,1011.49
1370,979-2583550388,Assumenda ipsam eius dicta,Reyansh Sen,McGraw Hill,Physics,1,0,3233.27
1371,979-2389781937,Illum odio sapiente velit est natus,Anand Bhat,PHI Learning,Civil,6,5,2593.46
1372,978-5478647121,Exercitationem necessitatibus possimus,Nikhil Gupta,Pearson,Electronics,2,0,258.68
1373,979-8552924104,Ut at ullam delectus assumenda et,Aparna Mishra,Wiley,Reference,5,5,2286.61
1374,979-6267465039,Vitae quisquam ratione dolor fugiat aspernatur quam,Garima Das,Springer,Electronics,4,3,3227.5
1375,978-1415517545,Est perspiciatis velit sint,Ishita Mahajan,Pearson,Physics,2,0,2677.42
1376,978-9343182360,Est fugit enim,Urvi Pillai,O'Reilly,Chemistry,2,0,427.9
1377,979-4327187974,Consequuntur et dolorem deleniti,Tarun Patil,PHI Learning,Mechanical,6,0,3365.47
1378,979-8223082663,Debitis eos possimus eaque,Divya Chauhan,Oxford University Press,Computer Science,6,4,708.36
1379,979-6111425093,Explicabo facilis quo minima repudiandae porro,Aditya Ghosh,Wiley,Computer Science,2,2,1994.5
1380,978-1690366821,Alias rerum harum modi,Yash Verma,Wiley,Chemistry,2,2,1454.39
1381,978-7322629669,Voluptatibus inventore officia placeat,Reyansh Bose,McGraw Hill,Mechanical,3,1,1284.33
1382,979-1764255713,Dignissimos praesentium magnam rerum,Siddharth Bhat,Pearson,Fiction,1,0,3281.38
1383,979-7567746695,At quo ducimus iusto,Prateek Menon,O'Reilly,Mechanical,8,2,3464.95
1384,978-1506511939,Ullam maxime occaecati,Kritika Sen,Wiley,Computer Science,3,3,543.98
1385,978-4016223628,Consequuntur nesciunt fuga fugiat nihil alias,Sai Jadhav,Springer,Mathematics,3,0,2293.11
1386,979-7745558314,Occaecati sit ab,Suresh Bhatia,PHI Learning,Chemistry,4,3,2132.32
1387,978-6100786619,Labore excepturi temporibus deleniti facere,Tarun Malhotra,McGraw Hill,Reference,2,2,872.36
1388,979-9878548192,Iure delectus accusantium repellat,Gopal Chatterjee,McGraw Hill,Management,6,4,2470.79
1389,978-4052507819,Nisi possimus quasi labore doloribus,Sai Bansal,Springer,Civil,6,6,3178.88
1390,979-2352978293,Nobis laboriosam illo aliquam ut,Rajesh Saxena,PHI Learning,Mathematics,6,0,1049.65
1391,979-2088675835,Quis tempore magni in,Ravi Rathore,O'Reilly,Mathematics,2,1,3290.83
1392,979-4927389158,Veritatis id adipisci maiores,Kiran Prasad,Wiley,Computer Science,6,5,268.38
1393,978-9830763918,Suscipit vitae velit dicta,Tanvi Chauhan,PHI Learning,Electronics,1,1,1448.58
1394,978-2424535560,Quibusdam consectetur ex vero voluptas est,Yash Deshmukh,Pearson,Chemistry,6,4,2174.35
1395,978-1552059762,Reiciendis itaque cumque,Riya Hegde,McGraw Hill,Fiction,5,3,1091.29
1396,978-2717387246,Omnis dicta cupiditate,Ankit Mehta,McGraw Hill,Reference,1,0,1781.63
1397,979-9862285720,Aspernatur doloremque dignissimos at,Amit Prasad,Pearson,Fiction,2,0,2944.88
1398,979-3026317502,Culpa nam quod a,Varun Menon,PHI Learning,Management,7,4,2848.07
1399,979-9939754196,Exercitationem iusto placeat praesentium,Isha Rao,McGraw Hill,Management,2,0,2540.91
1400,978-2584479788,Pariatur rerum provident quis atque consectetur,Diya Chauhan,PHI Learning,Electronics,1,1,2947.27
1401,979-5915810706,Id eveniet eligendi,Komal Gowda,McGraw Hill,Management,7,0,498.84
1402,978-8158749144,Nisi modi expedita pariatur voluptas,Reyansh Rao,Wiley,Chemistry,5,3,2237.27
1403,978-8519653030,Dolore non quisquam,Gauri Gupta,McGraw Hill,Electronics,7,5,2807.54
1404,979-9254236166,Facere magnam a nobis id,Reyansh Naik,Wiley,Biography,6,4,292.89
1405,978-9421472785,Officia consequuntur deleniti,Vivaan Yadav,Pearson,Mechanical,1,1,3431.37
1406,978-3264861282,Error at fugit debitis,Ira Mehta,Wiley,Biography,8,3,1913.62
1407,979-6612759629,Eligendi harum reprehenderit,Jyoti Mishra,Pearson,Management,8,4,1720.24
1408,978-9930417716,Ea veritatis debitis,Manoj Reddy,PHI Learning,Reference,1,1,3202.86
1409,979-2994622942,Placeat rerum iure assumenda placeat,Rajesh Tiwari,McGraw Hill,Computer Science,6,6,1785.31
1410,979-7374224968,Omnis illo rem,Lipika Chatterjee,PHI Learning,Mathematics,2,2,1120.45
1411,979-2687993419,Eum nemo fugit iste,Mohit Iyer,Pearson,Management,5,5,1235.13
1412,979-2877278436,Officiis pariatur in amet incidunt quia,Neha Dutta,Oxford University Press,Reference,7,6,2853.31
1413,978-6487577700,Nobis rem ipsum,Vinay Dutta,Pearson,Management,4,1,1410.64
1414,978-7819458081,Quos quae sapiente voluptas beatae,Jatin Saxena,Wiley,Mechanical,1,1,1331.01
1415,978-6631982031,Voluptatem minus fugit perferendis,Juhi Iyer,O'Reilly,Civil,7,4,557.57
1416,979-9169173378,Ab veniam provident,Kavya Mukherjee,Springer,Chemistry,1,1,363.72
1417,979-4641416483,Deserunt repellat quas iste,Arjun Chauhan,Wiley,Reference,7,3,2810.86
1418,979-8180576152,Iure aliquam sint,Kartik Saxena,Pearson,Reference,1,1,2622.26
1419,979-9466221323,Facilis suscipit placeat dolorum excepturi,Meera Mehta,Pearson,Electronics,5,4,1310.08
1420,979-4165306898,Quisquam ad eaque eos,Aditi Chatterjee,McGraw Hill,Electronics,2,1,643.75
1421,979-9326201690,Accusantium eveniet odio nisi facere,Reyansh Sethi,Wiley,Reference,6,5,1869.97
1422,978-9693436624,Minus id cupiditate,Namrata Menon,O'Reilly,Computer Science,6,4,2629.16
1423,978-4526018045,Atque quas odio inventore earum voluptas,Dev Prasad,McGraw Hill,Civil,6,6,407.3
1424,978-7763596868,Doloribus repudiandae rerum quasi minima itaque,Zara Joshi,O'Reilly,Fiction,5,1,2194.62
1425,978-5594457718,Eveniet alias non,Vinay Prasad,Wiley,Reference,6,6,2126.91
1426,978-2456441710,Fugit voluptatem aspernatur,Radhika Dubey,Wiley,Electronics,4,4,2844.69
1427,979-9045560919,In ad veniam ducimus,Lavanya Chopra,Pearson,Management,4,3,3375.44
1428,978-9857936270,Saepe inventore blanditiis,Pari Tiwari,Springer,Mechanical,2,0,3305.82
1429,979-3574460110,Necessitatibus voluptatum nulla molestiae,Aarohi Bansal,Pearson,Physics,7,1,2512.2
1430,979-1429900470,Possimus aliquid nemo dolor,Sameer Rao,Pearson,Mathematics,5,4,2012.97
1431,978-1384021572,Eius porro delectus magnam aliquid,Riya Banerjee,McGraw Hill,Mechanical,4,3,2834.89
1432,978-5615757336,Tenetur perspiciatis earum illum accusantium,Naveen Prasad,McGraw Hill,Management,4,4,3229.0
1433,978-2983982409,Omnis eius iure ratione odio,Rohit Solanki,Wiley,Chemistry,5,4,3428.5
1434,978-3529169964,Dolore accusantium eveniet,Prateek Roy,Springer,Biography,1,1,1333.74
1435,978-1674981516,Nostrum quas non,Neha Hegde,Springer,Computer Science,3,3,848.75
1436,979-9460193575,Nihil odio eveniet harum ut,Neha Shinde,O'Reilly,Management,8,2,355.32
1437,979-4143063529,Exercitationem eum reprehenderit,Juhi Das,Wiley,Reference,6,2,1809.16
1438,978-9084817314,Iure quia distinctio,Manish Gupta,Wiley,Mathematics,2,1,3328.26
1439,979-9895735832,Perferendis ducimus adipisci sequi,Ira Solanki,PHI Learning,Computer Science,2,1,1945.02
1440,978-6479965548,Occaecati natus exercitationem,Harish Pandey,Pearson,Management,8,0,1920.35
1441,979-9932925400,Quibusdam minus esse quibusdam,Harsh Malhotra,O'Reilly,Electronics,3,3,948.33
1442,979-1177505510,Perferendis adipisci numquam cumque expedita,Aditi Dubey,Pearson,Electronics,1,0,432.23
1443,978-1485668443,Impedit quisquam quibusdam eligendi quia,Lipika Sharma,O'Reilly,Civil,5,1,2782.29
1444,978-5104676696,Fugiat modi fugiat veniam,Aditya Sharma,McGraw Hill,Management,5,1,1323.79
1445,978-6505903680,Atque dolor voluptatibus,Aditya Joshi,Pearson,Physics,1,1,875.9
1446,978-3188309819,Enim sint quisquam voluptates voluptatem mollitia,Vikas Chatterjee,Wiley,Chemistry,3,1,667.2
1447,978-5154026653,Quibusdam in nobis eum facilis,Sai Patel,PHI Learning,Biography,3,2,1587.33
1448,978-5995578619,Optio porro odio,Komal Kulkarni,Wiley,Management,7,7,1635.17
1449,979-1539964357,Magnam minus dolore illo quidem,Anand Sharma,Pearson,Mechanical,7,2,280.36
1450,978-5258004600,Repudiandae ipsum unde debitis,Ajay Joshi,PHI Learning,Management,7,4,846.3
1451,979-6689449273,A rerum quis omnis,Vihaan Chakraborty,Wiley,Mathematics,6,0,2941.77
1452,979-7981796205,Fugit officiis voluptate,Bhavya Deshmukh,Pearson,Chemistry,5,1,3335.84
1453,978-7828701770,Deleniti adipisci dolore non magnam,Zara Bhat,Springer,Civil,7,7,2226.1
1454,978-7835420254,Nobis quasi veniam,Komal Chakraborty,Wiley,Electronics,6,1,2752.07
1455,978-8189445907,Non cumque numquam placeat veritatis,Vikas Sharma,Oxford University Press,Management,8,4,3372.84
1456,978-5181221947,Quia sunt omnis,Deepti Desai,Oxford University Press,Fiction,3,0,2728.26
1457,978-1886906319,Maiores deserunt totam itaque quam dolores,Aarohi Bhat,O'Reilly,Mathematics,7,0,2558.56
1458,978-8635249166,Vel ullam eum eos tempora dignissimos,Tanya Sen,McGraw Hill,Biography,2,1,3263.34
1459,978-4932587379,Itaque placeat ipsam doloribus debitis,Prateek Dutta,PHI Learning,Fiction,3,1,926.09
1460,979-9348520593,Magnam beatae nobis ex ullam,Aryan Pandey,Pearson,Mathematics,2,0,1573.47
1461,978-8282178313,Doloribus quam architecto quibusdam,Deepak Patel,Pearson,Chemistry,7,0,2820.93
1462,978-7496872709,Sint voluptatum similique architecto impedit,Aarohi Iyer,Pearson,Management,5,0,2337.06
1463,978-2016894595,Sunt modi quaerat non,Reyansh Banerjee,O'Reilly,Physics,1,1,1191.09
1464,978-6631568703,Quaerat ipsa repudiandae animi repellat repudiandae,Chirag Iyer,PHI Learning,Physics,5,4,3037.4
1465,979-9383195970,Facilis quaerat maiores,Tanya Roy,Pearson,Reference,5,4,2339.46
1466,979-9976389734,Inventore commodi corporis ea repudiandae,Siddharth Desai,McGraw Hill,Physics,4,2,1613.72
1467,979-1431353916,Quam facilis omnis,Sandeep Mishra,Springer,Reference,3,2,1729.17
1468,978-8965642749,Totam recusandae distinctio,Saurabh Thakur,PHI Learning,Chemistry,8,6,2924.6
1469,978-7216853198,Ex possimus itaque,Rajesh Malhotra,Wiley,Computer Science,2,2,1709.43
1470,978-1152401455,Quibusdam quidem exercitationem porro ex ipsum,Vikram Trivedi,O'Reilly,Civil,3,2,1561.76
1471,978-5615280425,Necessitatibus nisi quis corporis,Nikhil Gowda,Wiley,Electronics,4,3,1076.89
1472,978-8000829906,Ad sunt natus quae,Madhuri Kulkarni,Pearson,Chemistry,3,3,2546.8
1473,979-2805944563,Velit culpa odio labore,Ashish Shah,PHI Learning,Reference,1,0,307.26
1474,978-1023984429,Perferendis culpa rem consectetur non,Ashish Hegde,PHI Learning,Chemistry,5,3,440.09
1475,979-4351967759,Ducimus dolorem sed nesciunt corrupti,Vihaan Mukherjee,Wiley,Chemistry,2,0,1806.72
1476,978-9242395093,Ea quam quia,Naveen Chakraborty,Wiley,Electronics,3,3,3210.02
1477,978-4093630628,Illo nulla cupiditate exercitationem culpa sequi,Rohit Mehta,PHI Learning,Chemistry,6,1,2555.04
1478,978-2252331605,Minima fugiat unde officiis sit,Manish Gowda,McGraw Hill,Computer Science,6,2,3067.19
1479,978-8563795895,Cupiditate tempore accusamus veniam exercitationem est,Riya Bhatia,Pearson,Biography,6,3,280.64
1480,978-8969927244,Corrupti non quas blanditiis,Kavya Gowda,PHI Learning,Chemistry,8,3,1849.71
1481,979-3660307004,Explicabo itaque totam temporibus,Harshita Singh,McGraw Hill,Reference,4,4,2707.37
1482,978-3654679114,Tempore qui facilis adipisci occaecati veritatis,Shubham Rao,Springer,Fiction,4,2,1222.41
1483,978-3643898979,Architecto mollitia modi qui sit voluptas,Kavya Pillai,PHI Learning,Biography,1,1,2545.04
1484,978-9714724649,Ipsum minima doloribus,Radhika Kulkarni,O'Reilly,Chemistry,8,1,2691.66
1485,979-7263914409,Porro officiis doloribus porro,Isha Mahajan,Oxford University Press,Chemistry,8,6,2027.66
1486,978-3734979820,Debitis voluptatem eaque eius quia,Vikram Pandey,Springer,Fiction,6,6,1385.67
1487,979-2400790846,Temporibus consequatur esse,Vivaan Sethi,Springer,Computer Science,8,6,2568.39
1488,979-3638925289,Dolorem nesciunt neque iure,Zara Verma,PHI Learning,Reference,4,1,2742.88
1489,978-9075181603,Sunt amet ratione asperiores laboriosam ipsam,Nikhil Kumar,PHI Learning,Biography,7,5,2807.1
1490,978-4086910999,Deserunt molestiae dolor laborum necessitatibus neque,Manish Hegde,PHI Learning,Computer Science,1,1,2074.83
1491,978-7253288954,Quam ipsam odit,Falguni Patel,PHI Learning,Biography,6,6,2580.89
1492,978-4356067631,Rem nostrum itaque a quidem nobis,Aparna Naik,PHI Learning,Biography,5,5,2544.97
1493,979-5631856452,Occaecati eveniet laboriosam eligendi officia eaque,Deepika Tiwari,McGraw Hill,Physics,1,0,1320.09
1494,979-4499700478,Dolorum eius natus est ipsam voluptate,Aakash Pillai,Pearson,Biography,6,4,2260.83
1495,978-2452683117,Laborum eum voluptate iusto,Bhumi Bansal,O'Reilly,Civil,3,2,1808.0
1496,979-3374467610,Debitis quis perferendis atque,Pari Kumar,Oxford University Press,Computer Science,4,2,668.63
1497,978-7102988231,Exercitationem porro reprehenderit deserunt autem,Divya Banerjee,McGraw Hill,Biography,4,4,3372.9
1498,978-4315956448,Distinctio magnam eum minus,Nikhil Prasad,Wiley,Mathematics,5,4,2479.34
1499,978-5608476440,Placeat unde distinctio,Oindrila Dubey,McGraw Hill,Fiction,3,1,444.85
1500,978-6709885928,Eum deleniti id,Abhishek Rathore,Pearson,Fiction,7,1,2974.75
1501,979-5009216144,Sequi nostrum culpa vero,Sneha Jadhav,Wiley,Civil,4,4,2652.49
1502,979-4110655270,Officiis ratione quod earum ut iusto,Yamini Sinha,O'Reilly,Mechanical,6,0,2304.25
1503,979-4268885871,Fuga esse quas repudiandae,Anand Rao,O'Reilly,Electronics,6,2,1574.58
1504,979-5281516223,Ipsum incidunt hic impedit quis,Sandeep Sethi,McGraw Hill,Mechanical,7,3,1587.05
1505,978-1705169097,Animi illum officia consequuntur itaque,Nisha Bhat,McGraw Hill,Civil,7,6,1564.06
1506,979-9077933714,Accusantium provident dignissimos quaerat,Jatin Iyer,PHI Learning,Civil,2,0,2344.97
1507,978-6209543356,Rerum ad incidunt fugit,Tanya Das,PHI Learning,Mathematics,8,5,1115.88
1508,978-4042060477,Nam dicta dolor magnam sequi autem,Om Naik,Oxford University Press,Biography,6,0,1034.13
1509,979-6298390631,Cum quam velit nihil,Megha Chandra,Springer,Civil,8,2,2887.98
1510,978-5471201319,Quos harum vero,Ajay Hegde,O'Reilly,Chemistry,2,2,1412.65
1511,979-3966955978,Dolorum voluptates nesciunt animi animi exercitationem,Reyansh Suri,Springer,Biography,1,0,1587.42
1512,979-6544387880,Fuga unde beatae consequatur quibusdam eveniet,Ira Saxena,Oxford University Press,Civil,2,0,453.69
1513,979-6273311426,Repudiandae soluta nihil nemo natus,Aniket Bansal,Wiley,Reference,4,2,3323.52
1514,979-2760727626,Doloribus nemo quis ea minus,Varun Reddy,Springer,Physics,6,6,1438.28
1515,978-8703651950,Porro consequuntur quo sit,Vidya Desai,Oxford University Press,Mechanical,7,3,1043.62
1516,978-5789174213,Vero facere quo quibusdam dolor,Aryan Sinha,McGraw Hill,Biography,7,4,2953.84
1517,979-2012240603,Iusto itaque ex perspiciatis provident,Arjun Gupta,Springer,Physics,8,3,1530.77
1518,978-4683649908,Nobis ut consequuntur odit,Om Shinde,O'Reilly,Reference,3,0,1303.76
1519,979-4143860790,Id laborum aliquid minus totam,Prateek Saxena,PHI Learning,Reference,1,1,3167.21
1520,978-8311396020,Fuga natus voluptatum vero sit eveniet,Jatin Shah,PHI Learning,Civil,8,0,546.2
1521,979-5768401382,Laudantium nemo odio quasi natus voluptate,Radhika Menon,Oxford University Press,Management,2,2,2582.07
1522,979-1995428377,Minus reiciendis sed,Harsh Pillai,Pearson,Fiction,7,2,1605.9
1523,978-3155422486,Nemo iusto officiis,Yamini Ghosh,McGraw Hill,Chemistry,7,7,2149.72
1524,978-9967261502,Quibusdam quisquam inventore eius,Tarun Deshmukh,Pearson,Chemistry,5,0,1657.82
1525,979-8424152901,Suscipit voluptatibus corrupti ex delectus,Pranav Naik,Oxford University Press,Reference,7,0,672.51
1526,978-9111940467,Excepturi minus possimus reprehenderit inventore accusantium,Dhruv Khanna,Oxford University Press,Fiction,3,2,1239.7
1527,978-4822086772,Eos numquam harum ab eum corrupti,Ayaan Rao,McGraw Hill,Electronics,2,0,1413.22
1528,978-3272155330,Nesciunt quisquam minus officiis,Riya Reddy,McGraw Hill,Computer Science,4,3,2393.95
1529,979-6868506485,Quo nemo explicabo sunt,Aadhya Chopra,O'Reilly,Management,6,6,1225.28
1530,978-2913952456,Corrupti quo dignissimos delectus ad nobis,Reyansh Trivedi,Springer,Fiction,1,1,388.24
1531,978-3251051360,Quod molestiae veritatis,Aarav Agarwal,O'Reilly,Chemistry,2,2,3425.67
1532,978-4811833702,Sit unde omnis dicta cum,Shreya Chopra,McGraw Hill,Mathematics,3,3,1554.34
1533,979-8578288656,Doloremque ullam quo ad,Deepti Roy,Pearson,Computer Science,2,2,968.82
1534,979-5816898874,Commodi veniam ad sint sequi,Tanya Bansal,PHI Learning,Biography,5,5,2477.43
1535,979-4567032691,Fugit ipsum id dignissimos,Deepak Yadav,Springer,Fiction,2,0,2403.04
1536,978-7935078945,Nihil commodi voluptas magni neque,Madhuri Joshi,O'Reilly,Chemistry,3,1,2641.29
1537,979-9142938462,Commodi quidem blanditiis laudantium non quibusdam,Dhruv Iyer,Wiley,Biography,1,0,3429.1
1538,979-6467965638,Impedit distinctio at magni labore,Sandeep Mahajan,Pearson,Mechanical,2,2,2563.66
1539,979-9922236736,Beatae itaque ab rem id similique,Lavanya Arora,O'Reilly,Management,2,1,2022.49
1540,978-6394267203,Facere est aperiam veniam officiis,Sai Verma,Pearson,Fiction,6,3,2834.64
1541,978-9901039853,Voluptatum assumenda officia harum,Tanya Roy,O'Reilly,Reference,4,1,2728.7
1542,978-2366206193,Accusamus vitae quas tempore aliquid sed,Ayaan Sen,Springer,Chemistry,1,0,696.12
1543,979-3443006235,Natus consectetur culpa possimus,Esha Das,Oxford University Press,Mathematics,7,0,3259.29
1544,979-7167384067,Aperiam rem sint,Ishita Sethi,O'Reilly,Civil,4,2,1261.15
1545,978-4711313781,Fuga impedit culpa cupiditate,Akash Tiwari,Springer,Biography,6,6,1190.41
1546,978-7454478180,Vitae quia repellat delectus soluta autem,Anika Pandey,Pearson,Management,3,3,3132.77
1547,979-5584722329,Adipisci dignissimos illo fuga,Rohit Arora,Pearson,Fiction,1,1,3416.48
1548,978-7146327697,Numquam adipisci ad adipisci,Oindrila Yadav,PHI Learning,Biography,7,4,2939.75
1549,978-5562115318,Alias sit totam aliquid fugiat nisi,Chirag Roy,McGraw Hill,Chemistry,4,1,316.04
1550,978-7918379667,Cumque aut expedita dolore in architecto,Anand Patel,Wiley,Fiction,1,1,921.44
1551,979-6217527016,Iure impedit tempore ipsam sequi repellat,Vihaan Verma,Pearson,Computer Science,7,2,1790.19
1552,978-9276029343,Est iusto temporibus,Aditya Yadav,McGraw Hill,Reference,6,3,2413.62
1553,978-6550115275,Eum molestiae vero,Aditya Malhotra,Oxford University Press,Computer Science,6,3,542.79
1554,978-1569072479,Labore quibusdam sequi,Chandni Naik,Pearson,Mechanical,7,3,2561.0
1555,978-2357755687,Commodi maiores rem consequuntur,Myra Bhatia,Pearson,Mathematics,2,2,706.27
1556,979-5245998065,Quia quaerat eligendi,Kavya Sinha,O'Reilly,Mathematics,2,2,1854.14
1557,978-8587278044,Autem dolorem delectus optio eveniet voluptate,Vaishnavi Yadav,McGraw Hill,Management,8,2,2701.82
1558,979-2706082024,Maxime neque sunt quis consectetur in,Saurabh Rathore,Oxford University Press,Mathematics,5,3,933.02
1559,978-1791425248,Neque vel alias,Chirag Naik,PHI Learning,Chemistry,1,0,1265.46
1560,979-4138842971,Odio recusandae voluptatem accusamus odio,Urvi Sharma,PHI Learning,Management,4,3,564.32
1561,979-1599135171,Cum eum nemo laborum,Amit Mukherjee,McGraw Hill,Civil,1,1,2374.66
1562,978-5306644212,Deleniti sit voluptas illo voluptatibus,Ishita Gupta,Pearson,Computer Science,8,0,1536.72
1563,978-2891459983,Numquam molestias blanditiis eius quisquam,Sakshi Sen,O'Reilly,Biography,7,1,2286.64
1564,978-6951599283,Excepturi tempora ducimus rem laborum,Aryan Malhotra,Oxford University Press,Fiction,1,0,2571.39
1565,978-3294569561,Itaque atque sequi quis ea quos,Manish Patel,Springer,Management,6,2,383.31
1566,978-1203657215,Odit vitae commodi dolorem itaque,Karthik Verma,Oxford University Press,Biography,8,7,2205.95
1567,979-7577402880,Blanditiis quae commodi,Manish Arora,Pearson,Computer Science,6,3,1601.49
1568,979-5173299887,Esse ipsa voluptates assumenda sint,Pranav Nair,Oxford University Press,Biography,7,0,1774.6
1569,978-5773640945,Delectus reprehenderit suscipit magni consequuntur perspiciatis,Ishita Chakraborty,Wiley,Civil,1,1,3027.58
1570,979-2554801397,Dicta quia minima,Priya Thakur,O'Reilly,Chemistry,5,2,1910.98
1571,978-6445856462,Natus minus aliquid,Meera Yadav,McGraw Hill,Physics,4,2,1026.69
1572,979-1055000672,Facilis dolorem veniam minus fugiat aut,Riya Iyer,Pearson,Biography,4,3,3137.2
1573,979-6004799916,Odio similique dolorem ut,Deepti Yadav,Oxford University Press,Management,7,6,2994.8
1574,978-7648749319,Molestiae veritatis incidunt,Megha Jadhav,Pearson,Civil,1,0,2569.75
1575,979-1058192769,Eius vero veniam eos,Bhumi Nair,Wiley,Civil,4,4,316.6
1576,979-8364863812,Voluptas tempora iusto consequatur vel a,Meera Mehta,O'Reilly,Reference,5,1,2176.19
1577,978-3618938310,Provident pariatur dignissimos quasi,Aarav Das,Oxford University Press,Civil,5,0,569.35
1578,979-8797254031,Vero animi illum corporis reprehenderit quisquam,Varun Kumar,Wiley,Biography,6,5,2565.7
1579,979-6083184357,Hic cum in nihil,Saurabh Arora,PHI Learning,Civil,8,2,1919.98
1580,979-4983378308,Rerum architecto vitae eius,Jyoti Iyer,Pearson,Management,4,2,1013.81
1581,978-8563536510,Commodi qui velit corrupti ipsam,Bhavya Dutta,Oxford University Press,Biography,2,1,1096.55
1582,978-8601021926,Quis ab blanditiis est,Aakash Arora,PHI Learning,Physics,8,0,1873.58
1583,979-6279242121,Quo nisi doloremque,Naveen Gowda,O'Reilly,Management,3,1,3274.82
1584,978-1324791516,Error commodi quia iste architecto,Yamini Iyer,Pearson,Mathematics,2,0,2895.48
1585,978-8625824074,Soluta veniam aliquam saepe ducimus,Amit Solanki,Pearson,Fiction,3,3,794.16
1586,978-3872548540,Iure nesciunt soluta porro recusandae quis dolore,Chandni Rathore,Pearson,Fiction,1,0,2874.18
1587,978-8106108791,At quasi vero,Simran Reddy,O'Reilly,Physics,8,1,1116.39
1588,979-5665574620,Dolores sed libero praesentium inventore,Lavanya Kapoor,Springer,Fiction,2,2,2613.58
1589,978-6246150077,Odit sint eius,Dhruv Mehta,Pearson,Mathematics,1,1,2586.95
1590,979-5064411353,Temporibus odit eveniet pariatur,Tanya Khanna,Wiley,Mathematics,2,0,359.89
1591,979-6338978575,Voluptatem assumenda aut rem,Manish Deshmukh,Springer,Chemistry,5,1,483.53
1592,978-3057022574,Nesciunt dolore inventore eaque,Harshita Pandey,Springer,Physics,1,1,2522.48
1593,978-1857552859,Natus saepe fugiat maxime unde fugit,Ishita Arora,McGraw Hill,Reference,8,0,477.95
1594,978-5685225957,Autem saepe odit atque atque vitae,Aditya Prasad,McGraw Hill,Chemistry,1,1,2263.38
1595,979-6858523059,Facere perferendis temporibus in,Mohit Banerjee,McGraw Hill,Fiction,6,2,676.68
1596,978-2720951225,Quaerat aliquam officia ipsam itaque,Sandeep Yadav,Oxford University Press,Electronics,5,0,1878.98
1597,979-1610056423,Alias id rem quia inventore tenetur,Lipika Patel,Springer,Biography,4,2,1963.47
1598,979-7427805569,Necessitatibus ad veniam atque,Aryan Patil,Oxford University Press,Mechanical,6,1,1956.76
1599,979-4025161287,Reiciendis quas sed ducimus repellendus,Siddharth Suri,Wiley,Electronics,2,0,1815.87
1600,979-4626181605,Explicabo vitae eius quos eveniet,Dev Menon,O'Reilly,Mathematics,8,8,831.11
1601,979-7117394164,Quisquam cum nam sint,Anjali Menon,McGraw Hill,Mathematics,2,1,2638.04
1602,978-3483241226,Qui quidem quos cupiditate libero,Aarohi Iyer,Springer,Physics,7,4,1554.49
1603,978-5691742673,Ex nulla qui,Mohit Gowda,O'Reilly,Chemistry,7,4,2046.53
1604,978-1429518628,Et esse totam at,Mohit Kapoor,PHI Learning,Chemistry,3,3,416.38
1605,978-8838025089,Est libero delectus fugit eaque,Kartik Khanna,Oxford University Press,Mechanical,3,2,3156.76
1606,979-9297160873,Expedita rem tempore quidem vero eum,Priya Suri,Oxford University Press,Computer Science,6,4,2994.32
1607,978-9763566478,Deleniti est magni,Varun Pillai,Wiley,Chemistry,6,3,1348.57
1608,978-2335371587,Eos nam debitis nulla asperiores at,Namrata Suri,Springer,Fiction,5,0,1187.84
1609,978-8800407000,Totam optio sequi corporis excepturi explicabo,Tanvi Nair,McGraw Hill,Fiction,5,1,2681.45
1610,979-2955140454,Ullam aut vero,Lavanya Jadhav,Pearson,Chemistry,6,4,3353.37
1611,979-8905795868,Nostrum voluptas eum dolore,Sakshi Gowda,Oxford University Press,Computer Science,1,0,1151.47
1612,978-8952281363,Doloribus culpa voluptatibus,Vivaan Joshi,PHI Learning,Reference,7,5,2354.8
1613,979-3727455431,Laudantium rerum voluptatem,Anjali Chauhan,McGraw Hill,Fiction,5,3,590.44
1614,978-6291650609,Soluta ipsam repellat corporis,Rahul Deshmukh,Springer,Biography,7,3,2968.8
1615,979-6626126565,Doloribus accusantium nostrum saepe,Tanya Shah,Pearson,Physics,3,0,2378.39
1616,978-7558693613,Nam voluptatum deleniti delectus maxime,Aditya Bose,Pearson,Chemistry,4,0,938.45
1617,979-3654277867,Occaecati suscipit voluptatem quia provident,Yamini Chopra,McGraw Hill,Management,3,1,757.4
1618,979-3219690553,Rem ea fuga tempore vel,Namrata Arora,PHI Learning,Chemistry,7,4,2872.5
1619,979-4271850492,Molestiae aspernatur possimus eum repudiandae,Lipika Chopra,Springer,Mathematics,3,2,835.87
1620,979-3174409198,Recusandae neque atque totam,Anjali Shinde,Wiley,Mathematics,3,0,887.93
1621,978-8960388662,Provident modi autem repudiandae dolorem expedita,Dhruv Joshi,Wiley,Civil,1,0,1885.82
1622,978-3244422686,Reprehenderit dolore eaque saepe itaque ipsa,Deepti Verma,PHI Learning,Electronics,7,5,2428.94
1623,978-3869031302,Ipsa veritatis cupiditate nam nam animi,Prateek Prasad,PHI Learning,Physics,7,3,1132.24
1624,978-3776765085,Labore provident aperiam explicabo veritatis,Ajay Patil,Oxford University Press,Physics,2,0,699.29
1625,978-5089495115,Necessitatibus veniam quas quae,Akash Dutta,O'Reilly,Computer Science,4,2,1436.02
1626,978-7597079065,Inventore quisquam consequatur id optio est,Vihaan Reddy,Pearson,Management,8,4,2856.22
1627,978-8251806440,Ex necessitatibus soluta veniam,Om Hegde,McGraw Hill,Biography,7,2,3200.75
1628,978-9433793414,Quisquam voluptatem nesciunt,Anand Jadhav,Wiley,Fiction,2,2,2463.13
1629,978-4889988645,Voluptas amet quidem,Aditya Shah,PHI Learning,Mathematics,3,0,841.31
1630,979-3449898463,Blanditiis voluptate nostrum minus quas quasi,Diya Dubey,Wiley,Computer Science,6,3,3130.1
1631,979-8390587172,Voluptatem quo voluptatibus saepe,Aditya Hegde,Wiley,Fiction,7,0,2909.53
1632,978-9752786097,Officiis libero blanditiis,Aryan Mukherjee,PHI Learning,Management,6,2,3037.54
1633,978-4490418456,Atque illo praesentium,Pooja Roy,O'Reilly,Computer Science,2,1,3271.01
1634,979-6352696502,Rem fugit labore sed delectus,Yamini Jadhav,Wiley,Mechanical,3,2,1619.65
1635,978-2303849392,Explicabo provident soluta libero,Manoj Singh,Oxford University Press,Computer Science,1,1,2754.84
1636,979-2793698378,Ea dicta expedita officia,Ishani Patil,Wiley,Fiction,7,6,1784.81
1637,978-6870898812,Excepturi quibusdam minima,Ayaan Mahajan,PHI Learning,Reference,3,2,1765.38
1638,979-2905821492,Sunt aperiam nam,Gaurav Yadav,Pearson,Biography,7,4,789.78
1639,978-2403451127,Atque a voluptates accusamus eveniet,Deepti Ghosh,O'Reilly,Physics,3,2,1728.86
1640,978-7495565182,Adipisci temporibus natus similique,Ashish Agarwal,PHI Learning,Civil,4,4,1323.7
1641,978-6168847485,Deleniti nulla delectus dolor,Ashish Reddy,Wiley,Fiction,1,0,2411.52
1642,979-3310778306,Atque placeat culpa fugiat debitis,Arjun Reddy,Wiley,Mechanical,3,0,824.75
1643,979-3652439089,Provident sunt debitis corrupti reprehenderit,Ishita Nair,Pearson,Reference,8,8,2915.67
1644,978-5873838609,Numquam vel suscipit,Chandni Chakraborty,Wiley,Chemistry,4,3,1719.86
1645,979-7554654643,Rem est eos,Ajay Chandra,Oxford University Press,Reference,2,1,2690.06
1646,978-6248812639,Placeat nihil cumque aut deserunt,Anika Pandey,Oxford University Press,Management,5,2,2917.55
1647,978-3812966670,Voluptatum ullam vel,Rohan Mukherjee,Pearson,Mechanical,4,2,1678.13
1648,978-5650086489,Rerum quos velit pariatur aperiam doloribus,Karthik Verma,Oxford University Press,Management,4,0,3169.51
1649,978-5636286831,Dolores repellendus deleniti,Rajesh Pillai,O'Reilly,Fiction,7,2,3213.53
1650,979-2480447997,Aliquam animi voluptatem laboriosam sapiente,Deepika Saxena,Pearson,Mechanical,3,1,2106.38
1651,979-8828300461,Atque maxime optio eum minima nemo,Ira Hegde,Pearson,Biography,8,8,660.73
1652,979-8024002751,Maxime quidem officia eligendi consequatur quis,Charu Jadhav,Pearson,Mechanical,8,1,405.93
1653,979-2068473860,Velit incidunt ipsa aspernatur,Naveen Chakraborty,Pearson,Biography,2,1,1760.17
1654,978-5187742016,Laudantium eum laborum,Arjun Gowda,Oxford University Press,Mechanical,6,4,3342.35
1655,978-4118372871,Esse voluptatibus quo quo praesentium,Radhika Shinde,O'Reilly,Management,6,2,3172.33
1656,979-1591659578,Rerum deleniti at tempora quibusdam necessitatibus,Pranav Saxena,Springer,Mathematics,3,1,1852.32
1657,978-1462187954,Odit qui modi aliquid,Aniket Bhat,O'Reilly,Electronics,7,3,2240.63
1658,979-4350953406,Harum explicabo modi reprehenderit,Ananya Rathore,Wiley,Electronics,1,1,910.53
1659,979-1446824501,Qui minima debitis fuga praesentium,Suresh Sethi,Pearson,Mathematics,6,5,996.46
1660,978-6718655921,Atque veniam tempora quae,Vivaan Patel,Oxford University Press,Reference,4,0,2666.36
1661,978-8817597518,Quae libero necessitatibus,Priya Mishra,O'Reilly,Electronics,7,3,1312.73
1662,978-4105901003,Accusamus ullam dignissimos porro unde a,Deepika Sethi,Oxford University Press,Reference,5,2,1969.11
1663,979-6613738834,Optio totam ex debitis,Sakshi Bhatia,Pearson,Reference,5,3,2185.3
1664,978-3089541102,Repudiandae fuga saepe aliquid consequuntur,Rajesh Naik,O'Reilly,Mathematics,7,4,1207.24
1665,978-5040865736,Numquam ducimus ullam perspiciatis,Anand Sethi,Springer,Management,7,2,2190.77
1666,979-6376067361,Est velit officiis totam illum ab reprehenderit,Megha Thakur,Oxford University Press,Chemistry,5,3,1925.1
1667,979-8557637290,Eius tempore repellendus laborum nobis,Kiran Das,Springer,Physics,4,0,2680.69
1668,979-2358573697,Possimus aliquam quisquam consectetur porro architecto beatae,Ishita Agarwal,O'Reilly,Biography,5,5,2542.3
1669,978-9526738658,Temporibus laborum delectus eveniet,Divya Thakur,PHI Learning,Mathematics,5,5,2997.43
1670,979-8470270805,Veritatis quaerat possimus eligendi,Manoj Chopra,Pearson,Electronics,8,3,2187.9
1671,979-7750261967,Eligendi necessitatibus autem blanditiis,Chandni Rao,O'Reilly,Chemistry,1,0,1692.47
1672,979-8415433219,Veniam mollitia libero consectetur,Meera Patil,O'Reilly,Civil,1,1,3402.18
1673,979-9949388792,Iusto autem dolorem,Ishita Dubey,Wiley,Electronics,6,1,2493.9
1674,979-6267109236,Delectus quis rem dolores nostrum,Aryan Sharma,Oxford University Press,Physics,3,2,1844.39
1675,979-2489548614,Qui ipsam quisquam optio magnam,Sameer Arora,PHI Learning,Physics,4,4,480.2
1676,978-2073233223,Quisquam quam aliquam accusamus,Megha Dubey,O'Reilly,Chemistry,8,8,808.96
1677,978-3540910350,Exercitationem veniam ullam,Abhishek Khanna,Oxford University Press,Electronics,6,4,2323.44
1678,978-4136705519,Iure temporibus animi fugit veniam,Gauri Dutta,Oxford University Press,Reference,5,2,259.66
1679,979-7939668249,Aperiam delectus deserunt omnis ipsa sit,Yash Bose,PHI Learning,Mechanical,8,3,1550.72
1680,979-6234561492,Sapiente nobis enim,Kritika Tiwari,Wiley,Biography,1,1,1166.12
1681,978-9232743255,Corporis vitae animi placeat,Sandeep Dubey,Springer,Civil,1,0,1274.89
1682,978-5967365205,Maxime accusantium quam quam eum,Isha Saxena,Oxford University Press,Computer Science,4,3,2252.46
1683,978-2505194827,Corporis aut doloremque,Om Bhat,Wiley,Computer Science,7,7,1381.52
1684,978-3954576812,A animi harum necessitatibus sequi,Neha Ghosh,O'Reilly,Civil,6,5,853.9
1685,978-6447649298,Alias molestias accusantium reprehenderit labore nemo harum,Yash Saxena,Wiley,Chemistry,6,1,2454.7
1686,979-4584990339,Harum tenetur dolores laudantium dolorum voluptatem,Varun Pandey,Pearson,Mechanical,1,0,1393.54
1687,978-9370297018,Laboriosam tempore iste sunt dolore,Shubham Mehta,Pearson,Fiction,7,7,1308.51
1688,978-3833283389,Odio cupiditate voluptas voluptatum,Aadhya Suri,O'Reilly,Mathematics,2,2,3300.61
1689,978-5585384093,Facilis accusantium rem corporis,Megha Mukherjee,Oxford University Press,Electronics,6,2,3336.88
1690,979-6416369662,Illum sunt sequi voluptates commodi,Shreya Sinha,Springer,Reference,2,0,3015.56
1691,979-1417589308,Explicabo velit in in quasi ipsam harum,Ishita Banerjee,O'Reilly,Physics,2,1,457.65
1692,979-3804409349,Excepturi pariatur consequatur minus doloribus,Om Pillai,Wiley,Biography,3,0,2140.56
1693,979-9307188021,Necessitatibus veniam quas quos,Rajesh Singh,Oxford University Press,Mechanical,2,2,3100.07
1694,978-3521547740,Tempore molestias quisquam illum officia,Kunal Roy,Pearson,Civil,6,4,538.92
1695,978-6735618893,Hic iusto molestiae iste,Kavya Malhotra,PHI Learning,Mathematics,4,4,1144.73
1696,979-7305486191,Impedit dicta excepturi suscipit optio vel,Saanvi Deshmukh,Wiley,Biography,8,0,712.61
1697,979-2398923775,Debitis ipsam possimus harum pariatur,Megha Chatterjee,Oxford University Press,Civil,7,2,2637.44
1698,979-6510024304,Voluptates perspiciatis quo odit,Nikita Rathore,Wiley,Fiction,4,1,2910.27
1699,978-9088744859,Quos dicta illum iusto sint consectetur,Sai Bhat,O'Reilly,Chemistry,7,3,1120.37
1700,979-7439344744,Et ut nostrum quasi soluta perspiciatis,Chandni Arora,McGraw Hill,Biography,3,2,381.22
1701,979-3265350247,Assumenda ab similique,Tanya Mishra,PHI Learning,Management,8,5,2470.65
1702,979-5140826724,Ex at ut,Divya Bose,Wiley,Management,2,1,473.62
1703,979-7938284063,Dicta corrupti distinctio sapiente facilis,Divya Malhotra,Wiley,Biography,7,5,533.24
1704,978-7783921606,Nesciunt repudiandae labore provident enim,Anjali Bhat,Pearson,Computer Science,6,2,3473.57
1705,978-1944145162,Rem cum sunt,Shreya Dubey,O'Reilly,Computer Science,1,0,1854.97
1706,979-2033795493,Impedit minus nulla culpa,Suresh Sethi,Wiley,Electronics,5,0,2311.81
1707,979-2296616591,Occaecati praesentium eligendi sed dolorum beatae,Kunal Gowda,Pearson,Mathematics,4,4,758.26
1708,979-1866147022,Tenetur atque aliquam,Vivaan Chandra,Wiley,Reference,1,1,3448.41
1709,978-1446482145,Labore labore quisquam nesciunt voluptates,Vaishnavi Khanna,Springer,Fiction,3,3,3212.57
1710,979-4737391153,Ut nesciunt delectus tempora voluptas,Gaurav Pillai,Pearson,Management,6,4,1754.93
1711,978-7883134956,Exercitationem excepturi assumenda fuga debitis numquam,Ashish Trivedi,Wiley,Civil,3,3,2876.26
1712,978-7699455861,Totam beatae vel vero deserunt,Ananya Dubey,Springer,Physics,1,1,1351.2
1713,978-3572746518,Eos recusandae ratione explicabo voluptates,Swati Chopra,O'Reilly,Fiction,5,0,1951.98
1714,978-7123068491,Accusamus tempora in cumque sed deleniti,Bhavya Tiwari,McGraw Hill,Computer Science,7,3,1825.06
1715,978-9299420911,Voluptatem temporibus ad et,Tanya Deshmukh,Springer,Chemistry,2,0,2710.7
1716,979-8510343076,Amet dolores esse ipsum,Ashish Roy,McGraw Hill,Electronics,7,3,3414.94
1717,979-8541714147,Excepturi earum voluptatum omnis optio,Jyoti Desai,Oxford University Press,Mechanical,3,2,1598.03
1718,978-7263347260,Mollitia consectetur voluptatem numquam quasi,Dhruv Mehta,Springer,Management,3,2,1339.44
1719,978-6243553194,Esse dicta iusto,Varun Dutta,PHI Learning,Biography,2,2,749.21
1720,978-3121530386,Alias perferendis possimus excepturi rem,Arjun Naik,McGraw Hill,Civil,3,0,1845.2
1721,979-6849211664,Illum exercitationem velit quaerat mollitia,Sanjay Bansal,Wiley,Electronics,8,5,1073.41
1722,979-7375665721,Eligendi assumenda ipsum perferendis rem totam,Nisha Gupta,Wiley,Fiction,8,8,2975.43
1723,979-2293712661,Tempore ad consectetur quis doloribus debitis,Swati Gupta,PHI Learning,Civil,1,0,399.07
1724,978-8409690237,Culpa reiciendis quod,Rohit Chauhan,McGraw Hill,Physics,2,1,1009.61
1725,978-3695378862,Ab accusamus rem,Falguni Tiwari,Wiley,Physics,1,0,948.46
1726,978-6376741499,Architecto nesciunt vitae voluptas occaecati ex,Siddharth Prasad,Wiley,Computer Science,4,0,3368.84
1727,978-6470103566,Nostrum animi consequuntur,Juhi Singh,O'Reilly,Fiction,5,1,2598.03
1728,978-2584311459,Delectus quaerat at,Harsh Hegde,McGraw Hill,Reference,8,4,2658.9
1729,979-5299273929,Recusandae doloremque amet aspernatur eum,Sai Ghosh,Pearson,Biography,2,0,854.75
1730,978-9609586409,Deserunt repellendus provident libero provident iusto,Sameer Deshmukh,Pearson,Reference,8,3,2114.62
1731,979-7227381769,Sint aperiam delectus ab debitis deserunt,Deepak Saxena,McGraw Hill,Electronics,8,5,1398.07
1732,979-7032692371,Soluta nemo deleniti,Nikita Suri,O'Reilly,Reference,5,1,2549.46
1733,979-5633244630,Praesentium asperiores deleniti,Nisha Trivedi,Springer,Fiction,5,5,986.04
1734,979-5313358658,Quidem dolorem hic saepe error,Mohit Agarwal,O'Reilly,Mathematics,5,1,474.0
1735,978-4521112477,Magni eligendi incidunt repudiandae quasi,Harish Nair,PHI Learning,Electronics,1,0,441.32
1736,978-1578441459,Ab tempora placeat eligendi cum aperiam,Chandni Solanki,PHI Learning,Biography,5,2,2821.17
1737,978-3890197748,Exercitationem quasi nulla repellendus aspernatur quisquam,Jyoti Das,Wiley,Mechanical,4,2,2305.42
1738,978-6542984090,Accusamus quia at nihil totam,Krishna Thakur,Oxford University Press,Biography,3,0,1283.96
1739,979-1771073046,Praesentium non vero necessitatibus quas,Rohit Gupta,Wiley,Mechanical,1,1,3182.17
1740,979-2927392021,Iste quia laboriosam libero quis,Sandeep Chopra,Wiley,Mathematics,8,0,1703.34
1741,978-4958306385,Molestias quia dolorem cupiditate porro,Mohit Yadav,McGraw Hill,Mechanical,3,1,1045.47
1742,978-2945336861,Iure iure unde sed voluptas,Aniket Arora,O'Reilly,Chemistry,1,0,3143.65
1743,978-1919547358,Sit iure corrupti qui harum,Nikhil Bose,O'Reilly,Electronics,4,1,906.46
1744,978-5699750339,Sit ratione fugit,Prateek Sinha,Pearson,Civil,7,1,3471.57
1745,979-5755927625,Corrupti facilis ipsa repellendus temporibus corrupti veniam,Harsh Solanki,O'Reilly,Fiction,3,0,2041.85
1746,978-5768946338,Atque hic corrupti excepturi,Deepak Mehta,Oxford University Press,Management,8,2,456.5
1747,978-5601634965,Libero culpa rerum,Suresh Verma,Pearson,Physics,2,1,819.27
1748,978-4286379482,Eius deleniti non libero ipsa sed,Diya Sinha,Wiley,Fiction,2,2,2184.77
1749,979-7567611350,Voluptas animi vero architecto eum labore,Urvi Arora,Oxford University Press,Chemistry,8,0,261.9
1750,978-9707222214,Consequuntur maxime laudantium dolor,Ankit Chauhan,Springer,Electronics,5,5,2810.03
1751,979-9681133514,Accusamus est culpa occaecati placeat inventore,Chirag Agarwal,O'Reilly,Fiction,4,0,1699.79
1752,978-3510920268,Nobis minus exercitationem,Ayaan Pandey,Oxford University Press,Electronics,5,4,1100.53
1753,979-1679891151,Rem sint fuga voluptas aperiam,Namrata Khanna,Wiley,Mathematics,2,0,1413.05
1754,978-4012110319,Fuga doloribus velit porro tenetur,Tanvi Chopra,O'Reilly,Reference,8,0,2432.75
1755,978-9937824802,Odio temporibus labore eligendi exercitationem,Vikram Pillai,Pearson,Civil,1,1,1781.69
1756,978-3815923320,Praesentium temporibus vitae quos nemo,Diya Bhatia,Springer,Chemistry,3,2,3012.4
1757,978-3758545961,Provident non repellendus dolorum,Aarohi Nair,O'Reilly,Fiction,3,1,2255.93
1758,978-3245770507,Iusto accusantium magni atque quibusdam numquam,Zara Bhatia,PHI Learning,Computer Science,7,4,3381.17
1759,979-4740475574,Minus iure tempore,Sameer Desai,Pearson,Physics,3,0,2757.29
1760,979-7737107002,Architecto harum deserunt quo,Juhi Mahajan,O'Reilly,Reference,1,0,2720.64
1761,979-7612091099,Facilis quod labore,Bhavya Chauhan,Springer,Physics,3,2,3185.07
1762,978-8053383704,Odio eveniet repudiandae laboriosam,Radhika Chopra,McGraw Hill,Reference,5,1,1689.94
1763,978-6307197635,Quos vero laborum,Pranav Ghosh,Springer,Mathematics,3,3,1790.82
1764,979-3593515882,Non modi reprehenderit officia vero,Sai Mishra,Wiley,Civil,3,0,2937.61
1765,979-5180700529,Non eos aperiam suscipit minima magnam,Akash Agarwal,O'Reilly,Electronics,7,0,2435.1
1766,979-1939197900,Ratione in repellendus ab,Rahul Mukherjee,PHI Learning,Management,8,8,2372.4
1767,979-3891949340,Dignissimos eos adipisci officia,Suresh Kulkarni,PHI Learning,Civil,5,1,2933.13
1768,979-3682177507,Aspernatur iure tenetur corporis numquam,Manoj Hegde,Wiley,Electronics,2,2,1282.32
1769,978-2722977730,Culpa ipsam et vel iste deserunt,Radhika Shinde,O'Reilly,Chemistry,7,1,1052.68
1770,978-2934426606,Iste cum consectetur vero commodi sint,Deepti Yadav,O'Reilly,Fiction,2,0,3253.63
1771,979-4341062994,Labore consequuntur rerum fugiat ad ipsa,Saurabh Chandra,Oxford University Press,Fiction,3,2,2542.56
1772,978-3344731495,Hic eveniet saepe alias eligendi,Manish Pandey,PHI Learning,Physics,3,3,1589.85
1773,978-2626628449,Quidem aliquam maiores quam quae libero,Myra Thakur,PHI Learning,Physics,4,4,1227.4
1774,978-5080399784,Consequuntur aut cum,Oindrila Kulkarni,Springer,Physics,7,3,1610.34
1775,979-6492111122,At facere explicabo aspernatur,Anjali Malhotra,Wiley,Mathematics,5,0,1971.95
1776,979-7860334834,Quibusdam laudantium molestias minima odit,Chirag Bansal,O'Reilly,Civil,6,3,1989.22
1777,978-5438444092,Possimus molestias at dignissimos culpa,Sameer Hegde,McGraw Hill,Computer Science,2,0,2827.62
1778,979-5970163294,Dolorem animi placeat ad,Chandni Kumar,PHI Learning,Biography,4,4,2780.44
1779,978-8009387662,Laboriosam aliquam quis veniam,Vikas Trivedi,Wiley,Mechanical,6,5,836.43
1780,979-6944204800,Magnam eum quidem,Manoj Yadav,Springer,Mathematics,5,5,1180.31
1781,978-6296061833,Accusantium quisquam laudantium pariatur possimus,Krishna Banerjee,Pearson,Civil,7,3,2415.57
1782,979-2602222177,Architecto dicta alias dolorem laudantium expedita,Rohit Malhotra,O'Reilly,Reference,6,1,2627.29
1783,979-2360866956,Neque facilis tempore,Saurabh Tiwari,Wiley,Mathematics,1,0,2748.02
1784,979-1929483784,Id corrupti ab occaecati,Ashish Bhatia,Oxford University Press,Mathematics,6,6,891.23
1785,979-3637325506,Eligendi nam magni cum dicta non,Mohit Deshmukh,Oxford University Press,Electronics,4,2,3238.49
1786,979-8994406880,Deserunt tempore hic officiis iste,Pooja Das,O'Reilly,Reference,7,3,1456.75
1787,978-8366423579,Nobis officiis maiores illo delectus,Vikas Gowda,Wiley,Computer Science,2,2,779.68
1788,979-9509814296,Harum autem ut,Sakshi Gupta,McGraw Hill,Fiction,4,2,2778.34
1789,979-7951321521,Dicta necessitatibus quibusdam rerum,Ankit Thakur,Wiley,Biography,7,6,394.53
1790,979-2206715914,Suscipit repellendus facere amet,Megha Bhatia,O'Reilly,Mathematics,3,1,408.56
1791,979-1449020299,Dolorem tempora sapiente dolor ad accusamus repudiandae,Amit Kapoor,PHI Learning,Chemistry,1,1,1598.56
1792,979-9429292793,Dignissimos veniam harum eveniet voluptates,Harish Hegde,Wiley,Management,4,1,1465.48
1793,979-7815276409,Quidem ullam laboriosam nisi recusandae pariatur,Chirag Agarwal,PHI Learning,Computer Science,1,0,1804.0
1794,979-8847703531,Aspernatur autem a adipisci,Garima Khanna,Oxford University Press,Electronics,4,3,785.94
1795,979-2133046218,Similique veniam ut,Megha Patil,Wiley,Mechanical,7,3,3200.25
1796,979-1832425668,Ipsum quas vero atque,Ayaan Shah,Wiley,Mechanical,7,4,3255.61
1797,978-6620385707,Dolor deleniti incidunt soluta asperiores,Aniket Shinde,PHI Learning,Mathematics,6,6,2085.74
1798,978-2412356708,Officiis error alias blanditiis consequuntur,Karthik Rathore,McGraw Hill,Mathematics,2,2,514.09
1799,978-9695641718,Ut suscipit reiciendis dignissimos ullam,Shreya Prasad,Oxford University Press,Biography,1,1,451.03
1800,978-8959102315,Sunt ut cupiditate,Pooja Das,Wiley,Physics,6,1,713.28
1801,978-6460701865,Assumenda doloremque sit,Gaurav Joshi,Oxford University Press,Mechanical,8,3,2353.98
1802,978-4886613029,Possimus earum ad natus aperiam porro,Vivaan Bhat,Oxford University Press,Computer Science,3,0,1791.55
1803,978-7577321580,Aperiam perspiciatis adipisci libero,Swati Trivedi,Oxford University Press,Civil,8,3,1662.91
1804,979-2806227174,Impedit voluptate nemo aliquid aperiam,Tanya Verma,McGraw Hill,Physics,7,7,606.5
1805,978-3892454273,Quae quaerat dicta eaque,Kavya Jadhav,Pearson,Mathematics,8,3,1300.18
1806,979-9031177936,Vitae deleniti porro repellat,Yamini Arora,O'Reilly,Electronics,4,3,3004.64
1807,978-5941006484,Sit saepe ipsa,Aniket Bhatia,Oxford University Press,Management,1,0,3152.08
1808,978-1874053460,Recusandae quaerat quia enim at facilis,Esha Solanki,Oxford University Press,Computer Science,2,1,2894.12
1809,979-5502204165,Molestias fuga temporibus quas molestiae eum,Dhruv Chakraborty,O'Reilly,Reference,7,3,1080.78
1810,979-2036283356,Illum neque fuga voluptatem quisquam,Kritika Thakur,Springer,Chemistry,7,0,279.83
1811,978-9372502321,Repellendus quibusdam libero,Simran Nair,Oxford University Press,Mathematics,1,1,776.83
1812,978-2189424472,Illum vero assumenda ducimus consequuntur unde,Sneha Kumar,Oxford University Press,Mathematics,4,1,253.07
1813,979-7858642950,Iste molestiae perspiciatis suscipit exercitationem,Kunal Mahajan,McGraw Hill,Mechanical,8,4,2643.18
1814,979-7520741686,Corporis exercitationem odio quia sed nemo voluptate,Reyansh Pandey,Pearson,Mathematics,6,2,2851.43
1815,978-7817313505,Repudiandae id reprehenderit sunt,Ishani Das,PHI Learning,Reference,2,0,2552.53
1816,979-1347695956,Molestias maxime nemo ducimus mollitia velit,Aparna Joshi,Springer,Mechanical,7,1,3205.47
1817,978-1216241088,Placeat ratione laudantium eveniet,Lipika Solanki,PHI Learning,Fiction,2,2,2910.11
1818,978-4293594143,Molestias hic omnis hic neque,Kartik Pandey,O'Reilly,Mechanical,1,1,2518.14
1819,979-7004706642,Porro voluptates dolorem officia culpa,Myra Kapoor,Springer,Civil,6,6,2219.48
1820,978-9744541963,Quaerat tempora voluptas reiciendis,Ira Chakraborty,Oxford University Press,Electronics,5,2,2907.97
1821,979-7696501617,Corporis asperiores veniam doloribus illo repudiandae,Aadhya Yadav,McGraw Hill,Management,7,7,511.56
1822,979-6915767659,Odit veritatis deleniti accusamus eos dignissimos,Chirag Pandey,Wiley,Chemistry,2,0,2718.76
1823,979-2950936071,Architecto iste blanditiis,Reyansh Rao,Oxford University Press,Mathematics,4,3,3170.61
1824,978-3189658240,Optio ab nisi exercitationem fugiat,Deepak Yadav,Pearson,Civil,2,1,2852.36
1825,978-7533361747,Incidunt nihil laboriosam nostrum,Radhika Reddy,Oxford University Press,Computer Science,4,1,2053.45
1826,979-4221176323,Perspiciatis voluptate libero,Yash Rao,Wiley,Mechanical,8,0,2393.89
1827,979-8494252648,Adipisci praesentium similique fugit molestiae,Dev Ghosh,O'Reilly,Physics,8,3,1900.81
1828,978-8678494475,In nesciunt sunt,Tanvi Chandra,Pearson,Management,8,2,855.41
1829,979-6999802988,Voluptatum fugit vitae quis assumenda dolorum,Prateek Trivedi,PHI Learning,Chemistry,5,0,296.18
1830,978-8686169212,Assumenda quam quaerat,Vaishnavi Yadav,Springer,Management,1,0,3370.98
1831,978-8569022809,Iste quibusdam dolores,Tanvi Kapoor,Oxford University Press,Electronics,4,3,672.36
1832,979-5453653145,Alias est quod sequi dolor illum,Lipika Tiwari,Springer,Fiction,2,0,2158.72
1833,978-2508634988,Placeat nisi perferendis,Siddharth Yadav,McGraw Hill,Reference,1,1,2856.46
1834,978-8342616725,Vel ipsam magnam,Jyoti Iyer,McGraw Hill,Chemistry,2,1,3289.44
1835,978-3055303172,Eius natus reiciendis modi quam,Tarun Solanki,Pearson,Mathematics,3,0,357.79
1836,979-5627213830,Nesciunt praesentium laudantium temporibus,Rahul Arora,Pearson,Chemistry,3,0,2312.89
1837,979-6701521072,Sequi aliquam nobis incidunt,Kiran Nair,Wiley,Biography,5,1,2845.39
1838,979-5143536796,Voluptas asperiores laboriosam,Tarun Thakur,PHI Learning,Physics,6,5,1009.06
1839,978-4388066895,Ab quod rem temporibus,Riya Thakur,Springer,Physics,7,5,833.6
1840,978-9601678187,Aliquam delectus excepturi placeat sapiente,Sanjay Tiwari,Springer,Chemistry,5,4,2529.13
1841,978-9590055887,Quae repellat veniam blanditiis,Sneha Dutta,O'Reilly,Fiction,3,2,962.73
1842,978-4713151520,Consequuntur qui veniam natus,Prateek Mishra,Wiley,Biography,2,0,2498.95
1843,978-2515205431,Libero recusandae inventore provident tempore,Saurabh Bhatia,Oxford University Press,Mathematics,3,3,609.25
1844,979-8283797892,Odio autem labore eius nam,Kunal Sen,Springer,Computer Science,5,2,2494.08
1845,978-6745042407,Architecto assumenda soluta optio labore,Ishita Patel,Wiley,Biography,5,5,1701.83
1846,978-8322191634,Ullam tenetur soluta commodi cum necessitatibus,Suresh Banerjee,Oxford University Press,Electronics,7,3,1228.43
1847,979-8305269573,Ipsum voluptatum fuga ea,Yash Roy,PHI Learning,Management,8,8,1438.57
1848,978-7226983415,Voluptas omnis neque,Kunal Sharma,Springer,Fiction,3,2,2885.91
1849,978-4929767367,Nam doloremque corporis,Sai Mukherjee,O'Reilly,Reference,1,1,1022.12
1850,979-2645072299,Quia hic fuga,Bhumi Dutta,Pearson,Electronics,8,4,2703.41
1851,978-8975533561,Ratione beatae pariatur nesciunt ab sunt,Yamini Naik,Pearson,Fiction,2,0,796.33
1852,979-9859744255,Eum doloribus laboriosam,Aadhya Reddy,Pearson,Civil,6,5,1131.84
1853,979-6219721281,Deleniti labore laboriosam aut,Mohit Chopra,O'Reilly,Fiction,5,5,1631.73
1854,979-4686119486,Mollitia occaecati similique architecto pariatur,Zara Ghosh,Pearson,Biography,7,0,2805.91
1855,978-7289269687,Corporis quis labore voluptatibus asperiores cum,Anika Mehta,Oxford University Press,Electronics,7,4,1808.06
1856,979-6328690324,Quidem saepe facere dolorem ea animi inventore,Nikhil Suri,O'Reilly,Chemistry,2,1,1791.77
1857,978-4742088740,Quos adipisci perferendis ut hic,Kunal Verma,O'Reilly,Biography,8,4,422.14
1858,978-2927165366,Saepe dolore tenetur laboriosam veniam magni,Chirag Yadav,Springer,Mathematics,5,2,304.56
1859,978-5429587770,Officia quidem culpa nobis enim,Karthik Menon,Springer,Computer Science,1,1,337.66
1860,979-6883032264,Inventore adipisci architecto,Akash Chakraborty,McGraw Hill,Biography,3,1,2732.68
1861,979-3188474756,Provident quod quo,Sandeep Deshmukh,Wiley,Mathematics,7,6,3441.19
1862,978-2218034002,Fuga hic iure,Ira Sinha,Pearson,Fiction,7,3,1671.45
1863,979-5528680585,Esse modi eveniet est veniam,Gopal Chandra,Wiley,Management,6,4,1055.91
1864,979-8440454895,Laborum quidem saepe nihil nam placeat,Sakshi Menon,PHI Learning,Mathematics,4,3,600.74
1865,978-6161920197,Optio nemo iusto at laudantium exercitationem,Reyansh Tiwari,PHI Learning,Civil,5,1,3268.21
1866,978-7696538299,Nulla aperiam occaecati vel soluta nisi,Chandni Singh,PHI Learning,Management,4,2,1273.7
1867,978-7922281653,Est temporibus tenetur necessitatibus,Ananya Bose,O'Reilly,Computer Science,2,0,2251.2
1868,979-5096246166,Voluptas deleniti ex perspiciatis eius,Kartik Bhat,Springer,Fiction,6,0,3412.6
1869,978-1581018643,Incidunt omnis quisquam tempora consequuntur quo,Neha Gowda,Springer,Mathematics,1,1,2258.21
1870,979-5682152544,Deleniti placeat quae mollitia,Anand Patil,Wiley,Computer Science,4,2,1571.11
1871,978-9471162093,Reiciendis neque cupiditate quam,Vihaan Sinha,Pearson,Electronics,8,4,2051.14
1872,978-9701843658,Odit dignissimos ratione rerum,Lipika Chopra,PHI Learning,Biography,3,3,2849.52
1873,979-6207037890,Suscipit repellat fugiat hic,Gopal Iyer,Oxford University Press,Biography,4,1,3089.76
1874,978-9111293461,Ut itaque exercitationem ducimus,Pallavi Bansal,PHI Learning,Civil,7,1,2884.08
1875,978-8268179253,Dolorum vitae repellat,Urvi Suri,Oxford University Press,Electronics,1,0,3201.54
1876,978-2841061711,A deleniti vel unde iste,Nikita Bansal,PHI Learning,Physics,4,3,384.9
1877,978-2929137076,Nesciunt eius necessitatibus dicta amet incidunt,Vivaan Sethi,McGraw Hill,Mathematics,7,0,2991.48
1878,979-4164796854,Nisi labore harum blanditiis debitis facere,Shreya Verma,Pearson,Civil,3,0,3008.02
1879,979-1692081284,Aliquam architecto autem,Kavya Sinha,O'Reilly,Reference,6,4,536.5
1880,978-4513920821,Eaque quos unde placeat dignissimos tempora,Vivaan Roy,Springer,Reference,7,4,825.67
1881,978-2409849122,Animi beatae voluptate quaerat eligendi dolores,Vaishnavi Yadav,Wiley,Mechanical,2,1,3188.08
1882,979-5062710035,Nulla necessitatibus eaque mollitia,Yamini Dutta,Oxford University Press,Chemistry,5,5,2132.67
1883,979-2699190454,Corrupti mollitia et dolore,Manish Banerjee,Pearson,Computer Science,2,1,3441.45
1884,979-4744764678,Dicta nulla veritatis at qui,Aarohi Sharma,O'Reilly,Biography,4,2,2165.46
1885,978-2984144446,Repellat commodi doloribus illo,Saanvi Chandra,Pearson,Mechanical,1,0,2952.97
1886,978-4732956442,Itaque cumque cupiditate dolore,Harish Arora,Oxford University Press,Chemistry,5,4,861.62
1887,978-3376117852,A perferendis ipsa,Neha Ghosh,O'Reilly,Mathematics,4,1,752.43
1888,978-2797809939,Sed ipsum doloremque sed illum ipsam,Jyoti Banerjee,Wiley,Biography,2,2,2445.97
1889,979-8435765603,Qui fugit nostrum,Sandeep Ghosh,Pearson,Physics,3,2,842.53
1890,979-1144427594,Ad quisquam dignissimos perferendis ipsa,Ankit Dutta,O'Reilly,Mathematics,5,5,304.57
1891,979-5036912648,Exercitationem accusantium magni harum ipsam dignissimos,Aarav Kumar,Oxford University Press,Computer Science,4,1,3417.16
1892,978-4982789092,Provident nobis praesentium,Aditya Chakraborty,Springer,Mechanical,2,0,1178.02
1893,979-5525449077,Cumque illo dolor explicabo earum,Aditya Arora,Springer,Chemistry,3,3,2211.8
1894,978-5536808101,Tempore fugit soluta vero,Anjali Roy,Wiley,Biography,7,5,1594.23
1895,979-4682813923,Doloribus possimus iste reiciendis harum exercitationem,Ravi Mishra,Pearson,Chemistry,1,1,1457.92
1896,979-7088481020,Accusantium ipsa ipsum incidunt ipsa,Ananya Dubey,Pearson,Computer Science,5,1,1473.14
1897,978-3408228772,Dolorem facilis voluptatum laboriosam cumque,Anjali Naik,PHI Learning,Mathematics,8,0,1422.06
1898,978-9243513040,Officia nobis repellat sapiente voluptatem facilis,Aarav Mehta,PHI Learning,Biography,6,0,1534.91
1899,979-8159376612,At totam at possimus,Sandeep Sen,Springer,Management,3,3,1096.23
1900,979-3321787377,Dolorum minima ducimus,Harshita Roy,McGraw Hill,Fiction,6,5,384.17
1901,978-6262029856,Eos similique eius,Kiran Das,Springer,Mathematics,5,5,1382.44
1902,978-3545014935,Dolorem est maxime doloremque,Falguni Tiwari,O'Reilly,Computer Science,5,5,853.31
1903,979-8397995599,Numquam nemo quos,Anika Banerjee,Oxford University Press,Mechanical,8,1,2530.22
1904,979-2323206126,Enim iusto incidunt cumque,Dev Mukherjee,Springer,Chemistry,5,4,1312.59
1905,979-4222542466,Repellat deserunt quae,Ajay Chatterjee,PHI Learning,Computer Science,2,2,2237.95
1906,978-7839368743,Quo eaque quos,Shreya Reddy,Oxford University Press,Computer Science,6,0,2357.92
1907,979-6332117732,Commodi iure quis quam corrupti ut,Nikita Arora,O'Reilly,Computer Science,7,7,3051.47
1908,978-7171432499,Ratione eveniet cupiditate earum,Dhruv Malhotra,Pearson,Mathematics,8,0,2798.13
1909,979-9220297354,Magnam tempora hic,Shubham Dutta,PHI Learning,Computer Science,3,2,2014.24
1910,979-4080930046,Aliquid culpa consequatur similique,Deepak Gupta,Pearson,Reference,1,1,2422.77
1911,978-1773189543,Nemo eius doloribus cupiditate autem,Arjun Patel,PHI Learning,Computer Science,6,1,1186.14
1912,979-6195186977,Cum non aliquam voluptatem,Rajesh Rao,PHI Learning,Physics,6,1,2983.45
1913,978-3451522903,A itaque reiciendis,Chandni Desai,PHI Learning,Biography,6,6,1074.75
1914,978-9482992751,Mollitia quas suscipit iure officia,Myra Mukherjee,Wiley,Civil,8,2,1972.13
1915,979-2959112504,Explicabo non quaerat quibusdam quibusdam minima,Aditi Sinha,Wiley,Fiction,3,1,532.48
1916,978-7204463940,Cumque similique commodi alias asperiores,Shreya Bose,PHI Learning,Management,1,1,1807.57
1917,979-7492432946,Sapiente blanditiis temporibus fugit error,Aditi Chandra,Pearson,Mathematics,4,4,1222.85
1918,978-2171171646,Et dicta accusamus,Aparna Kumar,Springer,Chemistry,3,2,3436.6
1919,978-8259620240,Quod quibusdam ipsum nihil quis,Kunal Patil,O'Reilly,Reference,8,8,577.09
1920,978-5085924714,Officiis error doloribus,Bhumi Mahajan,O'Reilly,Biography,5,3,790.08
1921,978-5809546125,Tempore temporibus ducimus,Bhumi Iyer,O'Reilly,Fiction,2,2,835.81
1922,978-4127796727,Iure iure sunt iure impedit,Diya Thakur,Wiley,Reference,2,0,1703.17
1923,979-5723846934,Doloribus corporis odit,Yamini Das,Pearson,Physics,7,7,2433.63
1924,979-9433330979,Eos amet iure,Shreya Dutta,O'Reilly,Biography,2,1,1435.71
1925,978-8422699402,Suscipit sit aspernatur eos reprehenderit,Ayaan Patel,O'Reilly,Mathematics,7,7,939.24
1926,979-6695506382,Labore ut sit laboriosam explicabo deserunt,Suresh Hegde,O'Reilly,Reference,1,1,2051.27
1927,978-1075610907,Cumque voluptatibus corporis quae earum ad,Aakash Kapoor,Springer,Electronics,7,5,522.73
1928,978-3786021113,Occaecati fuga ipsum ex,Manoj Bhatia,Wiley,Physics,4,1,2322.0
1929,979-4745920241,Itaque numquam eligendi amet maxime commodi,Anika Sen,Springer,Computer Science,8,5,1978.45
1930,978-3489446049,Quis inventore maiores pariatur molestias,Tarun Trivedi,Pearson,Computer Science,3,3,2856.04
1931,978-9906490951,Magni voluptatum corrupti repudiandae ex quae,Rohan Desai,Pearson,Chemistry,6,4,585.29
1932,978-2083501702,Corporis quis deserunt nulla,Ankit Nair,McGraw Hill,Electronics,1,1,2916.0
1933,979-1492664207,Hic aliquam esse veritatis,Sakshi Sinha,PHI Learning,Management,3,3,3413.6
1934,978-8182202329,In deserunt reiciendis sunt,Aarohi Reddy,O'Reilly,Computer Science,8,8,2580.63
1935,979-9511060870,Molestias ducimus totam a architecto,Garima Arora,Springer,Physics,8,1,377.81
1936,978-5899351644,Eaque laboriosam architecto,Vinay Verma,Wiley,Electronics,7,3,325.29
1937,978-8126690284,Totam cumque perferendis beatae pariatur,Karthik Yadav,Pearson,Management,2,2,2949.21
1938,979-3666787980,Nulla voluptatem sed veritatis ducimus,Megha Sen,Wiley,Chemistry,2,1,2775.56
1939,979-8761405372,Molestias temporibus quia occaecati eveniet culpa,Vihaan Desai,Oxford University Press,Mathematics,7,4,2642.23
1940,978-9690271173,Maxime eius nisi tempore dolorem ad,Anjali Patel,Springer,Fiction,8,0,1937.06
1941,979-5168424821,Earum velit error voluptate voluptatibus amet,Chandni Bansal,PHI Learning,Mathematics,3,2,3057.96
1942,978-1836240007,Error sint autem corporis dolore quos,Rohit Gupta,PHI Learning,Chemistry,1,1,3269.0
1943,979-3198783193,Iure corrupti atque molestiae,Radhika Trivedi,Springer,Physics,8,8,821.74
1944,979-4730280910,Impedit id necessitatibus error doloribus,Nisha Verma,Pearson,Physics,7,1,3396.61
1945,978-6450641297,Laboriosam unde architecto et suscipit ipsa,Namrata Mehta,McGraw Hill,Mechanical,5,4,3055.06
1946,978-7435090447,Culpa labore adipisci vel blanditiis,Megha Hegde,McGraw Hill,Fiction,8,7,1122.74
1947,979-5590067925,Laborum voluptatum unde id,Nitin Thakur,McGraw Hill,Management,3,3,2744.16
1948,979-8841868492,Illo sed enim nostrum,Tarun Bhatia,Wiley,Mechanical,1,1,1977.61
1949,978-4214700503,Excepturi nisi nisi sequi,Aarohi Chakraborty,McGraw Hill,Biography,7,1,3457.07
1950,978-5069787834,Aspernatur recusandae ab,Naveen Chopra,McGraw Hill,Computer Science,8,2,1309.49
1951,979-2901785290,Incidunt tempore vel recusandae possimus corrupti,Kavya Verma,O'Reilly,Mechanical,6,2,2933.81
1952,978-3334162378,A debitis consequatur,Ishaan Gowda,Pearson,Chemistry,8,2,1740.84
1953,979-6756507332,Perspiciatis ullam praesentium pariatur assumenda,Ishaan Dubey,McGraw Hill,Biography,7,5,975.96
1954,978-4567049617,Tempora ex aliquam nesciunt,Vinay Dubey,Springer,Mechanical,1,1,1404.68
1955,979-5312898324,Nostrum reprehenderit deleniti,Neha Rathore,Springer,Management,3,0,1822.5
1956,978-3937078573,Tempore repudiandae laudantium eaque,Swati Rathore,Wiley,Fiction,6,1,2784.09
1957,979-8191837315,Nulla minima rerum eligendi,Vikas Reddy,O'Reilly,Management,1,0,1626.45
1958,978-3657367256,Iure sequi culpa,Deepika Chatterjee,O'Reilly,Physics,1,1,713.05
1959,978-8950136706,Atque non porro adipisci sequi pariatur,Manish Mukherjee,PHI Learning,Mathematics,6,0,2136.15
1960,979-1993380697,Repellat facere magni eos provident id,Chandni Chakraborty,Pearson,Computer Science,1,1,2700.89
1961,979-3818768359,Recusandae sed pariatur distinctio,Zara Kumar,Springer,Computer Science,3,0,3242.06
1962,979-2800194515,Corrupti culpa aspernatur nesciunt blanditiis,Dhruv Joshi,PHI Learning,Fiction,4,2,3337.5
1963,979-7019684834,Voluptatum commodi quam,Rohit Arora,McGraw Hill,Physics,5,3,3405.14
1964,978-3192704361,Quo porro neque quaerat,Aarav Roy,Pearson,Fiction,3,2,2761.12
1965,978-3688285467,Illum ut pariatur perferendis quas,Vikram Mahajan,Wiley,Fiction,5,4,3371.55
1966,978-6062068401,Vel distinctio labore alias,Om Yadav,PHI Learning,Management,7,6,568.84
1967,978-8274213338,Hic exercitationem aliquid sapiente,Lipika Malhotra,PHI Learning,Civil,8,0,1125.71
1968,978-1353558207,Harum repellat iure vitae,Ravi Hegde,Pearson,Management,4,1,1406.19
1969,979-4743608112,Ipsum repellendus quia provident omnis,Chirag Joshi,Wiley,Chemistry,6,4,797.09
1970,979-9912182385,Sit delectus sit cum dolorum at,Shubham Deshmukh,McGraw Hill,Civil,7,2,2982.41
1971,978-2386050718,Corporis sunt dolores nobis vero,Megha Menon,McGraw Hill,Physics,2,2,349.18
1972,978-7047105413,Quam in quo occaecati,Naveen Sharma,Oxford University Press,Reference,6,4,3354.57
1973,979-1600788821,Reiciendis fuga a laboriosam repudiandae,Ashish Patel,Springer,Management,5,2,1953.17
1974,978-5394862462,Dicta corporis perspiciatis similique quia earum,Aditi Desai,Oxford University Press,Biography,5,2,1158.74
1975,979-5891272522,Suscipit voluptatibus nostrum nostrum ipsa,Saanvi Sharma,Wiley,Electronics,5,3,2087.57
1976,978-6422538530,Iste quaerat molestias,Sanjay Reddy,Oxford University Press,Mathematics,2,0,2463.89
1977,979-4089979993,Voluptatum itaque eligendi accusantium nihil vitae,Anika Yadav,Springer,Fiction,8,0,3245.87
1978,978-9126036619,Labore soluta ut,Arjun Menon,McGraw Hill,Chemistry,3,2,1690.96
1979,979-5553095399,Nemo unde rerum dolore eaque tempora,Vikas Rathore,O'Reilly,Electronics,4,4,1369.45
1980,978-8503767316,Repellendus pariatur neque,Dev Deshmukh,PHI Learning,Mechanical,3,3,2404.25
1981,978-9425640093,Eaque minus aliquam veritatis ipsum,Yamini Rao,O'Reilly,Physics,5,5,2221.45
1982,979-9787483351,A aliquid asperiores rem modi,Om Kulkarni,McGraw Hill,Physics,8,7,323.43
1983,979-1083478586,Velit accusamus sit quasi quisquam ratione,Sai Bansal,PHI Learning,Computer Science,8,0,634.01
1984,979-6270829251,Optio libero neque modi mollitia quod,Sai Patil,Springer,Civil,4,1,923.2
1985,979-4898149773,Unde harum quas debitis,Namrata Chauhan,PHI Learning,Physics,5,0,2480.17
1986,978-3134138659,Accusamus inventore eveniet doloribus,Deepak Thakur,Oxford University Press,Computer Science,5,0,1440.59
1987,978-3270630698,Accusantium consectetur quibusdam ducimus omnis perferendis,Aryan Dutta,Wiley,Electronics,6,2,1224.27
1988,978-1224860581,Cum incidunt quas facere quisquam,Rohit Kumar,PHI Learning,Physics,3,2,1351.12
1989,978-6308770381,Est molestiae molestias architecto,Pranav Bhat,Oxford University Press,Mathematics,5,4,1506.25
1990,979-2368972124,Sit sequi a,Aditya Bose,Oxford University Press,Fiction,2,0,576.63
1991,978-1542441251,Architecto quo quis earum,Rajesh Mehta,McGraw Hill,Chemistry,3,1,865.1
1992,979-8786859924,Beatae iste commodi quisquam,Naveen Kapoor,Wiley,Reference,3,1,307.49
1993,979-9749777085,Iure commodi pariatur eius assumenda ratione,Lavanya Roy,Wiley,Reference,1,0,2309.89
1994,979-9742276909,Debitis rem molestias dolorum accusantium,Kritika Reddy,Pearson,Mechanical,5,5,2542.51
1995,979-5166871275,Rem recusandae assumenda aperiam corporis cum,Yash Verma,Springer,Chemistry,2,0,1848.38
1996,978-6332153959,Deserunt voluptatibus quidem expedita excepturi harum,Anika Sinha,Springer,Fiction,4,0,1089.84
1997,978-2966316544,Aut maiores repellat distinctio deleniti,Tanvi Shinde,Wiley,Reference,2,2,935.02
1998,979-6049673002,Quo quibusdam architecto voluptatibus dolorem omnis,Esha Mishra,Wiley,Chemistry,4,0,926.14
1999,978-9646451065,Nam itaque eum fuga tempore alias,Kartik Shinde,McGraw Hill,Computer Science,6,0,3217.09
2000,979-7899312344,A explicabo voluptates ut,Anika Thakur,PHI Learning,Chemistry,5,1,408.74
2001,979-3364299176,Impedit saepe voluptas similique assumenda,Tanya Mahajan,Wiley,Management,7,7,2121.6
2002,978-4304814704,Nisi natus blanditiis,Yamini Shinde,O'Reilly,Management,8,8,3452.1
2003,978-7358397137,Labore mollitia mollitia,Saurabh Agarwal,Springer,Electronics,1,1,3482.79
2004,978-4752571582,Blanditiis repellat ratione odit doloribus,Anika Kumar,Oxford University Press,Chemistry,1,0,1630.65
2005,979-8492183454,Reprehenderit eos similique amet error vitae,Nitin Jadhav,Pearson,Management,8,7,727.08
2006,978-3826238926,Possimus repellendus voluptatum,Falguni Kumar,Oxford University Press,Fiction,4,0,2592.76
2007,979-7617512133,Excepturi illum asperiores minus,Urvi Gupta,Oxford University Press,Civil,5,3,273.54
2008,978-6534113501,Libero qui illum,Gopal Chandra,Oxford University Press,Chemistry,4,2,1204.29
2009,979-5253222090,Voluptatem eveniet quae,Shubham Singh,Oxford University Press,Civil,4,4,1309.92
2010,978-5694545128,Ut nobis sed,Sandeep Kulkarni,Wiley,Computer Science,7,6,2968.82
2011,978-3747894483,Beatae voluptate quisquam et commodi,Rohit Roy,Oxford University Press,Physics,1,0,1384.31
2012,979-4790024027,Distinctio reiciendis doloremque eius sapiente mollitia,Abhishek Gowda,McGraw Hill,Fiction,4,3,998.22
2013,978-3663546112,Totam aspernatur quae vel sit molestias,Gopal Mehta,O'Reilly,Civil,4,1,1262.15
2014,978-3790621150,Omnis aut illo ut est soluta,Falguni Gowda,PHI Learning,Reference,3,0,3296.98
2015,979-2160593242,Omnis eaque amet,Harish Bose,Oxford University Press,Chemistry,5,2,1904.02
2016,979-1093251718,Atque velit a,Neha Chatterjee,Pearson,Chemistry,4,2,1628.25
2017,978-5347848883,Aliquam repellat illo autem culpa velit,Myra Jadhav,Wiley,Civil,6,5,2382.7
2018,978-4410596701,Aspernatur cumque officiis necessitatibus,Garima Chandra,McGraw Hill,Electronics,1,0,3089.08
2019,978-3876067252,Occaecati accusantium dolor,Ishita Kulkarni,PHI Learning,Biography,1,0,3197.59
2020,978-8570633578,Cumque vero sint,Mohit Bhat,Wiley,Biography,1,0,1825.23
2021,978-9268841375,Dolores illum placeat soluta nemo quas,Vihaan Singh,Pearson,Civil,7,1,350.93
2022,978-1169055262,Laudantium dolores inventore nostrum,Nisha Chandra,McGraw Hill,Management,2,1,1810.71
2023,979-8748641413,Deserunt minus exercitationem illo nihil,Anand Bansal,Wiley,Mechanical,8,4,2466.35
2024,978-5190057172,Enim dolorum sequi commodi in officia,Charu Bose,Pearson,Fiction,3,0,2903.74
2025,979-2999516762,A beatae nihil quia porro nemo,Saanvi Thakur,Oxford University Press,Civil,5,2,2554.6
2026,979-9643204790,Blanditiis perferendis consequatur aliquam voluptatum quia,Aarohi Bose,Oxford University Press,Physics,1,0,1987.51
2027,978-7102681962,Placeat consequatur dolor,Dev Iyer,Springer,Management,4,0,3217.99
2028,979-5948809955,Nemo officiis quaerat,Ira Dutta,Oxford University Press,Management,7,2,3493.33
2029,978-8325167834,Impedit exercitationem ipsum,Saurabh Kulkarni,Oxford University Press,Physics,4,0,1073.55
2030,978-1676320936,Quam quos sit,Mohit Sen,O'Reilly,Physics,2,2,3117.36
2031,978-8822603658,Voluptate fugiat maxime eius optio,Deepika Chauhan,Pearson,Physics,1,1,3304.79
2032,979-1923912513,Dignissimos explicabo sit,Aarohi Khanna,McGraw Hill,Management,6,1,2151.97
2033,978-2089622502,Laudantium veniam ipsa dolorum,Nikita Kulkarni,Wiley,Management,1,1,3139.28
2034,979-4613656958,Iure aperiam suscipit animi itaque,Abhishek Reddy,Wiley,Reference,5,1,1235.03
2035,978-1026307782,Dignissimos beatae enim eligendi,Rahul Chopra,McGraw Hill,Electronics,6,4,2069.34
2036,979-1279619491,Incidunt accusamus quos minus,Kiran Thakur,O'Reilly,Physics,2,1,1869.74
2037,979-7287458763,Iste esse dolore dicta sint saepe,Ishani Kulkarni,O'Reilly,Computer Science,3,3,577.85
2038,978-5122585463,Earum laboriosam ipsa consequatur quos,Gauri Hegde,PHI Learning,Chemistry,2,2,2186.63
2039,979-1593392075,Fugit voluptates mollitia odit corporis eaque,Ashish Malhotra,McGraw Hill,Computer Science,3,2,704.19
2040,979-7644977672,Minima porro earum omnis reiciendis,Charu Malhotra,McGraw Hill,Fiction,7,1,718.34
2041,978-3542216780,Accusantium necessitatibus suscipit dolores eligendi,Dev Suri,Wiley,Computer Science,3,1,2548.44
2042,979-3483668071,Quidem pariatur nam nostrum,Ira Naik,O'Reilly,Mathematics,4,0,1303.52
2043,979-4553713443,Ullam occaecati voluptate a vero eveniet,Om Malhotra,O'Reilly,Civil,5,4,1957.34
2044,979-7384490441,In exercitationem laboriosam deleniti quasi quam,Siddharth Kulkarni,McGraw Hill,Civil,1,0,2122.8
2045,978-1144908995,Dolorum rem nesciunt occaecati pariatur,Siddharth Mukherjee,PHI Learning,Civil,4,1,1556.3
2046,979-1265188343,Natus explicabo fugit numquam tempora eveniet,Yash Patel,PHI Learning,Management,3,3,1988.26
2047,979-7175925152,Explicabo quis minus laudantium inventore,Harsh Chakraborty,Springer,Biography,2,1,2089.59
2048,979-6395692394,Accusamus asperiores natus consequatur illum aliquam,Amit Das,McGraw Hill,Physics,6,2,466.8
2049,978-2258756736,Impedit voluptatum asperiores perspiciatis voluptate,Aniket Shah,Wiley,Reference,8,0,3181.42
2050,978-3015816571,Quaerat dolore dolor fuga alias,Aarohi Suri,Pearson,Electronics,6,3,444.05
2051,979-7445252292,Ullam illum voluptatibus,Tanya Kapoor,Oxford University Press,Biography,3,1,304.55
2052,978-6557000123,Suscipit tempora atque unde nostrum atque,Ananya Mehta,Springer,Biography,6,0,765.38
2053,978-4877988514,Ratione modi occaecati quis,Vikas Dubey,Pearson,Computer Science,2,2,569.66
2054,979-5940273767,Labore eius cumque,Chandni Kulkarni,McGraw Hill,Physics,7,4,2560.97
2055,978-1972176514,Unde laudantium voluptatibus,Sandeep Shah,O'Reilly,Mathematics,5,4,2351.65
2056,978-4097194924,Suscipit aut magnam dolorem nemo,Chandni Mukherjee,Oxford University Press,Chemistry,3,1,1555.05
2057,979-6276978884,Incidunt expedita explicabo,Rohan Verma,O'Reilly,Biography,1,1,3225.14
2058,979-9638289387,Nam cum qui voluptatem nemo,Amit Banerjee,Pearson,Mechanical,7,1,3188.02
2059,978-6953598765,Deserunt reprehenderit doloremque aliquid,Tanya Gupta,Oxford University Press,Biography,1,1,1403.18
2060,979-9318128237,Deserunt distinctio consequatur itaque,Gopal Reddy,O'Reilly,Biography,7,3,3485.96
2061,979-1487791877,Dolorem consequatur blanditiis totam dignissimos,Jyoti Mahajan,O'Reilly,Mathematics,3,2,1130.14
2062,978-3713405469,Quidem quis rerum inventore porro rerum culpa,Sneha Deshmukh,PHI Learning,Management,7,3,461.82
2063,979-9497369523,Ab fugiat modi placeat tempora,Rajesh Khanna,O'Reilly,Computer Science,4,3,837.71
2064,979-4506323276,Assumenda culpa asperiores,Siddharth Shah,Springer,Electronics,1,0,1902.95
2065,978-6406821820,Autem dolorem repellat eaque maxime,Shubham Gupta,Springer,Civil,5,0,1720.23
2066,979-9942183783,Sunt minus tempore nihil vitae nesciunt,Ashish Bhatia,McGraw Hill,Computer Science,1,1,369.74
2067,978-9634553190,Suscipit culpa voluptatum minus necessitatibus,Diya Menon,Pearson,Mathematics,1,1,1434.12
2068,979-9387342354,Incidunt nostrum recusandae eius ea,Aniket Iyer,Pearson,Physics,2,2,2197.33
2069,978-1689874111,Unde reiciendis saepe deserunt,Vikas Sharma,Pearson,Reference,1,1,1155.79
2070,978-3338964936,Fugiat modi unde soluta,Bhumi Dutta,Springer,Computer Science,5,0,1820.83
2071,978-3712153204,Recusandae consectetur amet,Nitin Bansal,Pearson,Mathematics,8,2,1654.82
2072,979-5052138719,Veniam beatae laboriosam tenetur neque qui,Anand Malhotra,Oxford University Press,Reference,1,1,2143.26
2073,979-4305352396,Amet debitis soluta,Anand Kapoor,Wiley,Civil,1,0,3004.94
2074,978-5350675110,Dolores amet similique,Komal Prasad,O'Reilly,Biography,1,1,537.76
2075,978-5438441349,Sunt dolores mollitia excepturi modi ea,Pari Bhat,Pearson,Reference,1,1,1892.1
2076,978-2317702298,Molestias repudiandae aliquid laudantium saepe,Divya Khanna,Pearson,Physics,8,6,2601.78
2077,979-2075012240,Rem dolore odio,Saanvi Patel,Wiley,Mechanical,2,0,3266.79
2078,978-7635360786,Corporis ipsam in odio aspernatur quis,Bhumi Rao,McGraw Hill,Computer Science,6,2,1729.63
2079,978-6037408641,Cum eius sed adipisci quisquam,Aryan Deshmukh,Pearson,Biography,6,6,3267.02
2080,979-2533640328,Quod porro sint,Vinay Dutta,Pearson,Mechanical,8,0,1000.32
2081,979-6751520837,Assumenda cumque quia,Siddharth Mahajan,Oxford University Press,Electronics,2,1,1979.72
2082,979-3742844439,Aspernatur porro laboriosam rem ipsa tempora,Deepti Gupta,Oxford University Press,Mathematics,6,2,3491.34
2083,979-4761763513,Animi occaecati voluptas ad corrupti,Vikas Bhat,Oxford University Press,Mathematics,3,2,434.46
2084,978-9743419603,Est perferendis recusandae magnam enim,Swati Reddy,McGraw Hill,Reference,6,1,1938.86
2085,979-8276896138,Ea assumenda repellat nobis,Ananya Pandey,Wiley,Biography,8,7,3087.83
2086,978-3866289933,Molestiae enim minima quisquam corrupti repudiandae,Shubham Ghosh,PHI Learning,Physics,6,4,1888.38
2087,979-7858501837,Magnam ratione et iusto,Tanvi Suri,Springer,Civil,5,2,2815.47
2088,978-4920613215,Ipsa ad nobis a ea doloribus,Gaurav Pandey,Wiley,Fiction,2,1,3286.05
2089,979-4119893065,Odio at quam eius corrupti,Oindrila Chakraborty,Wiley,Chemistry,4,3,2865.44
2090,979-2335939889,Natus doloremque corrupti earum dolorem,Bhavya Dutta,McGraw Hill,Management,2,1,2951.03
2091,979-8755663891,Fuga aliquid est cumque nemo,Vinay Verma,PHI Learning,Fiction,5,4,730.62
2092,978-7789936540,Mollitia aliquam iusto,Falguni Nair,Wiley,Mechanical,3,1,3111.45
2093,979-4954737922,Dignissimos illum sequi nam nulla,Dev Verma,O'Reilly,Management,6,4,1789.08
2094,979-1382586225,Quo quod veritatis,Kunal Prasad,Wiley,Biography,5,1,1063.59
2095,979-9893673422,Delectus aperiam eaque aliquid commodi hic,Vikas Reddy,Oxford University Press,Mechanical,4,1,1777.69
2096,978-9395511166,Commodi nam minus a numquam ea,Naveen Sen,O'Reilly,Mathematics,6,0,1811.61
2097,979-6954233643,Molestias labore sunt dolorum,Nisha Das,PHI Learning,Mechanical,3,2,1041.09
2098,979-3179443455,Fugiat quisquam minus aperiam,Sai Reddy,McGraw Hill,Biography,3,0,1433.3
2099,979-6103094047,Doloribus perferendis consequuntur id,Myra Das,Oxford University Press,Management,6,3,668.79
2100,979-9773675942,Quas maxime officia pariatur,Nitin Trivedi,Springer,Mathematics,6,1,1225.67
2101,978-5466850582,Illum culpa doloribus in,Arjun Chandra,Pearson,Mechanical,8,4,1997.39
2102,979-8625701138,Fuga quam minus,Rajesh Chopra,McGraw Hill,Electronics,3,2,3155.68
2103,979-5339923393,Aut vero dolorum iure,Aditya Menon,Pearson,Civil,2,2,773.62
2104,978-1113427610,Reprehenderit eos voluptatem,Aparna Sharma,Springer,Reference,3,1,1509.52
2105,979-6600973305,Culpa veniam fugiat enim sit,Myra Khanna,Oxford University Press,Management,3,2,1419.84
2106,978-8486914081,Illo dolorem perferendis excepturi,Urvi Sharma,McGraw Hill,Mathematics,8,0,3121.95
2107,979-9173496948,Eos vero tenetur ad,Rohit Pandey,Oxford University Press,Civil,8,1,1526.04
2108,978-2739993925,Iusto est recusandae,Chirag Malhotra,Pearson,Mathematics,5,2,2382.06
2109,978-4815216726,Maiores vero minus totam,Esha Rathore,Pearson,Mechanical,1,0,3201.03
2110,978-6774062427,Quo quasi fuga,Shreya Gowda,Oxford University Press,Physics,4,2,2426.27
2111,979-5014752355,Possimus maxime rerum eius quas consequatur,Jyoti Chopra,O'Reilly,Computer Science,5,4,1187.2
2112,979-5173865380,Rerum aperiam porro alias porro animi,Kunal Malhotra,Springer,Chemistry,3,0,1532.32
2113,979-8749033727,Dolores totam distinctio quisquam,Harish Malhotra,Springer,Civil,2,0,3107.32
2114,978-2130415937,Deserunt minima nesciunt sunt commodi,Ankit Yadav,McGraw Hill,Computer Science,6,0,596.78
2115,979-3972843644,Rem rem at quae,Aakash Malhotra,Oxford University Press,Civil,2,0,336.46
2116,979-3646014254,Minima quam ratione molestias non,Ravi Dutta,Pearson,Mathematics,3,2,3099.85
2117,979-5968722768,Dolores at perspiciatis laudantium,Deepika Bansal,PHI Learning,Civil,2,0,761.28
2118,979-4474552014,Illo eum dolorem,Oindrila Mehta,PHI Learning,Mechanical,5,1,3275.84
2119,979-1919868243,Sequi quam vero ullam nostrum,Sai Prasad,Pearson,Civil,6,2,360.63
2120,979-5441406871,Libero vitae voluptatibus atque vero similique,Manoj Dubey,Wiley,Fiction,6,5,2961.06
2121,979-3983852293,Quam minima ab tenetur dignissimos ad,Pranav Bhat,O'Reilly,Physics,7,4,1469.13
2122,979-2463596454,Nesciunt ex impedit,Vikram Sinha,Oxford University Press,Chemistry,4,4,1747.84
2123,979-1331990738,Consectetur nisi unde doloribus fugiat iusto,Ishita Sharma,O'Reilly,Mechanical,3,3,2543.57
2124,979-9733176466,Eaque eligendi voluptatem blanditiis quam impedit,Rohan Solanki,Pearson,Electronics,5,0,1270.78
2125,978-5691929805,Sunt perspiciatis hic,Varun Singh,Wiley,Chemistry,8,0,2009.37
2126,978-2350372086,Recusandae consequatur animi est architecto commodi,Neha Desai,Springer,Biography,5,2,1762.24
2127,979-2798968383,Odit nemo autem eos doloremque minus,Ira Verma,PHI Learning,Management,8,3,3415.2
2128,979-3009965883,Saepe nesciunt quidem illum cupiditate,Shubham Gowda,Springer,Reference,8,6,1762.4
2129,979-1830415670,Velit non magni asperiores,Harshita Khanna,Springer,Civil,8,1,3007.67
2130,979-4705558932,Eius excepturi asperiores ducimus alias,Vivaan Kumar,McGraw Hill,Computer Science,4,0,2265.88
2131,979-6916074427,Consectetur modi velit aliquam,Deepika Suri,Wiley,Reference,1,1,997.19
2132,979-7181869994,Occaecati quod excepturi laudantium hic,Rohit Sharma,McGraw Hill,Electronics,1,1,875.34
2133,979-1616102658,Vitae quia maxime atque quia,Isha Pandey,Oxford University Press,Civil,3,0,884.69
2134,978-1945989708,Quos accusantium aliquam deserunt voluptatibus,Sameer Gupta,PHI Learning,Biography,2,1,1766.56
2135,978-8859005958,Suscipit facere id non repellendus quis,Nisha Das,McGraw Hill,Physics,3,1,445.58
2136,978-2213808423,Culpa iste eum quia aut,Om Sharma,Oxford University Press,Reference,6,0,2535.27
2137,979-6599756853,Quisquam ducimus excepturi amet,Rohit Mehta,Pearson,Physics,6,1,2037.32
2138,978-1333034562,Magni delectus nemo laborum sed,Shreya Prasad,Pearson,Chemistry,1,1,360.91
2139,979-5531873961,Quis officia consequuntur distinctio minima,Rohit Patel,Springer,Reference,3,0,2607.82
2140,979-3733930408,Enim vitae blanditiis esse,Manish Mahajan,Pearson,Physics,1,0,686.81
2141,979-7669387264,A minus ipsum deserunt error labore,Lavanya Tiwari,PHI Learning,Management,1,1,1333.96
2142,979-2151634381,Qui minus illum distinctio officia nostrum,Radhika Sharma,McGraw Hill,Civil,3,2,1883.4
2143,979-2512920368,Amet pariatur iste,Naveen Kulkarni,Pearson,Management,2,0,1806.72
2144,978-6329370466,Non aliquid fuga,Harsh Dubey,Springer,Reference,6,5,3141.71
2145,979-3407723881,Neque aperiam enim nemo vel quaerat,Aniket Sinha,PHI Learning,Management,6,6,1430.3
2146,979-5148928968,Voluptatibus nesciunt cumque quidem provident,Saanvi Solanki,Pearson,Mechanical,7,7,2936.69
2147,979-4802852025,Velit in numquam repellat sit omnis,Dhruv Pandey,McGraw Hill,Mechanical,8,7,3446.35
2148,979-8116439034,Odit quis quia perspiciatis quis sequi,Ishita Iyer,McGraw Hill,Computer Science,3,2,878.71
2149,979-1196744642,Suscipit eos modi,Isha Thakur,Wiley,Reference,4,2,1364.49
2150,979-2620948240,Neque odio necessitatibus corporis natus,Karthik Bose,Oxford University Press,Electronics,6,3,2486.96
2151,978-5701315862,Accusantium magnam est nulla,Gopal Chakraborty,Pearson,Physics,8,6,1963.35
2152,979-8465006845,Veritatis tempora autem saepe,Ishita Bansal,Springer,Civil,6,4,1725.79
2153,979-3364847560,Eos consequuntur voluptas illo,Ashish Roy,Pearson,Reference,8,1,784.32
2154,979-5455246621,Vero amet numquam ad nam culpa,Aryan Suri,PHI Learning,Mathematics,7,1,3163.33
2155,979-1790327300,Itaque in tempora,Vinay Tiwari,Pearson,Electronics,1,1,2828.3
2156,978-4972596815,Cupiditate dolor natus voluptatum dolorem,Lavanya Kapoor,Pearson,Chemistry,6,1,3183.25
2157,978-5150596806,Dolore pariatur nobis facere doloribus veniam,Vinay Thakur,Wiley,Management,3,2,3156.88
2158,979-4629244608,Omnis natus accusantium,Aditi Rathore,O'Reilly,Computer Science,3,3,3205.96
2159,978-2935941271,Repudiandae tempore vero suscipit,Aditi Prasad,Oxford University Press,Management,3,1,497.59
2160,978-1540561022,Voluptatem temporibus necessitatibus,Vidya Kapoor,McGraw Hill,Reference,5,3,3001.38
2161,978-6778697621,Exercitationem molestias sed corporis nihil,Tanvi Deshmukh,Pearson,Physics,8,5,2509.67
2162,978-8458864824,Molestias corporis optio atque mollitia,Tanya Gowda,McGraw Hill,Physics,3,0,1703.49
2163,978-3835311974,Fugiat illum asperiores repudiandae accusamus laboriosam,Juhi Bansal,O'Reilly,Mathematics,1,0,820.79
2164,978-3153030257,Atque rerum sunt quisquam rem,Tanvi Bhat,Springer,Management,6,2,897.61
2165,979-1178132578,Nemo voluptatem quibusdam dolorum deleniti,Gaurav Chauhan,Oxford University Press,Physics,4,2,2385.03
2166,978-3152878647,Id corrupti nesciunt quo,Kritika Bhat,Wiley,Reference,3,1,1823.22
2167,979-2738378608,Earum tempore sequi rerum cum quibusdam,Pooja Tiwari,Wiley,Physics,1,0,1336.47
2168,978-4282505154,Ab sequi ipsa,Lipika Dubey,O'Reilly,Civil,7,2,2177.52
2169,979-2826087133,Tenetur harum voluptatum blanditiis voluptatem,Ankit Sen,Oxford University Press,Electronics,8,6,1009.4
2170,978-8875725703,Magnam asperiores pariatur repellendus ex,Bhavya Chopra,PHI Learning,Civil,2,1,2059.01
2171,979-4711368693,Aliquid architecto minus,Swati Shah,Wiley,Physics,5,0,1421.31
2172,979-5702366298,Officia aspernatur occaecati asperiores qui amet,Siddharth Ghosh,Pearson,Fiction,8,2,2628.72
2173,979-3931719363,Quo sint maxime sit veniam,Gopal Das,Springer,Mathematics,4,3,3023.32
2174,979-2527909068,Occaecati amet fuga odit earum,Reyansh Sharma,PHI Learning,Mechanical,6,5,1458.49
2175,978-4026187999,Ipsam nisi hic animi velit suscipit,Ishita Desai,PHI Learning,Civil,8,1,374.38
2176,979-3320743675,Quis illum consectetur consequatur accusantium,Simran Yadav,Wiley,Electronics,6,4,2773.23
2177,978-7090524430,Quia laudantium numquam,Charu Deshmukh,McGraw Hill,Chemistry,1,1,1354.69
2178,978-9621613761,Ullam unde voluptatem natus ut architecto,Siddharth Patil,Wiley,Mathematics,6,2,1369.86
2179,978-6559674607,Ad vel perferendis ea,Aarohi Iyer,Wiley,Chemistry,8,8,2074.83
2180,979-9996549654,Dicta iste at consequatur,Nikita Tiwari,Wiley,Fiction,3,2,574.16
2181,979-3134196930,Facere ut dicta totam illo,Pallavi Khanna,Pearson,Management,7,7,1225.66
2182,978-2766499052,Molestias aspernatur ab sed tempore,Ishani Malhotra,Oxford University Press,Reference,6,3,3122.0
2183,978-9813871089,Perspiciatis aspernatur cum fugit,Aadhya Bhatia,Springer,Management,7,0,827.52
2184,979-2474105107,Quibusdam dolores maiores pariatur,Aniket Joshi,Springer,Management,7,4,1726.37
2185,979-3951447979,Iusto molestias voluptate,Shreya Malhotra,Pearson,Chemistry,8,5,2192.51
2186,978-9553208349,Commodi dolor asperiores pariatur error,Pooja Chauhan,Springer,Mathematics,7,0,2966.86
2187,979-2124463161,Nihil quas cumque neque,Bhumi Gowda,Springer,Mechanical,6,4,3223.16
2188,978-8797612779,Consequuntur hic magni,Vivaan Banerjee,McGraw Hill,Physics,1,1,1886.86
2189,978-9134215855,Inventore eligendi amet,Namrata Chandra,Wiley,Chemistry,3,3,3460.35
2190,979-3106355570,Dignissimos dolorum aut iusto autem,Aniket Malhotra,McGraw Hill,Fiction,4,1,332.6
2191,979-8657531034,Temporibus qui libero,Ankit Banerjee,Oxford University Press,Civil,5,3,2075.02
2192,979-5263088206,Cumque delectus accusamus cum at laudantium,Jyoti Yadav,Oxford University Press,Biography,8,8,1856.63
2193,978-8544750526,Modi delectus occaecati ea ut in,Naveen Das,Springer,Fiction,7,3,477.75
2194,979-8832356111,Molestias quasi laudantium quasi non doloremque,Jatin Sen,Oxford University Press,Civil,3,2,2904.79
2195,979-5486395099,Sint doloremque reprehenderit doloribus beatae,Gauri Sen,Springer,Chemistry,6,1,3343.48
2196,979-6611476176,Debitis placeat et adipisci dolorem quibusdam,Bhavya Chandra,Oxford University Press,Biography,1,1,1893.5
2197,979-9477690616,Laudantium praesentium molestias,Swati Mahajan,O'Reilly,Computer Science,1,1,1629.53
2198,979-1057902806,Illo unde blanditiis laboriosam aperiam,Charu Sinha,PHI Learning,Management,2,0,2582.66
2199,979-8159232472,Doloremque illo quod corporis recusandae facilis,Isha Desai,PHI Learning,Mathematics,1,0,3319.39
2200,979-3341362210,Fugiat corporis omnis,Chirag Desai,O'Reilly,Physics,3,2,1385.6
2201,978-4177650264,Debitis occaecati eveniet culpa,Meera Iyer,O'Reilly,Electronics,4,2,3136.42
2202,978-8681567766,Perspiciatis optio accusamus ex voluptates,Harish Mehta,O'Reilly,Mathematics,5,4,2437.17
2203,979-2376753532,Placeat illo corrupti,Neha Bansal,McGraw Hill,Physics,6,4,1345.73
2204,979-8525739666,Minima quo cupiditate,Bhumi Iyer,Oxford University Press,Civil,8,5,1592.48
2205,978-7961972106,Consequuntur necessitatibus voluptas quidem veritatis nam,Diya Khanna,Wiley,Biography,5,2,2227.37
2206,979-9736928763,Quo eaque inventore non enim molestias,Riya Mishra,O'Reilly,Management,6,6,3315.3
2207,978-3629560574,Veritatis consectetur ullam,Aditi Desai,McGraw Hill,Civil,7,1,1271.68
2208,979-7550450849,Reiciendis veritatis porro dolorem sapiente,Vikas Desai,Oxford University Press,Physics,6,4,357.97
2209,978-8345276738,Voluptate nisi porro magni eos,Aditya Verma,Pearson,Computer Science,1,1,3002.83
2210,979-2570469406,Error non sapiente,Simran Gowda,McGraw Hill,Physics,8,6,2125.75
2211,978-4138338159,Maiores occaecati officia eligendi iste molestias,Jyoti Arora,McGraw Hill,Mathematics,6,0,2198.02
2212,979-1921288441,Vitae quibusdam alias omnis at,Nitin Dubey,McGraw Hill,Biography,3,3,2524.28
2213,978-3662694465,Doloremque molestias ipsum labore,Suresh Agarwal,Wiley,Mathematics,5,0,991.22
2214,978-9717540115,Quisquam omnis ad nulla eius quos,Vikram Thakur,Wiley,Civil,3,0,2496.14
2215,978-3839629776,Aperiam occaecati voluptate libero minus fugit,Jatin Banerjee,Wiley,Civil,5,2,2602.25
2216,978-6318219153,Sequi nemo ipsa,Esha Reddy,PHI Learning,Biography,4,4,1894.68
2217,979-1299784050,Quaerat culpa rerum eum nemo laudantium,Zara Chandra,Springer,Computer Science,2,2,376.18
2218,978-3932340786,Ratione minus placeat,Saurabh Hegde,Wiley,Reference,1,1,1419.95
2219,979-6208449454,Id delectus numquam,Ira Patil,Wiley,Computer Science,8,2,2430.55
2220,978-8334906777,Fuga possimus sunt optio,Suresh Ghosh,Wiley,Physics,6,1,2327.53
2221,979-4848694717,Quidem hic quas ex itaque,Vikas Dubey,O'Reilly,Fiction,3,0,384.12
2222,978-7428569410,Adipisci commodi eius,Pranav Sen,O'Reilly,Electronics,7,4,2186.31
2223,979-6378205764,Debitis quia sequi eaque delectus minima,Pallavi Iyer,McGraw Hill,Physics,6,6,366.59
2224,979-4514468936,Nisi deserunt explicabo repellendus eos,Prateek Banerjee,Pearson,Mathematics,1,1,1362.69
2225,979-1550017277,Odio consequatur minus nemo,Bhumi Rao,Oxford University Press,Reference,4,4,638.39
2226,978-4446344969,Ratione rerum dolore velit,Pallavi Joshi,O'Reilly,Physics,1,0,1301.79
2227,978-2557220491,Vero unde vel excepturi cum aspernatur,Krishna Chopra,PHI Learning,Fiction,4,3,1796.73
2228,978-6255437500,Delectus quis quam ut debitis,Vidya Chatterjee,Oxford University Press,Management,3,0,2175.17
2229,979-1562776889,Harum voluptas cupiditate veniam dolore,Nitin Prasad,Wiley,Computer Science,2,2,832.38
2230,978-7386738283,Exercitationem non placeat aut,Ananya Mahajan,Springer,Chemistry,6,0,3427.67
2231,978-3913611956,Autem quae fuga ad officia maxime,Abhishek Shah,Wiley,Mathematics,3,0,2766.05
2232,978-2101752909,Veniam nam accusamus eum laborum,Urvi Iyer,Wiley,Mechanical,2,2,1042.27
2233,979-5006039263,Repudiandae dolore deserunt occaecati,Jyoti Shah,McGraw Hill,Mechanical,8,1,3488.91
2234,979-1714500745,Soluta tempora repudiandae,Akash Solanki,PHI Learning,Reference,2,0,2472.63
2235,978-1112042472,Unde beatae laboriosam,Vinay Bhat,PHI Learning,Computer Science,6,1,396.5
2236,979-5917929243,Cum dicta rerum ex doloremque recusandae,Rajesh Gupta,McGraw Hill,Computer Science,7,7,2318.65
2237,978-8851642011,Saepe distinctio esse,Riya Kumar,Pearson,Biography,8,4,2000.22
2238,978-5583787191,Eos autem repudiandae dicta dolor,Aditi Chatterjee,O'Reilly,Physics,3,2,708.41
2239,979-6145196537,Facilis suscipit repellendus labore,Rajesh Ghosh,Springer,Chemistry,4,1,902.03
2240,978-5109247541,Atque reiciendis ipsum et accusamus nulla,Arjun Saxena,O'Reilly,Chemistry,5,3,2634.74
2241,979-5696052988,Possimus officia autem,Krishna Roy,PHI Learning,Mathematics,6,4,1915.53
2242,978-4919381648,Alias explicabo itaque,Aditi Kulkarni,Oxford University Press,Civil,1,0,2987.56
2243,979-8958645784,Minus voluptatum possimus minima natus non,Reyansh Dubey,Oxford University Press,Management,7,2,1561.7
2244,978-7164083868,Quidem ab facere,Rajesh Sen,Oxford University Press,Biography,2,1,1862.62
2245,978-3422518730,Sapiente minima sequi expedita,Swati Agarwal,Springer,Civil,6,6,1217.78
2246,978-3166410359,Tempora vel nam totam,Vaishnavi Sethi,Springer,Mathematics,7,1,2281.26
2247,978-7683788976,Impedit veritatis sint nesciunt impedit,Juhi Chandra,Oxford University Press,Physics,2,2,1701.9
2248,978-9886639206,Molestiae eius similique consequuntur provident,Divya Banerjee,Wiley,Mechanical,4,1,812.64
2249,979-3319810500,Excepturi qui pariatur molestiae excepturi nihil,Manish Bansal,McGraw Hill,Fiction,4,1,3075.93
2250,979-4977338758,Recusandae et quae nostrum debitis,Anjali Dubey,Oxford University Press,Computer Science,2,1,2703.09
2251,978-2750341646,Esse nostrum blanditiis,Vihaan Bose,Wiley,Mechanical,2,2,1788.5
2252,979-9066272408,Repellat incidunt ex,Sai Shinde,Oxford University Press,Biography,3,3,2497.65
2253,978-3462312710,Ut ab aliquam,Ayaan Gowda,Pearson,Biography,7,0,1508.05
2254,979-4464960535,Reiciendis fuga dolorem,Bhumi Mehta,Springer,Physics,8,8,832.19
2255,979-1717015877,Asperiores dolores odit repudiandae,Chirag Hegde,Wiley,Mathematics,5,0,882.59
2256,979-2881118895,Reiciendis sit architecto,Gauri Yadav,O'Reilly,Electronics,7,0,3355.75
2257,979-5511948841,Eum laboriosam maxime,Aditya Sen,Pearson,Chemistry,5,4,2347.45
2258,978-4124781623,Nam delectus aut esse sed,Dev Verma,Springer,Chemistry,5,0,3360.36
2259,979-2059719668,Nulla harum nulla quaerat corporis vitae,Urvi Gowda,PHI Learning,Civil,1,1,1638.94
2260,978-5384186716,In tempore ratione quaerat,Shreya Sharma,O'Reilly,Biography,6,2,1114.92
2261,979-2342952747,Officia corrupti ab facilis,Urvi Agarwal,Pearson,Electronics,2,1,1428.96
2262,978-7722857156,Voluptates provident ullam enim veniam architecto,Sandeep Thakur,PHI Learning,Mechanical,7,0,689.62
2263,979-8338066588,Rem cupiditate molestiae repellendus,Deepak Iyer,McGraw Hill,Electronics,6,0,2359.99
2264,979-9450234560,Deleniti aperiam dicta,Vikram Joshi,McGraw Hill,Physics,7,4,1802.08
2265,978-7429516112,Soluta officia occaecati,Tanvi Dutta,Pearson,Chemistry,6,3,413.8
2266,979-7426362164,At fugiat ab at doloribus ea,Ankit Singh,McGraw Hill,Computer Science,5,4,2391.09
2267,978-5703549545,Dignissimos mollitia exercitationem minus,Nikhil Mukherjee,McGraw Hill,Physics,8,0,364.86
2268,978-8227563803,Illo provident pariatur debitis debitis expedita,Kavya Mukherjee,McGraw Hill,Physics,1,0,557.59
2269,979-7124412082,Eum quia facilis occaecati laborum,Dev Das,Oxford University Press,Physics,3,0,1030.52
2270,979-3696753441,Culpa necessitatibus adipisci consequuntur at,Tarun Prasad,Wiley,Chemistry,7,2,2144.1
2271,979-4619951322,Fugit omnis dolores aut amet,Esha Rathore,PHI Learning,Mathematics,8,6,1987.77
2272,978-3910277237,Quaerat vero officia cupiditate,Om Chakraborty,PHI Learning,Reference,7,6,2942.04
2273,979-6723341570,Porro dicta ratione quas unde,Esha Banerjee,O'Reilly,Fiction,5,2,3041.49
2274,978-5795428153,Vitae vero unde eveniet cupiditate nemo,Isha Jadhav,Wiley,Chemistry,7,4,3003.26
2275,979-3475917408,Tenetur distinctio illum cupiditate aut incidunt,Ravi Patil,Springer,Fiction,5,3,3352.35
2276,979-7189327474,Omnis nesciunt odit dolores mollitia,Karthik Desai,Pearson,Electronics,1,0,1234.31
2277,978-9979062849,Tempore eveniet facilis vitae,Radhika Agarwal,PHI Learning,Computer Science,7,1,1360.45
2278,979-6456440227,Sequi molestiae eum velit eaque commodi,Krishna Khanna,Oxford University Press,Fiction,5,3,996.88
2279,979-3753418763,Qui sunt dolor repellat enim,Abhishek Mishra,Pearson,Management,6,0,271.88
2280,978-6607938002,Necessitatibus ea ducimus,Vivaan Roy,Pearson,Chemistry,3,0,2046.84
2281,978-1791266852,Nostrum quam debitis ipsum repudiandae similique,Rohit Chakraborty,Springer,Reference,3,1,904.75
2282,978-8617736339,A necessitatibus ipsam cum ex,Abhishek Verma,McGraw Hill,Fiction,2,2,1724.11
2283,979-7925700128,Iusto minima libero beatae laudantium tempora,Anand Trivedi,O'Reilly,Computer Science,6,6,1967.64
2284,978-4155140169,Consequuntur veritatis veniam maxime consectetur,Sneha Yadav,McGraw Hill,Electronics,1,1,1329.13
2285,979-3062028578,Repellat quidem atque,Harsh Reddy,O'Reilly,Chemistry,1,0,707.01
2286,978-9711649888,Id ratione sint molestias cupiditate,Deepak Prasad,McGraw Hill,Mathematics,4,0,2811.67
2287,979-9593696190,Eaque mollitia non,Harsh Mehta,PHI Learning,Fiction,6,0,1958.43
2288,978-6495273828,Maxime magni necessitatibus expedita distinctio,Manish Dubey,Oxford University Press,Management,3,0,2672.26
2289,978-4622933995,Pariatur facere dolores modi unde,Chandni Deshmukh,Pearson,Chemistry,7,2,2994.97
2290,978-7170979034,Dicta eius error,Saurabh Tiwari,McGraw Hill,Fiction,1,0,3093.96
2291,979-7702684688,Officia repellendus sequi nemo autem,Isha Deshmukh,Oxford University Press,Mechanical,1,0,3053.61
2292,979-9647335257,Expedita sit veritatis,Harish Desai,McGraw Hill,Electronics,7,7,694.65
2293,978-2949902450,Tempore sint ad corrupti neque quod,Vidya Sharma,Wiley,Civil,8,5,2539.79
2294,979-7208781105,Quibusdam optio at dicta eius sint,Gauri Malhotra,McGraw Hill,Reference,1,0,2725.97
2295,979-2808025007,Deserunt nostrum deserunt a impedit iusto,Akash Rathore,PHI Learning,Mathematics,3,0,3488.92
2296,978-8958321776,Placeat libero non beatae,Kavya Sen,PHI Learning,Electronics,4,0,2493.27
2297,978-7364289063,Aliquid corrupti corrupti dignissimos blanditiis,Anjali Sethi,McGraw Hill,Physics,2,1,514.16
2298,978-1202845069,Illum quibusdam consequuntur beatae quo,Saanvi Mishra,Wiley,Biography,1,1,1105.22
2299,978-8908951631,Blanditiis fugit autem,Rohan Chopra,Springer,Biography,4,4,1949.92
2300,978-9379710052,Aliquam nulla adipisci consequatur,Zara Roy,Wiley,Electronics,3,3,2568.05
2301,978-5597538715,Optio unde quis ut dicta,Amit Gowda,Wiley,Mechanical,8,0,3050.69
2302,979-8967141339,Quia distinctio eos deserunt fugit dignissimos,Meera Gupta,Oxford University Press,Reference,7,2,2004.27
2303,978-4418296315,Optio iste soluta,Sai Verma,Pearson,Physics,8,2,2351.83
2304,978-5886864580,Quod aut quisquam eligendi,Madhuri Chauhan,Pearson,Physics,3,0,1459.0
2305,978-3616920651,At ad nam,Varun Mishra,Oxford University Press,Management,8,8,939.7
2306,978-2589261834,Numquam consequuntur excepturi ab pariatur,Manish Banerjee,O'Reilly,Computer Science,2,0,857.49
2307,979-9468745471,Corrupti enim consectetur,Rajesh Dutta,O'Reilly,Electronics,6,1,2269.05
2308,978-9811126984,Deserunt sed voluptatum expedita fugit ratione,Jyoti Mishra,PHI Learning,Chemistry,2,1,2957.74
2309,978-3409881936,Rem dolor pariatur,Tanvi Chatterjee,PHI Learning,Management,7,2,445.45
2310,978-1792620902,Exercitationem quod nesciunt reprehenderit quod dolorem,Aditya Trivedi,PHI Learning,Mechanical,3,0,925.34
2311,979-6626112349,Blanditiis eius incidunt facere eveniet,Ishani Shinde,Pearson,Computer Science,4,0,2981.93
2312,979-7035558768,Harum quis consectetur sed ea,Pranav Yadav,Pearson,Computer Science,7,0,2132.97
2313,978-6478664671,Suscipit quod ad,Anika Solanki,O'Reilly,Management,8,7,1466.15
2314,979-6464509297,Ut in facere cum doloremque libero,Aparna Shah,Pearson,Physics,5,3,2951.34
2315,979-3841304713,Cumque nulla ipsam,Krishna Tiwari,Pearson,Management,2,1,1655.42
2316,979-3869046905,Inventore similique ad,Pari Trivedi,PHI Learning,Electronics,5,0,252.15
2317,979-5483391665,Consectetur similique minus veniam,Sneha Pillai,Wiley,Computer Science,5,1,2649.95
2318,979-4354954575,Exercitationem ea sint,Zara Joshi,PHI Learning,Civil,8,8,500.81
2319,979-6634839995,Odit dolore quae eligendi dolorum commodi nulla,Deepika Chakraborty,PHI Learning,Reference,3,0,3142.46
2320,978-9801872241,Vero natus quisquam iste incidunt,Vinay Gupta,McGraw Hill,Chemistry,3,3,756.77
2321,979-6768722626,Numquam fuga nihil quod,Mohit Bhat,Wiley,Fiction,4,4,1372.18
2322,978-1363458536,Fuga incidunt cupiditate doloribus laboriosam,Aryan Thakur,Springer,Physics,7,1,2736.53
2323,978-5986508441,Consequatur repellat iure,Karthik Menon,PHI Learning,Mathematics,5,0,1285.52
2324,978-5437015977,Beatae mollitia quisquam,Ayaan Bose,Pearson,Management,6,6,1686.65
2325,979-1355939478,Commodi dignissimos rem qui impedit dolorem,Nitin Chopra,Springer,Physics,5,0,510.17
2326,979-5946537028,Id quis at cum maiores,Abhishek Rathore,Oxford University Press,Chemistry,2,0,2547.83
2327,979-1610592335,Accusamus atque quas facilis autem nihil,Aparna Jadhav,Oxford University Press,Physics,8,6,379.43
2328,979-9020378043,Voluptate provident iure,Om Mahajan,PHI Learning,Mechanical,4,0,1911.66
2329,978-1730713719,Magni illum aut amet,Myra Bose,Wiley,Management,2,2,2809.77
2330,978-3528061435,Ex voluptas repellat enim,Neha Singh,Springer,Electronics,6,4,369.83
2331,978-4910946324,Veritatis laudantium dicta id beatae deserunt,Harshita Desai,Wiley,Civil,5,4,1712.31
2332,979-8576289352,Natus delectus minus,Deepak Naik,Springer,Reference,8,1,1711.18
2333,978-3795931221,Perspiciatis ipsum provident nisi libero dignissimos,Megha Saxena,Oxford University Press,Chemistry,6,3,2756.03
2334,978-9715138370,A dicta perferendis sit dicta illo,Nitin Khanna,Pearson,Reference,2,1,1569.89
2335,978-4587234259,Ullam saepe suscipit ipsa corrupti,Ajay Reddy,Wiley,Mathematics,5,1,459.43
2336,979-7535893330,Nesciunt minima rerum praesentium labore,Aparna Chatterjee,Springer,Fiction,2,0,1221.22
2337,978-1230077574,Animi eaque impedit,Arjun Chakraborty,Wiley,Physics,7,3,1715.21
2338,978-3036945488,Est ex nihil,Rajesh Mishra,PHI Learning,Chemistry,1,0,3046.44
2339,979-2832525420,Recusandae amet nihil,Bhumi Khanna,McGraw Hill,Reference,4,1,2031.7
2340,978-9012424276,Commodi dolorum accusantium omnis nesciunt,Aryan Joshi,McGraw Hill,Management,7,5,1818.99
2341,978-2415922103,Quisquam mollitia reprehenderit natus praesentium provident,Vaishnavi Shah,O'Reilly,Chemistry,1,1,3268.96
2342,979-2847119700,Nemo et pariatur provident,Namrata Verma,O'Reilly,Reference,8,2,3293.3
2343,978-7737884039,Quos aliquam nostrum magnam repellat,Harish Thakur,Wiley,Electronics,7,6,2505.78
2344,979-2923437472,Officia nisi libero totam,Pranav Chandra,Oxford University Press,Reference,5,3,2891.35
2345,978-3645198244,Minus laudantium dolore aperiam iure ipsa,Tanvi Agarwal,Pearson,Electronics,3,0,3365.25
2346,979-3921785144,Repellendus fugit nam,Gopal Sethi,Wiley,Management,3,0,1303.9
2347,979-9950078435,Aut tenetur veritatis corrupti,Ishaan Das,Springer,Physics,6,0,2990.04
2348,978-1992933941,Enim aliquid laboriosam eaque doloremque cupiditate,Neha Chatterjee,O'Reilly,Reference,2,0,1265.17
2349,979-4789809246,Ipsa distinctio porro maiores nihil,Ananya Arora,Springer,Mechanical,7,6,2713.55
2350,979-2264133048,Nesciunt tenetur voluptatum ipsum,Garima Thakur,Wiley,Computer Science,5,2,1997.36
2351,978-2220971201,Architecto reprehenderit eaque,Lavanya Thakur,Pearson,Physics,6,2,3220.6
2352,979-3663652132,Sed veritatis consequuntur dolor amet,Ira Agarwal,McGraw Hill,Physics,3,3,1790.41
2353,978-5003655101,Reprehenderit molestiae cupiditate at amet,Riya Singh,Wiley,Mathematics,5,2,2208.34
2354,979-6241185604,Optio omnis occaecati optio,Anand Gupta,McGraw Hill,Biography,7,0,3302.76
2355,978-9772706770,Atque ut vel velit,Radhika Jadhav,PHI Learning,Civil,4,1,819.93
2356,978-9511445290,Doloremque placeat quibusdam,Komal Khanna,Wiley,Mechanical,8,5,358.27
2357,978-2133994361,Maiores magnam voluptatibus nesciunt tempore tempore,Charu Chatterjee,McGraw Hill,Fiction,5,4,3266.34
2358,979-4614444552,Voluptate vitae quasi,Komal Gupta,Springer,Computer Science,1,0,545.1
2359,979-9223589677,Magnam nesciunt enim optio adipisci reprehenderit,Manish Bhatia,Springer,Mathematics,1,1,1889.1
2360,978-3102018498,Voluptas unde tempora,Isha Sharma,Pearson,Biography,6,0,285.64
2361,979-6038949386,Modi cum blanditiis veniam,Pranav Saxena,Oxford University Press,Civil,5,0,3242.26
2362,979-2232898610,Maxime qui doloremque voluptatem voluptas,Esha Thakur,O'Reilly,Mathematics,7,6,341.15
2363,979-3533531449,Ipsa accusamus cupiditate repellat ea,Komal Mukherjee,McGraw Hill,Management,3,1,2910.73
2364,979-7572850914,In eum pariatur,Juhi Desai,O'Reilly,Mathematics,6,4,3251.52
2365,979-7220703731,Sapiente fugit assumenda nisi,Radhika Chakraborty,PHI Learning,Physics,4,2,3476.06
2366,978-7021013257,Quisquam pariatur vel,Sai Chatterjee,Oxford University Press,Mathematics,8,0,3125.62
2367,979-6921347081,Tempora perferendis nihil recusandae nobis incidunt,Aryan Kapoor,Springer,Mathematics,6,4,692.37
2368,978-3872833626,Corrupti quas hic velit pariatur sed,Ananya Mahajan,McGraw Hill,Computer Science,2,1,2440.08
2369,979-4642026429,Eaque nihil dolorem,Manish Sen,PHI Learning,Biography,2,2,2850.37
2370,979-8142054279,Ea ratione ratione,Rajesh Bhatia,Springer,Mechanical,2,0,1909.08
2371,978-2093480732,Beatae incidunt laudantium mollitia dolorum,Pari Desai,Springer,Civil,8,3,3321.68
2372,978-6629552806,Eligendi tempora porro nam ex fugiat,Shubham Iyer,Oxford University Press,Civil,4,3,2940.93
2373,978-1135341303,Quod itaque reiciendis,Pallavi Shah,Oxford University Press,Chemistry,8,8,3418.89
2374,979-3914360509,Delectus odit suscipit unde praesentium,Tanya Chakraborty,PHI Learning,Management,4,4,655.2
2375,979-4918143076,Rerum fugiat molestias quam,Deepak Verma,McGraw Hill,Fiction,3,3,3144.36
2376,978-5715033804,Inventore eaque maiores corrupti ipsam corrupti,Ishita Mukherjee,Oxford University Press,Mechanical,1,1,1140.11
2377,979-5945014854,Aut consequuntur voluptatem explicabo quis,Tarun Bhat,McGraw Hill,Fiction,2,1,844.2
2378,979-3470218136,Illum molestiae commodi magnam nemo ratione dolore,Kavya Khanna,Pearson,Computer Science,1,0,2857.27
2379,978-2691955473,Id possimus dolorem aliquam ipsa voluptates,Manish Mishra,Wiley,Biography,5,5,2510.27
2380,978-5825669341,Laboriosam voluptatibus quidem ipsum nemo,Nitin Shah,Oxford University Press,Civil,5,0,1426.68
2381,979-9692586540,Ad rerum at asperiores voluptatum,Ishani Iyer,McGraw Hill,Reference,3,3,1145.97
2382,978-6749726067,Nesciunt quidem quam,Swati Thakur,Wiley,Computer Science,7,7,2811.14
2383,978-9501852388,Optio voluptates odit cum reprehenderit,Rajesh Trivedi,Wiley,Biography,3,1,736.58
2384,979-7255026211,Quaerat autem distinctio quaerat,Vidya Solanki,PHI Learning,Management,4,4,3420.77
2385,979-9077598412,Exercitationem voluptatem aliquam,Priya Rathore,Springer,Mechanical,7,3,1580.63
2386,979-1884086269,Eum maiores id quod,Sakshi Mehta,Oxford University Press,Civil,4,4,2307.87
2387,979-3691373719,Tenetur facere vero,Deepika Trivedi,Wiley,Computer Science,8,2,2936.71
2388,978-3519047553,Libero ea nulla inventore,Sanjay Gowda,Pearson,Chemistry,1,0,3413.15
2389,979-1966130384,Sit possimus earum,Bhumi Iyer,Wiley,Management,5,5,3133.67
2390,978-7552536316,Impedit sapiente iusto qui tempore ut,Yash Joshi,PHI Learning,Civil,5,2,665.27
2391,978-9406553687,Quo consectetur ea,Garima Mehta,PHI Learning,Electronics,3,2,2077.74
2392,978-7190072827,Nemo molestias aliquam molestiae tenetur a,Ankit Hegde,McGraw Hill,Reference,6,6,2937.68
2393,979-5047213859,Iure mollitia atque aspernatur earum,Harshita Bhatia,PHI Learning,Mechanical,1,0,285.48
2394,978-8081619689,Sed autem dolorem eveniet delectus hic,Garima Mishra,McGraw Hill,Chemistry,4,4,1459.95
2395,978-5508171254,Veniam molestias nulla modi rem,Anika Patil,O'Reilly,Reference,5,0,2639.55
2396,979-7690267533,Praesentium neque possimus mollitia,Siddharth Chauhan,Wiley,Computer Science,2,1,504.48
2397,979-7150528348,Ut fugit est tempora,Ishita Pandey,Oxford University Press,Physics,8,1,2582.25
2398,978-6968151534,Eveniet nihil voluptatem,Suresh Chakraborty,Pearson,Chemistry,8,7,1692.64
2399,979-3393955658,Beatae nostrum quam,Kunal Shah,O'Reilly,Reference,8,5,2622.34
2400,979-4180517598,Animi porro labore facere,Namrata Jadhav,McGraw Hill,Mathematics,5,2,2117.22
2401,978-2375578398,Suscipit aliquid beatae labore in,Harish Sharma,Springer,Mechanical,5,4,2415.88
2402,979-4046258058,Dolorem nisi quibusdam,Akash Rathore,McGraw Hill,Reference,7,5,1122.38
2403,979-7665522558,Rem dignissimos et illum quae commodi,Shreya Desai,O'Reilly,Reference,1,1,390.08
2404,978-6298906401,Neque eveniet nobis fugiat ab ad,Dev Kumar,Wiley,Civil,3,3,2995.33
2405,978-9211061956,Error consequatur minus neque debitis eos,Pooja Suri,PHI Learning,Fiction,4,3,3118.41
2406,979-3540762585,Voluptatum placeat earum temporibus similique,Ayaan Gowda,PHI Learning,Mathematics,1,1,2184.89
2407,979-9862768364,Ipsa libero amet ratione ea accusamus,Riya Mehta,Oxford University Press,Reference,6,5,2831.48
2408,979-8102944828,Et sint laudantium ipsam,Harsh Menon,McGraw Hill,Management,4,2,2438.39
2409,979-4543538890,Tempora necessitatibus quos est eum dolore,Saurabh Jadhav,Wiley,Management,5,1,1889.97
2410,978-2566920598,Rem adipisci consectetur sequi fuga reiciendis,Deepti Chopra,Wiley,Management,8,6,2901.23
2411,979-2977913996,Quos sequi delectus in praesentium,Saanvi Deshmukh,Pearson,Electronics,8,3,2001.44
2412,979-1558835063,Autem odio nobis,Ajay Gupta,Oxford University Press,Mechanical,2,2,2675.63
2413,979-6146500444,Dolorem amet possimus perferendis cum,Sneha Banerjee,PHI Learning,Computer Science,3,3,1095.74
2414,978-7292584260,Blanditiis corrupti debitis quis,Lavanya Shah,Springer,Physics,7,7,2920.53
2415,978-8581782286,Incidunt sunt possimus labore illo,Gopal Mishra,Oxford University Press,Chemistry,3,1,407.19
2416,978-1811083834,Nostrum hic aut debitis quae,Harshita Joshi,PHI Learning,Reference,5,2,1632.44
2417,979-4628833677,At tenetur sequi,Isha Saxena,Oxford University Press,Fiction,3,1,3361.59
2418,979-8707014763,Modi maxime harum animi,Jatin Yadav,Pearson,Computer Science,1,0,2975.77
2419,979-6769127049,Accusamus labore maiores id quae voluptatibus,Naveen Rathore,Oxford University Press,Physics,1,0,1861.12
2420,979-8548857279,Deserunt aspernatur neque,Vihaan Rao,Springer,Fiction,2,0,2956.86
2421,978-5624384112,Ipsam quos accusamus reiciendis ipsum,Aditya Dubey,Springer,Mathematics,2,0,1574.63
2422,978-2048976183,Recusandae sequi odit incidunt corporis,Bhumi Deshmukh,O'Reilly,Computer Science,3,3,411.11
2423,978-9200158944,Ullam amet minus,Jatin Pillai,McGraw Hill,Civil,3,0,2983.33
2424,979-9159655737,Quasi sunt exercitationem inventore,Harish Singh,Wiley,Reference,1,0,511.48
2425,979-8164469408,Quas sint minus itaque expedita reprehenderit,Manish Menon,McGraw Hill,Computer Science,6,3,1815.08
2426,979-1911258277,Fuga eaque maiores est,Myra Kulkarni,Oxford University Press,Reference,3,2,761.85
2427,978-9233561604,Perferendis possimus doloremque,Anika Bose,Springer,Mathematics,3,1,2653.22
2428,978-5316154772,Soluta facere quibusdam veniam aliquid,Vivaan Solanki,PHI Learning,Biography,5,2,2730.62
2429,978-1499003929,Ducimus officiis eligendi iusto qui,Jatin Mishra,O'Reilly,Mechanical,2,2,918.42
2430,978-6040141369,Sapiente asperiores consequuntur deserunt,Pallavi Gupta,McGraw Hill,Mechanical,7,2,2143.9
2431,979-3292574998,Eligendi modi quisquam quasi laudantium,Aryan Deshmukh,O'Reilly,Fiction,1,0,2466.82
2432,979-3865290283,Quasi voluptatem iste temporibus id dignissimos,Abhishek Yadav,Wiley,Mathematics,4,3,1658.52
2433,979-9098863587,Officia perspiciatis cumque cumque,Charu Tiwari,PHI Learning,Biography,5,3,713.76
2434,978-7304079666,Sint nam fugit cumque,Vivaan Menon,McGraw Hill,Biography,7,7,2991.59
2435,978-4275108334,Tempore explicabo accusamus,Om Patil,McGraw Hill,Reference,7,6,3337.15
2436,978-6846959427,Aperiam sed non harum doloribus aliquam,Meera Nair,Wiley,Mathematics,2,0,1665.98
2437,978-4885122102,Quaerat deserunt harum voluptatibus voluptatem,Simran Das,McGraw Hill,Physics,8,7,1516.14
2438,978-9768060490,Quaerat magnam corporis numquam dolorem,Kritika Prasad,O'Reilly,Biography,5,4,2561.28
2439,979-3247960693,Sunt accusamus similique sint,Kritika Verma,McGraw Hill,Reference,6,1,1002.02
2440,979-5765462418,Maiores quaerat id,Aditya Gupta,McGraw Hill,Electronics,8,6,2097.84
2441,979-2125223991,Magnam maiores architecto incidunt voluptates eius,Rohit Khanna,Wiley,Chemistry,2,2,2584.59
2442,979-1012512488,Totam veritatis ea incidunt,Rohit Sen,PHI Learning,Fiction,7,3,556.16
2443,978-7150415080,Distinctio modi facere architecto nobis dolor,Anand Das,Pearson,Electronics,7,2,2309.24
2444,978-3573388280,Autem odit officiis tenetur quas eum,Vivaan Thakur,PHI Learning,Reference,5,1,2615.13
2445,978-6767782257,Commodi modi vero maiores ducimus molestiae,Lipika Thakur,O'Reilly,Reference,4,3,1670.89
2446,979-4953366669,Rem necessitatibus incidunt nesciunt maiores,Abhishek Thakur,O'Reilly,Chemistry,6,4,3103.17
2447,978-4079686542,Suscipit quisquam nisi,Ayaan Arora,Pearson,Mathematics,4,2,888.56
2448,979-2949694071,Voluptatibus et neque consequatur,Tanya Gupta,Wiley,Chemistry,3,2,3452.75
2449,978-4082903216,Autem saepe perspiciatis ducimus doloremque repellat,Divya Shinde,PHI Learning,Computer Science,6,3,3193.35
2450,979-2723614804,Molestiae vitae quae cupiditate consequatur dignissimos,Vidya Verma,PHI Learning,Fiction,1,0,3412.38
2451,978-8924783476,Officiis nihil cum doloremque necessitatibus aut,Nikhil Khanna,McGraw Hill,Biography,4,1,1969.06
2452,979-7146262327,Voluptates optio libero,Madhuri Khanna,Oxford University Press,Mathematics,3,3,1857.24
2453,979-7612456057,Ullam culpa sunt distinctio cupiditate,Rohan Reddy,McGraw Hill,Mathematics,3,1,2430.34
2454,978-9556945041,Unde quae nam distinctio corporis aliquid,Juhi Naik,Wiley,Management,7,4,2464.77
2455,978-6041097313,Accusamus dolorem suscipit,Vaishnavi Bhatia,O'Reilly,Civil,7,3,2451.41
2456,979-2738105423,Aperiam minima itaque,Ashish Bhatia,Oxford University Press,Mathematics,3,0,2538.13
2457,978-2313692123,Beatae tenetur magni occaecati perferendis,Gopal Jadhav,Oxford University Press,Computer Science,2,0,3407.36
2458,979-3317650146,Ullam perspiciatis quaerat commodi molestias repellendus,Ankit Malhotra,O'Reilly,Computer Science,3,3,481.75
2459,978-1726927676,Fuga reiciendis enim totam,Aditya Kulkarni,PHI Learning,Electronics,8,7,1943.83
2460,979-1192039956,Tempore enim eum doloribus,Aniket Prasad,Pearson,Chemistry,3,1,425.43
2461,979-6693913935,Nihil quidem ratione,Aniket Singh,Oxford University Press,Management,4,2,620.03
2462,978-1532753589,In quibusdam sequi odit,Chirag Tiwari,McGraw Hill,Electronics,6,0,2141.37
2463,979-2477688330,Et illum voluptatem et,Meera Agarwal,Wiley,Mechanical,3,0,998.53
2464,978-8891637580,Alias dicta quo,Krishna Solanki,Pearson,Reference,8,6,2491.27
2465,979-1655245550,Itaque quibusdam totam,Kavya Dubey,Pearson,Reference,2,0,715.03
2466,979-4889909450,Fuga repellendus velit,Tanya Joshi,Wiley,Chemistry,3,2,1311.01
2467,978-9773285134,Fugit rerum ex temporibus aliquid inventore,Neha Yadav,Springer,Management,5,4,1341.87
2468,978-1282218804,In at accusamus officia totam,Garima Gupta,Oxford University Press,Biography,6,0,3458.79
2469,979-5088355001,Sint quae provident tempora,Nikita Jadhav,McGraw Hill,Fiction,6,5,3230.96
2470,979-7138323217,Voluptates a ipsum eum,Rohit Gowda,McGraw Hill,Chemistry,7,6,2948.32
2471,979-8007466798,Nostrum ullam nihil quo iusto,Vaishnavi Saxena,McGraw Hill,Mathematics,2,2,2730.08
2472,979-7088771776,Nostrum facilis natus deserunt in dicta,Aparna Mishra,PHI Learning,Mathematics,2,2,3330.97
2473,978-3005131404,Consequuntur modi necessitatibus numquam culpa non,Swati Bose,Wiley,Civil,4,1,2502.87
2474,979-1451635583,Minus molestiae nam,Radhika Kulkarni,Pearson,Computer Science,3,1,503.72
2475,979-9413795239,Tempore natus iusto voluptatum optio laborum,Ankit Mukherjee,Wiley,Fiction,1,1,827.27
2476,978-6392857782,Asperiores adipisci rem inventore facilis sapiente,Rahul Chopra,Wiley,Physics,7,6,3485.11
2477,978-3894460931,Iste fugiat possimus dolores ad assumenda,Bhavya Chandra,Wiley,Biography,3,3,3014.46
2478,978-5434148695,Sunt quisquam facere sed occaecati,Lipika Arora,Springer,Mathematics,7,3,1531.12
2479,979-1337334564,Nam sit fugit esse aspernatur sequi,Aakash Jadhav,Springer,Civil,2,2,3326.09
2480,978-8193946534,Fuga consequuntur asperiores itaque excepturi et,Nitin Desai,O'Reilly,Civil,5,3,2775.93
2481,979-4425601851,Itaque itaque provident,Lavanya Bose,Pearson,Chemistry,3,1,703.35
2482,978-2762155793,Laborum harum delectus,Harshita Mukherjee,McGraw Hill,Reference,2,0,3385.55
2483,978-2035697359,Atque perferendis rerum,Kavya Mukherjee,Oxford University Press,Management,2,1,424.31
2484,979-8340762758,Corporis at quae illo consequuntur eaque,Meera Suri,PHI Learning,Biography,5,4,1175.93
2485,978-1409731667,Consequuntur velit ex nesciunt,Divya Trivedi,McGraw Hill,Reference,3,1,1108.59
2486,979-7004431257,Amet provident voluptatum sunt quam,Aditi Tiwari,O'Reilly,Civil,2,1,691.13
2487,978-9200161763,Eaque consequatur reprehenderit expedita eos,Nitin Sinha,PHI Learning,Electronics,7,5,881.17
2488,979-6834870858,Rerum aliquid ipsa magni a neque,Urvi Iyer,McGraw Hill,Fiction,3,0,1870.81
2489,978-5339657503,Sapiente facilis rerum,Diya Iyer,McGraw Hill,Mathematics,6,6,3417.95
2490,978-5610750559,Accusantium quasi aperiam id unde tempore,Nikita Gowda,PHI Learning,Civil,5,5,2437.13
2491,978-5075342062,Eius amet cupiditate repudiandae eius,Oindrila Tiwari,Pearson,Chemistry,4,3,329.38
2492,979-7383234266,Voluptatibus magnam ullam nostrum suscipit suscipit,Esha Arora,Oxford University Press,Mathematics,5,5,629.92
2493,979-8061070826,A at maxime veniam,Krishna Gupta,Wiley,Mechanical,6,1,896.75
2494,978-5545229101,Delectus porro quaerat dolores consequatur in,Manish Das,Springer,Management,3,3,774.47
2495,978-3549172743,Velit molestiae ut quo ab,Diya Chauhan,PHI Learning,Mechanical,5,3,2301.39
2496,979-6309155228,Animi expedita natus,Deepti Chakraborty,Springer,Reference,6,4,2627.72
2497,978-7901019761,At nemo voluptate,Priya Reddy,PHI Learning,Chemistry,8,3,459.97
2498,978-2361410201,Debitis iure rem voluptatem omnis et,Anjali Malhotra,Springer,Electronics,5,0,1532.77
2499,979-1685899918,Aspernatur sunt quia dolorem repellendus,Bhavya Chandra,Oxford University Press,Electronics,6,4,2052.59
2500,979-3495616258,Amet necessitatibus dicta adipisci architecto,Pooja Hegde,Wiley,Physics,6,2,481.71
2501,979-8925788051,Nisi perspiciatis a laborum temporibus,Aarav Joshi,Oxford University Press,Mechanical,1,0,2505.09
2502,979-8463920982,Soluta nemo est,Ashish Khanna,Wiley,Mathematics,6,3,2661.96
2503,978-7477574701,Praesentium dolorem officia reiciendis maxime,Bhumi Mahajan,McGraw Hill,Chemistry,7,5,1597.97
2504,978-2851613371,Nihil nemo sint impedit consectetur,Simran Deshmukh,McGraw Hill,Physics,1,1,673.96
2505,979-9177674680,Eius iusto blanditiis saepe,Bhumi Tiwari,Oxford University Press,Computer Science,3,0,1299.2
2506,978-4092163167,Vero recusandae maiores,Sneha Mukherjee,Pearson,Mathematics,6,6,2459.29
2507,978-6462650443,Voluptate dicta est,Diya Suri,Springer,Fiction,8,6,3156.77
2508,979-2514097513,Assumenda temporibus quas architecto ducimus aliquid,Ananya Arora,PHI Learning,Physics,6,2,2575.51
2509,979-3460204716,Quo optio illo placeat architecto,Dev Dutta,McGraw Hill,Fiction,4,3,2508.48
2510,978-2292298619,Distinctio sunt ratione facere,Anika Verma,Oxford University Press,Fiction,4,0,3258.99
2511,979-1416116644,Minima sunt doloribus sit,Lavanya Hegde,Springer,Electronics,6,1,2207.55
2512,979-9373597844,In aperiam similique,Aakash Kumar,Wiley,Physics,7,7,791.46
2513,979-3024862137,Ipsa quia ipsum nihil dolor quaerat,Deepak Shah,Oxford University Press,Fiction,3,3,3224.14
2514,978-9819029124,Tempora ut magnam molestias,Ishita Mukherjee,O'Reilly,Physics,5,2,2519.63
2515,979-2710479234,Et dolorem ullam reiciendis,Vikas Gowda,McGraw Hill,Civil,3,0,2370.27
2516,979-4438000639,Voluptas error totam molestiae ex amet repellendus,Ajay Kulkarni,PHI Learning,Civil,5,2,3139.51
2517,978-1606380593,Provident hic ipsum excepturi,Juhi Ghosh,PHI Learning,Physics,6,5,3015.53
2518,978-6690194106,Facilis id dignissimos,Deepika Bhat,Pearson,Mechanical,5,3,3281.79
2519,978-9565415679,Quas ab alias vel,Tarun Pandey,Pearson,Biography,5,1,439.93
2520,979-6428542175,Autem laudantium praesentium quas pariatur,Pooja Iyer,PHI Learning,Physics,2,1,471.38
2521,979-3106098941,Aut doloremque veritatis voluptatum iure magni,Varun Pandey,McGraw Hill,Mechanical,6,6,720.67
2522,979-7922706135,Atque voluptates accusantium eveniet eos,Ayaan Dutta,PHI Learning,Physics,1,1,3109.12
2523,979-7342727950,Placeat amet praesentium cumque ad,Ishaan Mukherjee,O'Reilly,Biography,5,3,3178.57
2524,979-3276664568,Fuga doloremque repellendus ut praesentium assumenda,Abhishek Sen,O'Reilly,Mathematics,1,1,2679.64
2525,978-1286201044,Voluptatum tempora pariatur delectus,Zara Trivedi,Wiley,Civil,8,8,1608.24
2526,978-9431770670,Quos tempore facere vitae ab,Gopal Pandey,Springer,Electronics,8,5,2187.49
2527,979-3419980039,Quis praesentium amet eum excepturi,Vivaan Shinde,O'Reilly,Chemistry,3,3,266.39
2528,979-6341398883,Temporibus expedita reiciendis placeat,Diya Verma,Pearson,Civil,5,4,2283.34
2529,978-1879537161,Ea odio nulla adipisci eligendi veritatis,Urvi Das,Pearson,Computer Science,6,4,2264.24
2530,978-2262772048,Aut ipsam deleniti consectetur nisi amet,Tanya Trivedi,O'Reilly,Fiction,2,1,2308.97
2531,978-1190412400,Provident nihil facilis adipisci dolorem,Kavya Mishra,Springer,Chemistry,6,2,2699.95
2532,979-1839218603,Aliquid voluptatem enim,Vihaan Mehta,O'Reilly,Fiction,2,0,2101.28
2533,979-7508812862,Dolor esse quam dicta tempore blanditiis,Diya Bose,Springer,Mathematics,7,0,1636.59
2534,979-7644096489,Expedita vel soluta incidunt,Priya Khanna,Pearson,Biography,7,3,1000.74
2535,978-6204750703,Nostrum voluptas eligendi asperiores error nostrum,Charu Chatterjee,Wiley,Chemistry,5,2,543.94
2536,978-1247419489,Veritatis voluptatibus excepturi,Abhishek Sharma,Wiley,Biography,2,1,1747.94
2537,979-7189497245,Nulla cupiditate molestias exercitationem quibusdam tenetur,Anika Pandey,McGraw Hill,Biography,6,4,2100.21
2538,978-1315010299,Excepturi aliquid harum alias illum laborum,Swati Dubey,Oxford University Press,Mathematics,2,2,2912.46
2539,979-7336955585,Accusamus accusantium necessitatibus velit tenetur molestias,Gaurav Dubey,Oxford University Press,Computer Science,2,0,766.1
2540,978-6694869189,Molestias quaerat labore,Abhishek Rao,O'Reilly,Computer Science,1,1,2963.41
2541,978-5028535777,Quod tempora voluptatum,Reyansh Chakraborty,Wiley,Electronics,3,3,1663.53
2542,979-3295646944,Eaque perspiciatis quaerat vero optio necessitatibus,Harish Tiwari,Wiley,Reference,1,1,1851.32
2543,979-2313385275,Esse praesentium voluptates similique,Bhavya Trivedi,McGraw Hill,Reference,2,2,2087.32
2544,978-8281075185,A laudantium fugiat,Vihaan Yadav,Wiley,Management,8,1,3246.31
2545,979-3733504763,Ex ab cum expedita,Shreya Iyer,O'Reilly,Electronics,7,7,2775.17
2546,978-9319354792,Asperiores distinctio fugit,Divya Sethi,Springer,Mechanical,8,6,2376.33
2547,979-6196815706,Consectetur hic enim itaque,Ishaan Ghosh,PHI Learning,Mechanical,4,2,397.03
2548,979-3857124360,Delectus aperiam delectus veniam,Abhishek Saxena,O'Reilly,Fiction,4,3,3252.04
2549,979-9535564432,Dolor dolore ex,Chirag Agarwal,Pearson,Fiction,8,3,1291.62
2550,979-4643323612,Architecto qui adipisci,Manoj Sinha,Wiley,Physics,6,5,3438.19
2551,979-2340314651,Officia tempora saepe,Sai Trivedi,Pearson,Management,2,0,2938.35
2552,979-8520001771,Explicabo ab quisquam,Anand Shinde,McGraw Hill,Fiction,3,2,2016.28
2553,978-1607949266,Nam impedit ducimus accusamus suscipit blanditiis,Amit Dubey,O'Reilly,Electronics,1,0,1954.1
2554,979-4691067238,Hic dolore consequatur unde eligendi,Kartik Sinha,Springer,Reference,8,6,2503.75
2555,979-9294722461,Vero unde itaque quidem voluptatum,Manish Gupta,PHI Learning,Fiction,3,1,2118.03
2556,978-6552908228,Ratione molestiae eum natus delectus cupiditate,Aniket Sethi,Wiley,Physics,5,5,1224.36
2557,978-3575066026,Quo est hic doloremque sapiente in,Madhuri Mehta,Pearson,Reference,3,2,2239.28
2558,979-9204021243,Reiciendis suscipit consequuntur fuga,Rajesh Singh,PHI Learning,Computer Science,6,0,1280.17
2559,979-6959729922,Delectus ducimus voluptatem suscipit possimus commodi,Sneha Mishra,PHI Learning,Electronics,8,7,1216.43
2560,979-7085560270,Beatae reiciendis sapiente dolorem quibusdam,Vikram Banerjee,Oxford University Press,Biography,3,3,1498.42
2561,979-4035190365,Debitis inventore vero,Rajesh Mahajan,O'Reilly,Fiction,4,2,2534.76
2562,978-6416451022,Officia non optio,Abhishek Rathore,Oxford University Press,Electronics,4,4,2166.03
2563,979-5107315039,Explicabo tenetur quos,Deepak Mahajan,PHI Learning,Biography,5,2,3034.25
2564,978-6478048877,Nemo laborum a facilis atque autem,Jyoti Mahajan,McGraw Hill,Chemistry,5,5,2369.4
2565,978-5317236423,Magnam distinctio fuga,Vidya Khanna,McGraw Hill,Mechanical,1,1,520.96
2566,979-1342284797,Mollitia quas sunt necessitatibus iure voluptate,Tanya Hegde,O'Reilly,Reference,4,2,1841.64
2567,979-2561252665,Provident atque nam aliquid,Ayaan Bansal,Springer,Reference,2,2,2567.1
2568,979-4752383696,Quibusdam quo totam,Pallavi Banerjee,O'Reilly,Computer Science,8,0,904.73
2569,979-6685388976,Modi repellat nobis dolor molestias fugiat,Urvi Menon,McGraw Hill,Mechanical,8,7,1329.86
2570,979-3251061129,Magni neque tempore,Ankit Mehta,Pearson,Mechanical,5,2,2352.19
2571,979-2282307978,Eius vero est amet atque maiores,Kiran Kumar,McGraw Hill,Physics,1,1,3315.48
2572,979-7940646169,Quam labore a debitis,Megha Sen,O'Reilly,Civil,8,8,1648.23
2573,978-2158147539,Nostrum modi numquam saepe,Karthik Banerjee,Oxford University Press,Chemistry,6,2,1376.22
2574,979-9512954709,Consequatur veniam animi at,Aditi Tiwari,PHI Learning,Chemistry,8,4,1357.38
2575,979-9730132811,Laborum eius distinctio consectetur,Vivaan Shinde,Pearson,Electronics,3,0,1687.71
2576,978-2977261218,Quibusdam architecto voluptate vero neque quae,Vaishnavi Roy,Pearson,Chemistry,2,0,648.13
2577,978-2131710457,Perferendis quasi quasi,Rohan Singh,O'Reilly,Electronics,3,0,2532.82
2578,979-8412109150,Alias dignissimos amet,Sameer Khanna,Wiley,Fiction,8,1,2746.06
2579,979-7018433330,Dolor consectetur quaerat,Harsh Mishra,McGraw Hill,Biography,1,0,2332.87
2580,979-7564790619,Facere ut possimus aut fuga deserunt,Varun Chandra,Pearson,Civil,8,2,686.82
2581,978-8355492299,Magnam in suscipit,Ishaan Reddy,Wiley,Mechanical,3,0,1603.73
2582,979-9157669788,Ducimus deserunt placeat repudiandae exercitationem,Ishaan Das,McGraw Hill,Computer Science,3,1,2309.31
2583,979-5292765639,Doloremque repudiandae itaque explicabo temporibus atque,Vaishnavi Suri,McGraw Hill,Civil,8,2,3488.06
2584,979-5296399064,Dolore quisquam placeat officiis voluptatibus at,Gauri Trivedi,Wiley,Fiction,8,6,1260.97
2585,979-5162640715,Iusto fugiat non,Falguni Sinha,Pearson,Management,8,0,2296.74
2586,979-3756984160,Neque veritatis dolor velit,Yamini Joshi,Wiley,Management,5,3,574.39
2587,978-8288159833,Ea sapiente quia,Sakshi Sethi,Wiley,Management,5,5,749.15
2588,979-7518230548,Architecto harum cum necessitatibus,Abhishek Saxena,PHI Learning,Mechanical,7,0,3289.13
2589,979-2865636544,Vel in accusamus animi,Rohit Kulkarni,PHI Learning,Computer Science,8,0,1993.69
2590,979-1124374903,Nam fuga sapiente sapiente tenetur,Tanya Sethi,O'Reilly,Reference,5,4,1952.51
2591,978-1777490959,Veritatis soluta aliquam doloremque hic,Vinay Chauhan,McGraw Hill,Mathematics,4,4,2670.98
2592,979-7838050176,Assumenda maiores hic,Komal Menon,Springer,Civil,2,0,374.22
2593,979-1180358873,Aperiam neque quod quos error,Om Rathore,McGraw Hill,Biography,2,2,429.27
2594,978-9376244720,Ipsam inventore voluptatem,Aparna Thakur,Springer,Computer Science,2,0,2787.49
2595,978-7420523280,Non deleniti dolore impedit,Saanvi Saxena,Oxford University Press,Physics,1,1,3230.91
2596,979-9854372721,Esse non cumque,Shubham Chandra,Springer,Mathematics,2,0,2749.28
2597,979-2656912154,Consectetur cumque consequatur sunt,Saurabh Hegde,Pearson,Computer Science,4,0,3412.08
2598,979-6329760522,At voluptas ducimus,Lipika Shah,Wiley,Computer Science,6,1,2880.67
2599,979-6511036271,Pariatur ullam qui velit mollitia,Varun Pandey,Wiley,Biography,4,2,822.74
2600,978-9170998065,Eaque corrupti perspiciatis sed odio,Shubham Jadhav,McGraw Hill,Mathematics,7,7,2661.4
2601,979-8823009190,Modi laudantium voluptates,Bhavya Sharma,Pearson,Electronics,1,0,2692.14
2602,979-8242008342,Atque numquam illum odit quam tenetur,Harsh Roy,Pearson,Management,7,4,952.45
2603,978-5368080887,Omnis necessitatibus fugit,Yash Joshi,Springer,Physics,1,1,2235.85
2604,979-3298622076,Dicta excepturi dolores consequatur,Suresh Chopra,PHI Learning,Mathematics,4,2,3013.07
2605,979-2085873259,Veniam voluptate delectus facilis,Myra Yadav,Oxford University Press,Mechanical,2,0,1278.27
2606,978-1817834410,Facilis doloremque doloribus,Kunal Tiwari,Oxford University Press,Biography,3,0,2101.47
2607,978-8883759195,Veniam alias porro aspernatur,Falguni Patil,McGraw Hill,Fiction,7,2,531.54
2608,978-8563989946,Sed minus illo fugiat quaerat,Aarohi Mehta,O'Reilly,Fiction,3,1,432.38
2609,979-1604153737,Sint quod hic porro perferendis,Meera Joshi,Springer,Chemistry,8,2,3441.17
2610,978-4202218604,Ex iste nesciunt tempora reiciendis eaque,Lipika Kulkarni,Wiley,Management,5,1,3255.99
2611,979-2214214356,Veniam facere dolores fuga iusto,Rohit Kumar,Springer,Physics,7,3,2609.5
2612,979-8767163451,Hic ut nisi magnam,Deepti Pillai,Oxford University Press,Biography,2,1,1093.7
2613,979-3823039613,Inventore temporibus consectetur,Tanya Trivedi,McGraw Hill,Mathematics,1,1,3324.82
2614,978-4406136907,Exercitationem fuga modi tenetur,Aarav Arora,Springer,Computer Science,1,0,2729.83
2615,979-8332487668,Ex saepe nulla velit magni repellendus,Bhumi Iyer,Springer,Fiction,1,0,2218.04
2616,979-8896418802,Quis nisi eum velit,Aarohi Sethi,O'Reilly,Civil,5,2,1009.74
2617,978-1346246249,Fugit error ipsum beatae ullam accusamus,Aditya Rathore,Oxford University Press,Civil,5,2,641.41
2618,979-9488701361,Consequatur facilis quaerat voluptates,Simran Saxena,McGraw Hill,Reference,1,1,1145.76
2619,979-4427343576,Delectus commodi repellendus amet,Meera Jadhav,Oxford University Press,Computer Science,7,7,2834.75
2620,979-4796120311,Officiis nesciunt dolorum tempore,Ankit Dubey,Oxford University Press,Biography,1,0,2429.55
2621,978-8259104703,Repellendus error et est quaerat,Ishaan Singh,Springer,Chemistry,2,1,709.97
2622,979-5737146121,Iste impedit omnis,Reyansh Roy,McGraw Hill,Management,3,0,3364.17
2623,979-8503994812,Dolorem vero perspiciatis accusantium modi,Bhavya Kulkarni,O'Reilly,Management,3,2,2421.1
2624,979-2912058474,Libero minus explicabo,Harsh Bose,Pearson,Civil,8,5,2135.7
2625,978-3118837639,Consequuntur blanditiis fuga molestias,Saanvi Iyer,O'Reilly,Biography,7,3,494.78
2626,978-8450468934,Totam nam et,Vikas Trivedi,Springer,Physics,8,5,3372.7
2627,979-5931492174,Facilis voluptas eius tempore,Aryan Agarwal,Pearson,Reference,8,8,2484.69
2628,979-9045469264,Suscipit magnam itaque eaque perspiciatis,Vikram Patel,Springer,Fiction,8,4,1833.7
2629,979-7490504176,Aliquid libero odit cum officia repellendus,Mohit Dubey,Oxford University Press,Electronics,3,3,2047.26
2630,979-5587180914,Porro illum exercitationem,Krishna Bansal,Springer,Management,3,0,279.37
2631,979-4566148207,Dolore ipsam iste,Kavya Patel,PHI Learning,Mechanical,5,2,3187.11
2632,978-2985707593,Inventore placeat illum deserunt a eius,Rajesh Ghosh,Oxford University Press,Fiction,8,1,1115.87
2633,978-6161515609,Officia aliquid quis,Amit Chakraborty,Wiley,Physics,3,1,1255.21
2634,978-7333706139,Repellendus repellendus ut aperiam unde,Deepak Reddy,Wiley,Mathematics,6,4,1124.48
2635,979-8518601428,Eveniet maxime voluptates alias ullam,Meera Iyer,PHI Learning,Fiction,3,1,2864.88
2636,978-9007214589,Sequi debitis consectetur est eum optio,Pallavi Chopra,O'Reilly,Civil,1,1,628.71
2637,978-4563640529,Blanditiis ad error voluptas,Aarohi Desai,Springer,Physics,2,0,3127.38
2638,978-1292925274,Quo dolor id,Falguni Jadhav,PHI Learning,Fiction,8,1,1316.31
2639,978-8288850705,Possimus laudantium cum alias commodi fugiat exercitationem,Pooja Arora,Springer,Management,2,0,2413.96
2640,979-6726506694,Maxime hic temporibus,Meera Shah,McGraw Hill,Mathematics,2,2,2817.77
2641,979-2318056684,Nobis delectus quas,Rohit Desai,Wiley,Mechanical,1,1,571.2
2642,978-6709298615,Quos exercitationem quaerat vitae explicabo tempora,Juhi Chatterjee,PHI Learning,Management,1,0,596.86
2643,978-4844876629,Tenetur corrupti corrupti possimus,Krishna Joshi,O'Reilly,Mechanical,8,5,2311.42
2644,979-2254870240,Dolorem nulla tempora nobis cupiditate,Swati Thakur,Pearson,Reference,2,0,2929.39
2645,978-1032688562,Facilis labore possimus tempora,Charu Trivedi,Wiley,Physics,2,1,553.73
2646,978-3508919695,Quos dolorem dolorem incidunt,Oindrila Prasad,Wiley,Mathematics,7,5,315.29
2647,978-7813407941,Expedita alias id tenetur mollitia itaque,Zara Trivedi,Wiley,Civil,3,3,1869.35
2648,979-2384063808,Deleniti non ratione blanditiis magni culpa,Urvi Verma,PHI Learning,Physics,7,6,2481.33
2649,979-6899553705,Fugit atque laudantium culpa,Yash Mukherjee,PHI Learning,Mathematics,5,2,2619.74
2650,979-5574502561,Explicabo sapiente reprehenderit,Neha Saxena,McGraw Hill,Electronics,7,3,2985.74
2651,978-9979912324,Dolore vitae perspiciatis odio delectus at,Tarun Kulkarni,Pearson,Mechanical,6,0,2557.08
2652,979-2129997052,Pariatur sapiente ipsa provident ea similique,Rohan Reddy,Oxford University Press,Management,7,7,1733.18
2653,978-9552942838,Laboriosam eveniet quidem consectetur distinctio,Aadhya Shinde,Pearson,Mathematics,2,1,1708.32
2654,978-8247874164,Voluptatem voluptatem consequuntur cum,Bhumi Patel,Pearson,Mechanical,7,4,410.91
2655,978-5813188512,Accusantium autem non ducimus culpa nam,Divya Chakraborty,Oxford University Press,Electronics,5,1,1475.58
2656,979-4886510156,Culpa repellendus voluptatibus occaecati delectus quasi,Swati Patel,Oxford University Press,Chemistry,2,2,675.23
2657,979-4168902918,Illo fugiat reprehenderit nulla voluptatibus,Harish Patil,Springer,Fiction,8,5,413.99
2658,979-8964018966,Fuga aliquid harum rerum,Bhumi Naik,McGraw Hill,Civil,3,3,495.03
2659,979-1931363891,Sint doloribus sequi beatae animi id,Namrata Jadhav,O'Reilly,Biography,1,0,2589.16
2660,978-2137478106,Eius repudiandae ab pariatur dolorem nam,Jyoti Gupta,Wiley,Physics,2,0,1652.14
2661,979-9982010273,Quo officiis eum accusamus,Gauri Prasad,O'Reilly,Reference,8,5,2203.51
2662,978-8808384609,Dolor harum illo,Vihaan Suri,O'Reilly,Civil,4,0,1571.92
2663,979-2071547288,Magni enim id,Vihaan Desai,Pearson,Management,1,1,3045.05
2664,978-9009278474,Repudiandae labore facilis aperiam quas ratione,Ira Rao,Pearson,Management,3,2,3495.11
2665,978-8620125586,Facere dolorum asperiores,Chirag Sen,Springer,Biography,1,1,3388.89
2666,978-3677109701,Vel optio fuga incidunt,Vihaan Chakraborty,O'Reilly,Reference,2,1,1770.35
2667,978-5833016004,Asperiores necessitatibus ullam exercitationem,Jatin Thakur,O'Reilly,Management,6,0,2558.53
2668,978-7393052253,Earum necessitatibus perferendis nemo fugiat,Sameer Solanki,PHI Learning,Biography,7,0,1455.31
2669,979-3742597332,Nihil iste libero rem,Kunal Reddy,O'Reilly,Management,2,1,602.92
2670,979-1432052244,Labore a consequatur,Bhavya Suri,PHI Learning,Chemistry,1,0,1698.47
2671,978-5161039202,Cumque voluptate pariatur architecto,Ayaan Chandra,Pearson,Biography,2,1,3280.55
2672,979-5619065348,Atque quas at esse velit nemo,Harsh Jadhav,Springer,Reference,5,2,519.15
2673,978-1199996739,Temporibus nulla iure necessitatibus iste,Urvi Chandra,PHI Learning,Physics,4,0,288.37
2674,979-9027847261,Necessitatibus minima dolor,Sameer Shinde,Springer,Mathematics,4,2,1003.74
2675,979-6520981767,Incidunt tempora doloremque reiciendis,Naveen Solanki,Pearson,Mechanical,1,1,360.61
2676,978-2236991520,Consectetur officiis perferendis adipisci,Ajay Tiwari,Wiley,Reference,7,7,653.01
2677,978-3863472645,Possimus vitae modi labore molestias,Myra Patel,O'Reilly,Biography,5,3,1825.68
2678,979-2200024394,Dolores odit dignissimos occaecati nemo,Sneha Thakur,Springer,Mathematics,4,2,2245.86
2679,978-7842633314,Dicta nobis occaecati fugit,Rohan Mehta,O'Reilly,Physics,2,0,2228.62
2680,979-4819390704,Deleniti veritatis perferendis quos,Aarav Patel,O'Reilly,Chemistry,4,2,2128.92
2681,978-2989542804,Delectus commodi aliquid commodi architecto,Pooja Patel,O'Reilly,Chemistry,6,5,1227.77
2682,978-2509338346,Quo laborum fugiat,Nitin Tiwari,Oxford University Press,Fiction,3,1,1442.0
2683,978-2705613897,Natus itaque ullam laboriosam,Ankit Chauhan,Pearson,Civil,4,2,1526.35
2684,978-2419471440,A in natus,Sandeep Sen,Springer,Electronics,4,0,2441.46
2685,979-9245797937,Esse molestias quis libero error,Falguni Hegde,PHI Learning,Civil,4,4,2381.7
2686,979-2004290865,Nihil unde suscipit at repellendus,Saanvi Solanki,Oxford University Press,Mathematics,4,2,1763.2
2687,978-1895973823,Tempora incidunt voluptatibus ducimus ex,Charu Deshmukh,O'Reilly,Reference,6,4,1745.62
2688,979-3621049444,Illum explicabo praesentium,Falguni Menon,O'Reilly,Mechanical,5,4,2376.42
2689,979-9495171811,Dicta nihil harum earum incidunt delectus,Sameer Chandra,PHI Learning,Management,8,6,3481.36
2690,978-4497397754,Ipsam beatae odio officiis consequatur,Vaishnavi Rathore,McGraw Hill,Reference,6,0,716.78
2691,978-8541258468,Dolore dignissimos possimus nisi quaerat,Myra Chandra,Wiley,Computer Science,4,4,2010.61
2692,979-1609663339,Facilis beatae minus iure,Bhavya Gupta,O'Reilly,Mathematics,5,5,528.01
2693,979-3367301613,Incidunt doloremque aspernatur et,Anjali Ghosh,Wiley,Electronics,8,7,1315.46
2694,979-8454459918,Totam nulla nam necessitatibus,Shreya Deshmukh,McGraw Hill,Chemistry,1,0,2122.22
2695,978-4965485849,Nostrum expedita eligendi omnis dolorum,Radhika Suri,Pearson,Electronics,2,0,1650.24
2696,978-6295678959,Quidem soluta velit eos dolore,Aadhya Sen,Pearson,Mechanical,1,0,1648.94
2697,979-4337519618,Quos recusandae esse commodi,Chandni Sethi,Springer,Computer Science,6,0,766.53
2698,979-2545461170,Unde nihil quidem doloribus provident similique,Myra Mukherjee,O'Reilly,Chemistry,1,1,1421.64
2699,978-1143340848,Neque eligendi nemo earum,Anand Shinde,Springer,Mechanical,4,1,2240.12
2700,979-4603219922,Eaque minima perspiciatis omnis natus,Radhika Verma,McGraw Hill,Mathematics,8,8,942.52
2701,978-2086764875,Dolore nihil magnam,Urvi Banerjee,O'Reilly,Fiction,2,2,1321.64
2702,978-6653658063,Non labore vel,Bhavya Prasad,PHI Learning,Fiction,2,1,1591.92
2703,978-1807056887,Pariatur modi quo minima similique earum,Reyansh Chopra,O'Reilly,Civil,5,4,1168.69
2704,979-9504056840,Culpa voluptas voluptatum quis,Lavanya Sethi,Springer,Electronics,4,4,710.34
2705,979-2253411079,Consectetur porro beatae laboriosam aliquam,Harshita Arora,PHI Learning,Computer Science,4,3,2636.65
2706,979-3120876805,Error sed expedita enim quae,Saurabh Bansal,Oxford University Press,Mathematics,2,1,1451.08
2707,979-4499856315,Fuga labore nesciunt similique commodi,Aditi Shinde,O'Reilly,Electronics,7,6,2884.59
2708,978-3055671574,Ab error necessitatibus sed,Nikhil Pillai,Pearson,Civil,3,2,2315.32
2709,979-2641448484,Ut corrupti nostrum necessitatibus reprehenderit,Kartik Chauhan,Springer,Civil,1,0,2289.01
2710,978-5821908012,Tempore soluta autem,Madhuri Mahajan,PHI Learning,Civil,5,4,2879.42
2711,979-6725936437,Dignissimos sint ex,Esha Malhotra,Springer,Mechanical,2,1,1926.04
2712,978-5710167783,Sint minus nisi deleniti neque,Prateek Pillai,Wiley,Biography,6,6,2081.21
2713,978-3274299031,Perspiciatis iusto a velit voluptas aspernatur nemo,Saurabh Pillai,PHI Learning,Chemistry,8,0,2940.98
2714,979-7506629368,Velit ea facere error,Aryan Suri,McGraw Hill,Reference,1,1,1689.88
2715,978-6925304823,Possimus id dolore asperiores,Aryan Suri,Pearson,Management,8,0,2091.64
2716,979-4001126068,Mollitia aliquid dignissimos tempora deleniti illum,Namrata Naik,Oxford University Press,Management,1,1,1884.11
2717,979-9744500649,Alias dolorum est,Anjali Saxena,Oxford University Press,Electronics,2,0,971.74
2718,979-2525702075,Delectus illo omnis accusantium,Megha Mahajan,Pearson,Biography,4,1,2854.31
2719,978-3132304505,Optio quae impedit qui,Aarohi Arora,McGraw Hill,Chemistry,1,0,2052.23
2720,979-5665188811,Quos molestiae adipisci mollitia temporibus,Namrata Mukherjee,O'Reilly,Computer Science,4,2,1285.36
2721,978-5350785117,Quae tempore necessitatibus eligendi quidem,Riya Malhotra,Springer,Chemistry,2,0,421.25
2722,979-9620888467,Corrupti rem at,Ishita Pandey,Springer,Fiction,4,0,3438.55
2723,979-6650394979,Ipsa enim iure deleniti alias dignissimos,Dev Naik,Oxford University Press,Management,1,0,1232.47
2724,978-1969945602,Animi dolorem recusandae rerum veniam,Saanvi Dutta,McGraw Hill,Civil,1,0,1710.89
2725,979-4795437889,Cum nam velit in,Priya Bhat,O'Reilly,Mechanical,1,0,2861.27
2726,978-8994488845,Debitis quibusdam quas quidem quis,Isha Thakur,Springer,Reference,5,5,1223.47
2727,979-2191542017,Dicta maxime corrupti recusandae,Harshita Saxena,Pearson,Chemistry,1,0,439.33
2728,978-8722148409,Consequatur consequatur illo,Arjun Kulkarni,PHI Learning,Reference,2,1,1601.05
2729,979-6136009504,Dolor soluta dolorem,Akash Mehta,Wiley,Mathematics,3,1,3490.16
2730,979-4407306124,Deserunt illum ipsam quasi,Vinay Chatterjee,Wiley,Mathematics,8,0,2546.69
2731,979-9889749956,Pariatur incidunt itaque,Aakash Dubey,McGraw Hill,Mechanical,6,3,1541.06
2732,979-7353725561,Ipsa incidunt quod,Nikhil Gupta,McGraw Hill,Physics,7,4,545.45
2733,978-7806924476,Nostrum quibusdam et tempore animi eius,Aarav Joshi,Oxford University Press,Chemistry,6,4,1155.66
2734,979-3708222543,Distinctio aspernatur temporibus tenetur quasi,Ravi Reddy,Springer,Reference,2,0,1218.94
2735,978-5678008425,Quo repellendus cupiditate adipisci earum ullam,Aakash Shinde,Pearson,Management,6,3,1669.39
2736,979-3019056850,Aliquid molestiae itaque,Ajay Das,PHI Learning,Fiction,3,2,521.99
2737,979-6500845509,Repellat reiciendis totam accusamus iste cum,Zara Bose,Springer,Chemistry,8,0,3300.75
2738,979-3303950414,Optio consequatur amet fuga,Sakshi Reddy,Wiley,Computer Science,6,2,295.87
2739,979-8867890798,Repellendus quam totam ea sunt,Komal Das,Wiley,Electronics,4,4,531.73
2740,979-9136028145,Quas vero rerum labore odio,Abhishek Rao,Oxford University Press,Biography,6,2,2531.42
2741,978-4472328658,Eum ea autem ratione nobis similique,Nisha Jadhav,Springer,Civil,3,1,1870.35
2742,978-9910944937,Amet facere molestiae modi,Falguni Iyer,Springer,Biography,1,1,2532.2
2743,978-8808354309,Culpa perspiciatis occaecati excepturi sit,Sanjay Bose,Wiley,Mathematics,1,0,2073.63
2744,979-6003597173,Debitis et aliquam,Vivaan Gupta,Oxford University Press,Physics,1,0,2115.79
2745,978-5140128631,Quos exercitationem hic modi quae totam,Suresh Dubey,Springer,Mathematics,7,4,1579.72
2746,979-1532305414,Veniam laborum occaecati,Jyoti Rathore,McGraw Hill,Mathematics,2,1,882.61
2747,978-9525547742,Nemo velit recusandae aut assumenda,Deepti Agarwal,Springer,Mechanical,1,1,517.08
2748,978-3491853442,Blanditiis itaque maiores,Kunal Sharma,Pearson,Electronics,8,7,1215.64
2749,979-9894015253,Possimus voluptatem mollitia rem,Charu Bhatia,Oxford University Press,Management,2,0,1624.8
2750,978-3086059782,Amet totam voluptate asperiores sequi sint,Ankit Suri,Springer,Reference,4,0,1312.25
2751,979-6433023852,Eos alias occaecati dolorem corrupti aut,Ishani Nair,O'Reilly,Biography,2,0,2120.18
2752,978-6414354757,Nulla possimus debitis et suscipit quisquam,Om Sen,O'Reilly,Electronics,3,0,716.48
2753,978-4250074800,Aut cupiditate temporibus veniam quibusdam dolorum,Naveen Malhotra,McGraw Hill,Biography,4,1,2152.42
2754,978-9027396012,Iste cum facere enim corporis fugiat,Riya Singh,Springer,Mathematics,6,1,2122.78
2755,979-7395384086,Perspiciatis placeat ea soluta fugit,Anand Agarwal,Pearson,Management,5,5,1110.1
2756,979-6333239598,Tenetur qui a molestiae,Megha Das,Springer,Fiction,8,3,1575.02
2757,979-1006860296,Dicta enim error soluta,Aniket Suri,Wiley,Mechanical,1,1,2082.08
2758,978-9229308569,Esse saepe libero,Siddharth Chakraborty,Oxford University Press,Physics,5,1,1865.32
2759,979-6982866089,Neque ex earum accusantium cumque similique,Namrata Mahajan,PHI Learning,Fiction,7,4,1167.79
2760,978-8483055156,Placeat quisquam placeat architecto quisquam et,Madhuri Solanki,Pearson,Computer Science,7,4,1488.21
2761,978-6718205318,Libero numquam temporibus id odio,Ashish Sen,Springer,Computer Science,7,4,3019.77
2762,978-1590595323,Cum soluta qui impedit,Om Nair,Springer,Civil,2,0,2796.85
2763,978-8441713046,Delectus ullam labore recusandae,Sanjay Gupta,McGraw Hill,Civil,1,0,1326.36
2764,978-2461305292,Tenetur necessitatibus accusantium aspernatur,Kartik Bose,Pearson,Mathematics,2,0,2681.43
2765,979-7535999092,Expedita assumenda repellat consequatur omnis,Pranav Malhotra,O'Reilly,Computer Science,8,4,2883.46
2766,978-3359449048,Quam culpa nihil blanditiis eum sint,Rohit Desai,Wiley,Fiction,2,0,2425.95
2767,978-2813637819,Dolor corrupti et quidem praesentium,Meera Kumar,Wiley,Mathematics,8,4,353.3
2768,978-9033365734,Doloremque doloribus pariatur repellat officia,Vivaan Gowda,Wiley,Civil,8,6,2367.77
2769,978-5203557930,Repudiandae quam optio veritatis,Siddharth Kumar,Wiley,Mechanical,3,0,488.15
2770,978-6016453517,Inventore asperiores optio,Tarun Chatterjee,Pearson,Biography,7,0,3399.39
2771,978-3319291759,Maiores officia mollitia atque dignissimos autem,Harish Chopra,Pearson,Chemistry,2,1,2500.31
2772,978-4903180596,Quis aliquam earum modi sed provident,Kavya Saxena,Springer,Civil,6,6,672.77
2773,979-2180364821,Aperiam odit debitis corrupti,Sai Sen,Pearson,Reference,3,0,2909.15
2774,979-6586611917,Quos fuga eos optio,Anjali Bansal,Springer,Management,2,2,381.97
2775,978-3082853732,Quae modi sit,Radhika Mahajan,Pearson,Fiction,2,1,291.07
2776,979-1388646502,Impedit libero illo tempora aut nesciunt,Ajay Sharma,Wiley,Chemistry,2,1,1018.49
2777,979-3068351502,Eveniet nam animi est esse consequatur,Jatin Jadhav,Springer,Mechanical,1,1,2805.91
2778,978-4822194355,Aliquam harum necessitatibus,Juhi Banerjee,Oxford University Press,Civil,1,0,3276.57
2779,978-3153587930,Totam libero odit laboriosam rerum maxime,Reyansh Pandey,O'Reilly,Fiction,7,3,970.35
2780,979-9016569191,Odit eligendi sit quibusdam quod,Aarav Jadhav,PHI Learning,Electronics,8,8,1371.67
2781,978-5140774955,Nisi quam dolor,Siddharth Gowda,Oxford University Press,Chemistry,7,0,1498.05
2782,979-3261742667,Beatae consequuntur ut repellat,Naveen Dutta,Springer,Electronics,1,1,3401.77
2783,979-1849644184,Asperiores delectus esse aperiam,Suresh Singh,McGraw Hill,Computer Science,8,1,1228.62
2784,979-9204391632,Cum ducimus dolor voluptate,Pranav Tiwari,Springer,Reference,5,2,893.97
2785,978-8954476767,Quasi vel totam necessitatibus,Rajesh Bhatia,O'Reilly,Physics,1,1,2334.45
2786,978-6174920950,At sint ipsum,Aarav Nair,McGraw Hill,Biography,5,4,3150.37
2787,978-9337865243,Nihil nisi nostrum nemo minima,Yamini Chatterjee,Springer,Mechanical,3,1,2998.9
2788,978-4635975923,Maiores dicta quasi accusantium,Kritika Nair,Springer,Chemistry,1,0,314.38
2789,979-5402963025,Soluta in accusantium porro,Nitin Shah,Springer,Mathematics,8,3,725.85
2790,978-5220957663,Provident aperiam expedita deserunt,Harish Malhotra,O'Reilly,Reference,8,0,2734.17
2791,978-3607458932,Molestiae deserunt id sit,Garima Malhotra,Wiley,Reference,7,0,3254.51
2792,979-5471208137,Eum aliquid repellat,Kritika Trivedi,McGraw Hill,Civil,7,0,2199.59
2793,979-3320668898,Doloribus minus doloremque quae,Anjali Saxena,Pearson,Electronics,2,1,2707.88
2794,979-2265527803,Mollitia cum in repellat cupiditate,Nikhil Menon,PHI Learning,Mechanical,6,1,2793.44
2795,979-5884949199,Quisquam aperiam iste modi inventore reprehenderit,Saanvi Kapoor,Wiley,Mathematics,2,1,790.22
2796,978-7157559048,Ut similique debitis nam suscipit,Akash Jadhav,Springer,Physics,2,0,1528.75
2797,979-2568925590,Non harum ratione vero dolor laborum,Saurabh Mehta,Pearson,Mechanical,5,4,2391.42
2798,979-1436496262,Magni odio sunt,Vaishnavi Sethi,Springer,Mathematics,3,1,681.87
2799,978-9200731374,Totam quibusdam quisquam debitis iste dolorum,Arjun Khanna,Oxford University Press,Reference,8,7,3362.4
2800,979-3309736870,Esse quod a asperiores culpa magni,Oindrila Yadav,McGraw Hill,Management,8,3,900.92
2801,979-5672530973,Dicta dolorem non aut,Arjun Mishra,McGraw Hill,Chemistry,1,0,831.23
2802,979-7081669255,Sed quasi dolore tempore itaque nobis,Reyansh Mukherjee,Oxford University Press,Reference,3,2,877.83
2803,978-2738956443,Minus eveniet vel,Myra Reddy,PHI Learning,Civil,2,1,3233.92
2804,978-6317281361,Illo tempore laudantium,Charu Iyer,PHI Learning,Fiction,2,1,2167.77
2805,979-2376988927,Officiis in occaecati,Akash Sethi,PHI Learning,Mathematics,1,0,724.74
2806,978-6816013771,Repudiandae cumque odio vel minima,Zara Kulkarni,Wiley,Reference,6,0,1610.76
2807,978-6443791663,Dolorum asperiores consectetur non,Kiran Pandey,Oxford University Press,Mechanical,2,2,1013.66
2808,979-8499681619,Blanditiis ullam possimus explicabo nisi,Megha Sen,Pearson,Civil,8,3,2863.54
2809,979-6598411294,Sequi officia molestiae error optio debitis,Aniket Rao,McGraw Hill,Physics,3,1,1481.94
2810,978-9840185962,Voluptatibus reprehenderit corrupti,Manish Roy,PHI Learning,Reference,4,2,2202.6
2811,978-4894141592,Fugiat possimus reprehenderit modi quis,Mohit Bansal,Pearson,Biography,3,1,2710.42
2812,979-6177331935,Sit nemo atque eum dignissimos nulla,Chandni Suri,Pearson,Biography,3,2,3457.73
2813,978-7093043151,Natus veritatis exercitationem dolore earum ipsa,Manoj Singh,Springer,Reference,1,1,3125.67
2814,978-5837293409,Quisquam qui suscipit,Nisha Chandra,O'Reilly,Management,4,3,2264.42
2815,978-1160950008,Similique ad eaque labore quisquam illum,Dhruv Dubey,O'Reilly,Fiction,4,4,2151.98
2816,979-5680136699,Voluptates esse quisquam nemo id accusantium,Shubham Gupta,McGraw Hill,Chemistry,2,1,2276.45
2817,979-7867295508,Mollitia nisi esse,Ananya Kapoor,PHI Learning,Computer Science,8,8,2820.62
2818,979-3167295203,Ducimus explicabo nulla necessitatibus illo asperiores,Chirag Deshmukh,Pearson,Mathematics,8,5,2998.61
2819,979-7872187401,Deserunt non magnam esse illum doloribus,Riya Shinde,Oxford University Press,Biography,6,0,1826.34
2820,978-6272412818,Maxime occaecati dignissimos quasi modi,Priya Joshi,O'Reilly,Computer Science,5,0,1854.37
2821,979-9196909712,Autem fugit quod modi eaque et,Deepak Chatterjee,Wiley,Mathematics,7,1,1596.57
2822,979-8917064669,Cumque odit rem soluta eveniet cupiditate,Aditya Arora,Oxford University Press,Mathematics,5,1,2241.02
2823,979-9148616151,Cum consequuntur itaque,Myra Desai,PHI Learning,Civil,6,0,3492.26
2824,978-5226325643,Id mollitia temporibus accusantium molestias,Rahul Iyer,Wiley,Chemistry,7,0,1051.07
2825,979-9867189689,Modi dolorum maxime quo,Harsh Mukherjee,Pearson,Mechanical,5,3,3434.14
2826,978-2076335417,Nam molestiae nam,Arjun Chopra,Springer,Management,6,4,3237.16
2827,978-2513602711,Ex esse repellendus,Gauri Khanna,Oxford University Press,Chemistry,2,1,1582.66
2828,978-7285103137,Dolores nisi labore rerum quia autem,Lavanya Sinha,Wiley,Electronics,5,2,2133.22
2829,978-7043352924,Impedit sint accusamus unde ipsum,Aditya Bansal,PHI Learning,Civil,8,0,2057.43
2830,978-7820813467,Totam aliquid distinctio perspiciatis quam,Rohit Chopra,O'Reilly,Mathematics,4,3,1134.56
2831,978-5516206809,Aut suscipit quod explicabo dignissimos,Rahul Sethi,Wiley,Civil,6,6,1190.22
2832,978-5010714897,Harum atque ea natus repudiandae,Abhishek Solanki,O'Reilly,Management,8,5,2885.96
2833,978-7443965749,Pariatur tempore eos ipsum amet quis,Varun Kulkarni,Wiley,Chemistry,6,0,2367.64
2834,979-3746159058,Officiis minus cum,Krishna Agarwal,McGraw Hill,Biography,8,8,2440.88
2835,978-8450207846,Adipisci occaecati dignissimos,Rohan Shah,Springer,Mathematics,8,0,2029.45
2836,978-3389384855,Suscipit commodi doloremque ullam esse,Akash Bose,O'Reilly,Chemistry,8,5,2655.37
2837,978-8841892356,Consectetur nisi aliquam laborum,Ishaan Nair,PHI Learning,Physics,6,3,294.96
2838,979-2283453707,Veritatis nam ut repellendus fugiat,Ishaan Tiwari,Oxford University Press,Reference,4,2,2837.19
2839,979-5664731421,Velit fugiat ratione commodi,Ravi Sen,Oxford University Press,Physics,3,0,1608.55
2840,979-2744899837,Tenetur nostrum ipsa labore et,Ravi Dubey,Pearson,Civil,4,3,2550.44
2841,979-4583264342,Quisquam delectus sequi commodi ab,Gaurav Nair,O'Reilly,Electronics,5,3,471.05
2842,979-6532688025,Dolor odio optio ipsam,Tarun Dubey,O'Reilly,Electronics,3,1,2331.68
2843,979-3606344188,Ea esse tempore,Esha Deshmukh,Wiley,Biography,5,0,2920.61
2844,979-3655082903,Molestiae placeat eveniet nisi,Lavanya Kumar,Springer,Electronics,5,1,1900.74
2845,978-1489101419,Ipsa cupiditate sed repellendus modi est,Vinay Ghosh,Wiley,Biography,5,0,2853.51
2846,978-6811598023,Rerum voluptas enim quas dolor cumque,Saurabh Bansal,O'Reilly,Electronics,6,6,2208.21
2847,978-5691996048,Animi qui hic omnis veniam ut,Zara Bansal,Wiley,Electronics,8,1,2394.71
2848,978-9846304145,Ut quod dolores,Zara Arora,Pearson,Management,8,7,1258.5
2849,978-9196381937,Odio iure culpa,Megha Saxena,Pearson,Reference,3,3,1139.96
2850,978-9127658438,Modi molestias doloribus expedita,Diya Mukherjee,Springer,Fiction,6,6,757.31
2851,979-7647599634,Quae eum eveniet debitis pariatur,Nikita Pillai,Springer,Fiction,3,1,2366.01
2852,979-6642730299,Perspiciatis expedita quae est,Anjali Khanna,O'Reilly,Physics,3,1,3459.31
2853,978-2037102755,Blanditiis magnam laudantium nostrum ipsum,Charu Shinde,O'Reilly,Physics,2,1,3489.62
2854,979-2275519077,Excepturi amet sequi,Priya Yadav,O'Reilly,Reference,7,3,595.39
2855,978-9629163799,Facilis nobis ea,Gopal Rao,PHI Learning,Reference,8,4,1611.56
2856,979-6170407137,Esse iusto quisquam odit explicabo,Sanjay Verma,Springer,Chemistry,1,1,2739.18
2857,979-7780833111,Error soluta quasi,Megha Trivedi,Wiley,Civil,7,6,1881.52
2858,978-1450192992,Beatae ratione itaque explicabo,Ankit Jadhav,PHI Learning,Computer Science,6,2,2864.66
2859,979-2938534622,Praesentium voluptatem itaque ea,Lavanya Pillai,Oxford University Press,Mathematics,4,3,2973.69
2860,979-5973254973,Dicta ex laborum modi dolore commodi,Pallavi Suri,Oxford University Press,Mechanical,8,4,357.4
2861,979-9113767758,In soluta architecto dicta,Diya Mahajan,Pearson,Mechanical,4,2,889.6
2862,979-9435149952,Ullam voluptatem incidunt alias labore modi,Aryan Rao,Wiley,Computer Science,2,0,1196.95
2863,978-2569921813,Repellat nam explicabo cupiditate,Deepika Gupta,Oxford University Press,Civil,7,1,2242.43
2864,978-5323409343,Labore ab repudiandae ipsa et aperiam,Pooja Saxena,Springer,Computer Science,1,0,2392.54
2865,978-7448467705,Commodi porro illum rerum,Prateek Rao,Oxford University Press,Civil,2,1,656.98
2866,979-7245128993,Unde quas laboriosam rem,Aakash Tiwari,O'Reilly,Mechanical,7,4,642.16
2867,979-8054687987,Amet maiores sint explicabo placeat deleniti,Aniket Trivedi,O'Reilly,Management,2,0,837.57
2868,978-8968708325,Sit libero quasi ipsam,Prateek Sinha,PHI Learning,Physics,1,1,1400.13
2869,979-3776307472,Ut nihil id ut voluptates,Ishaan Bose,O'Reilly,Fiction,2,0,2898.05
2870,979-4258274252,Distinctio id nesciunt nemo,Deepti Sharma,Springer,Civil,8,4,856.03
2871,979-7403543886,Occaecati inventore voluptas exercitationem non,Vivaan Yadav,Springer,Civil,6,0,2696.9
2872,978-6942451833,Nesciunt adipisci alias aliquid nisi excepturi,Rajesh Iyer,McGraw Hill,Management,6,0,3290.58
2873,978-2778229727,Neque minus doloremque ut,Jatin Sharma,McGraw Hill,Biography,1,0,988.8
2874,979-6808061798,Cum provident molestiae illum minima,Vidya Dutta,Oxford University Press,Mechanical,5,5,1419.56
2875,978-7082929859,Cumque eos eius vel,Pari Jadhav,Pearson,Reference,8,4,3387.78
2876,978-4793892723,Error quibusdam tempore pariatur quam nesciunt,Anand Mahajan,Pearson,Physics,4,3,1722.24
2877,979-5275574959,Cupiditate tenetur fuga quod laudantium,Deepak Verma,PHI Learning,Electronics,8,6,1821.64
2878,979-6160931078,Expedita maxime veniam quia sapiente amet,Sanjay Solanki,McGraw Hill,Management,1,0,519.65
2879,978-6400716437,Asperiores quia iure,Reyansh Trivedi,McGraw Hill,Electronics,6,3,1483.13
2880,979-8587645480,Non tempore sapiente saepe reprehenderit error,Reyansh Singh,Oxford University Press,Management,1,1,3108.71
2881,979-8722649728,Deleniti non similique tempore iure unde,Yash Roy,Pearson,Chemistry,6,2,2135.19
2882,979-5015339241,Minus totam ea eveniet atque eaque,Esha Gowda,Oxford University Press,Electronics,3,1,531.15
2883,979-1082061440,Incidunt quis cum voluptatum,Harsh Shinde,O'Reilly,Mathematics,7,1,3220.82
2884,979-9913306859,Autem delectus dolor adipisci minus exercitationem,Neha Verma,Wiley,Mathematics,7,2,2678.52
2885,979-3096489675,Sed beatae aspernatur doloribus voluptates,Garima Roy,Oxford University Press,Reference,5,3,3150.43
2886,979-1033566076,Rerum aspernatur veniam excepturi accusamus reprehenderit,Bhumi Bansal,Springer,Civil,7,0,947.63
2887,979-8605040149,Omnis sint sapiente nemo sapiente rerum,Jatin Chakraborty,PHI Learning,Physics,1,1,2629.61
2888,978-3093997148,Iusto aliquid et nam incidunt,Rohit Mukherjee,Oxford University Press,Computer Science,1,1,729.17
2889,979-5359880464,Nesciunt dolore ratione at repudiandae,Komal Das,Oxford University Press,Civil,5,2,1293.35
2890,978-9897124543,Quia modi accusantium quam vero,Ankit Prasad,O'Reilly,Civil,4,3,977.49
2891,978-4090035496,Quisquam pariatur deserunt,Anika Sethi,McGraw Hill,Physics,2,1,422.31
2892,978-5461221550,Accusantium quia commodi dolores nesciunt,Priya Solanki,PHI Learning,Chemistry,7,3,2676.36
2893,978-6223328390,Dolorum similique commodi,Ankit Sen,Wiley,Electronics,5,1,1254.53
2894,978-3663940892,Voluptates esse officia et commodi quam,Yash Gupta,O'Reilly,Mathematics,7,7,968.98
2895,979-2242202502,Nemo porro eveniet,Ira Gowda,O'Reilly,Chemistry,1,1,3040.73
2896,978-3662194104,Reiciendis sequi quaerat aliquam eveniet sunt,Ishaan Joshi,PHI Learning,Mathematics,8,2,1403.55
2897,978-8470345191,Distinctio itaque id temporibus,Tanya Kapoor,Oxford University Press,Electronics,7,7,476.74
2898,978-1089982825,Libero fugiat illo totam aspernatur porro,Nikita Hegde,Pearson,Physics,1,0,2818.93
2899,979-4857333356,Quam id doloribus explicabo reiciendis animi,Ravi Sen,Oxford University Press,Electronics,2,1,2588.9
2900,978-4662667663,Occaecati molestias voluptate,Manoj Chatterjee,Pearson,Biography,1,1,1772.01
2901,978-2893686190,At odio eos pariatur assumenda,Deepak Bhatia,PHI Learning,Civil,1,0,2332.4
2902,979-8420804596,Similique reprehenderit dolores laborum delectus,Rahul Shah,Wiley,Physics,1,0,3382.49
2903,979-7778877962,Ratione blanditiis fugit doloribus vero,Bhavya Joshi,PHI Learning,Management,8,1,1199.82
2904,978-9690819249,Aliquam consequatur magni dolores laborum itaque,Ishani Bose,PHI Learning,Chemistry,8,1,3401.09
2905,978-4731510037,Molestias in quisquam fugiat,Ishani Gupta,Pearson,Physics,6,4,2342.22
2906,978-7588564662,Exercitationem dolorum debitis,Ashish Patil,O'Reilly,Chemistry,5,4,477.48
2907,979-5008896019,Fugiat ducimus architecto,Dhruv Shinde,McGraw Hill,Computer Science,4,0,1824.02
2908,979-4830834623,Asperiores tempora numquam possimus vero,Dhruv Chatterjee,Pearson,Electronics,7,6,3402.29
2909,978-4507678226,Odio dignissimos modi repellendus ullam,Vihaan Bose,PHI Learning,Civil,2,1,782.35
2910,978-5557408946,Repudiandae aliquam fuga commodi deleniti,Aditi Nair,Wiley,Biography,2,1,617.12
2911,978-2307262701,Molestias consequatur voluptatem ab consequuntur in,Aarav Jadhav,O'Reilly,Mechanical,8,1,2782.55
2912,979-9995054323,Consequatur similique sit ea ea,Pallavi Mehta,Pearson,Chemistry,6,2,1819.13
2913,978-4387358779,Iste minus neque nihil,Vaishnavi Rao,Wiley,Computer Science,8,3,1613.36
2914,978-2823303130,Unde nemo nemo aliquid,Om Verma,O'Reilly,Management,1,1,2332.55
2915,979-6864557509,Illo possimus similique omnis non vitae,Bhumi Khanna,McGraw Hill,Civil,6,5,398.45
2916,978-6892934549,Necessitatibus cupiditate modi,Esha Kapoor,Springer,Biography,2,2,3229.75
2917,978-1446260163,Vel magni quisquam sit,Saanvi Patel,O'Reilly,Mechanical,4,2,757.92
2918,978-1829795894,Beatae provident rerum quisquam modi,Ayaan Gowda,McGraw Hill,Physics,5,2,3453.87
2919,978-9881077335,Consequatur laudantium iste suscipit accusantium,Gauri Nair,PHI Learning,Electronics,6,5,610.19
2920,978-2092483407,Rem vero voluptates ratione quidem,Anika Dubey,Oxford University Press,Mechanical,5,1,2060.18
2921,978-4644193353,Quod quisquam alias esse,Yash Naik,Pearson,Chemistry,5,1,2220.73
2922,978-1200756138,Nihil quis temporibus magni,Esha Singh,Springer,Mechanical,4,4,692.43
2923,979-4053466387,Molestias ipsam quibusdam vitae,Siddharth Khanna,Oxford University Press,Electronics,2,0,3069.01
2924,979-7546234360,Quasi dolor eligendi labore,Zara Mishra,O'Reilly,Civil,4,4,3276.21
2925,978-8787181605,Repudiandae atque quaerat,Ajay Mehta,Springer,Electronics,5,1,1315.4
2926,978-5423160850,Accusamus totam velit expedita maiores odio,Yamini Mukherjee,O'Reilly,Civil,8,8,2702.7
2927,979-6827760005,Voluptas delectus consectetur consequatur eaque,Chirag Patil,Wiley,Reference,2,1,1392.12
2928,978-1076439719,Voluptas unde architecto sed,Jyoti Nair,PHI Learning,Reference,6,0,734.2
2929,978-6094115357,Tempora nostrum quam explicabo,Myra Iyer,O'Reilly,Reference,1,1,1571.15
2930,978-3426031632,Consequatur eaque eius accusantium provident,Manoj Kulkarni,McGraw Hill,Fiction,8,8,1073.63
2931,979-4252883525,Porro saepe earum natus cum fuga,Anika Ghosh,McGraw Hill,Physics,8,0,1309.06
2932,978-1845245140,Saepe officia animi laboriosam,Reyansh Shah,Pearson,Biography,3,0,1118.09
2933,978-5167227992,Est veritatis unde corporis eius veritatis,Vidya Suri,Oxford University Press,Reference,2,2,283.92
2934,979-9817946834,Nesciunt quasi labore,Neha Thakur,O'Reilly,Physics,2,2,1336.38
2935,978-4191041057,Voluptatem sint nemo dignissimos debitis,Vinay Bhat,Springer,Computer Science,3,2,415.84
2936,978-1888002005,Voluptatibus sapiente recusandae,Ravi Suri,PHI Learning,Physics,4,0,2807.71
2937,978-6992952175,Enim eaque suscipit officia,Suresh Shah,McGraw Hill,Reference,8,0,3466.68
2938,978-7475455166,Cupiditate aut modi numquam,Sanjay Mishra,PHI Learning,Mechanical,3,3,926.69
2939,978-3551026952,Deserunt fugit inventore,Myra Bhatia,McGraw Hill,Civil,4,2,2996.92
2940,979-4740438569,Dolor labore corrupti id possimus,Rahul Singh,Springer,Electronics,3,3,461.27
2941,978-1676092864,Animi ut quod adipisci,Krishna Chakraborty,Wiley,Chemistry,5,2,1462.21
2942,979-9880144725,Quod dolores tempora impedit consequatur,Saanvi Sethi,Springer,Management,5,2,1803.38
2943,978-8761623358,Facere illum molestiae adipisci excepturi labore,Suresh Khanna,O'Reilly,Civil,4,1,2367.42
2944,978-5822992078,Adipisci atque doloribus ex reiciendis,Siddharth Gowda,Wiley,Biography,2,1,1575.29
2945,979-1702668862,Ad itaque nostrum,Amit Dubey,Oxford University Press,Physics,1,1,576.37
2946,978-3042920571,Deleniti quod omnis,Radhika Ghosh,PHI Learning,Physics,4,3,2217.29
2947,978-7216085592,Cum autem molestiae fugit,Rahul Nair,Springer,Fiction,2,2,1110.24
2948,978-1734392087,Quia labore asperiores,Nitin Das,Springer,Biography,3,0,2817.75
2949,978-2764974777,Libero delectus ad reprehenderit et,Ashish Mishra,O'Reilly,Electronics,6,0,2045.14
2950,978-9048746569,Quia recusandae voluptatum beatae,Rajesh Mishra,PHI Learning,Electronics,6,2,671.34
2951,978-4598905286,Molestias voluptatibus architecto rerum,Neha Shah,Pearson,Biography,6,1,1154.16
2952,979-9977217352,Ducimus doloribus amet voluptatem repudiandae,Rahul Malhotra,Oxford University Press,Fiction,2,0,3354.12
2953,978-9087368737,Eos ratione temporibus delectus,Oindrila Banerjee,O'Reilly,Fiction,6,0,2137.15
2954,979-3901047220,At id corporis,Aryan Kumar,PHI Learning,Chemistry,4,2,2356.66
2955,978-7475209707,Dolor nesciunt quidem consequuntur,Megha Singh,Pearson,Civil,2,1,1357.77
2956,978-3413862987,Nesciunt esse reprehenderit,Anjali Trivedi,PHI Learning,Physics,7,7,1976.92
2957,978-2927309466,Sunt fugiat ad perferendis in numquam,Vikram Mehta,Oxford University Press,Civil,8,4,1225.15
2958,979-4556045126,Atque ullam iusto aspernatur iure,Oindrila Nair,PHI Learning,Civil,1,1,3361.23
2959,978-9758243530,Quam ad voluptas consequatur,Reyansh Jadhav,Pearson,Mathematics,3,0,1273.81
2960,978-4260976010,Repudiandae facere molestiae beatae alias,Ashish Gowda,O'Reilly,Computer Science,1,0,2106.33
2961,979-1591578417,Autem pariatur eum,Diya Malhotra,McGraw Hill,Civil,8,1,3460.75
2962,979-4383917546,Neque sapiente cupiditate inventore sunt voluptatibus,Pranav Kumar,O'Reilly,Computer Science,1,1,2248.9
2963,978-7415646301,Quasi rem suscipit ducimus,Komal Trivedi,Springer,Mathematics,4,1,1364.23
2964,979-4933633756,Incidunt soluta voluptatem perferendis consectetur iure,Sanjay Iyer,Oxford University Press,Biography,8,6,3219.95
2965,979-4753073970,Tenetur magnam earum,Yash Khanna,Wiley,Management,5,3,2207.61
2966,978-1751645402,Ea maiores dolorem reprehenderit nam,Ananya Kumar,O'Reilly,Management,8,1,1199.44
2967,979-8779314145,Voluptate autem adipisci,Vihaan Chauhan,Wiley,Fiction,3,2,581.46
2968,978-1781219531,Nulla necessitatibus assumenda error,Vidya Khanna,Pearson,Mechanical,6,6,1554.84
2969,979-8921054045,Illo qui quisquam,Aadhya Suri,PHI Learning,Physics,7,4,518.22
2970,979-9967545440,Hic vitae numquam rerum,Aakash Mahajan,McGraw Hill,Biography,5,0,2249.81
2971,979-1454987866,Voluptatem eius eaque ipsa ipsum,Vihaan Reddy,Springer,Biography,6,6,2209.43
2972,979-1192450486,Magnam blanditiis nemo,Komal Shinde,Pearson,Physics,4,2,284.48
2973,978-3210845016,Illum earum deleniti quaerat ab aperiam,Megha Sinha,McGraw Hill,Electronics,6,2,3215.4
2974,979-6731880547,Dicta quas placeat quia,Anjali Mukherjee,Springer,Civil,6,5,808.97
2975,978-5043130314,Facere eveniet soluta,Anika Naik,Oxford University Press,Biography,8,0,1415.5
2976,978-4407905971,A accusantium molestias fugiat,Nisha Chakraborty,Wiley,Chemistry,2,0,1223.59
2977,978-1161592767,Quia voluptatibus iste nisi,Pooja Arora,PHI Learning,Reference,1,0,2578.24
2978,978-2745935689,A maiores nemo quod voluptatum commodi,Neha Tiwari,Springer,Management,3,3,2001.28
2979,979-3807483816,Illo a neque,Amit Dutta,PHI Learning,Mathematics,3,1,1627.98
2980,979-3019154525,Fugit quidem occaecati,Om Kapoor,Oxford University Press,Chemistry,7,5,1724.45
2981,978-2242472853,Consequuntur laudantium ut quia,Arjun Rao,McGraw Hill,Reference,3,1,3019.03
2982,978-1497630813,Perferendis veniam neque itaque quaerat aliquid,Bhavya Mahajan,McGraw Hill,Mechanical,7,3,2892.84
2983,979-8331942118,Molestiae quasi error,Saurabh Dutta,O'Reilly,Management,4,3,2843.06
2984,979-5252863300,Velit sint molestias,Lipika Dutta,Wiley,Mathematics,2,2,580.1
2985,979-4115569485,Voluptatum harum aliquam ad nisi sapiente,Charu Ghosh,McGraw Hill,Electronics,2,1,1140.29
2986,978-5126990269,Maiores placeat dolorum blanditiis atque rerum,Gaurav Desai,Oxford University Press,Mathematics,1,0,3477.08
2987,978-1593963821,Assumenda atque sunt et optio,Saanvi Khanna,McGraw Hill,Physics,6,3,2777.47
2988,978-3327962210,Officia possimus ex consequuntur nemo rem,Kunal Gowda,PHI Learning,Civil,1,1,1071.58
2989,979-8208472889,Voluptate deleniti ea,Aniket Desai,PHI Learning,Computer Science,8,2,2305.34
2990,978-7465588449,Architecto dignissimos quis,Pooja Joshi,Pearson,Chemistry,6,4,428.17
2991,979-7018903484,Impedit adipisci eum velit,Megha Gupta,McGraw Hill,Computer Science,8,5,267.19
2992,979-6150574305,Nisi eligendi tempora earum illo ipsam,Aakash Shinde,McGraw Hill,Management,8,5,509.94
2993,978-3925831988,Atque mollitia eaque,Dev Jadhav,Pearson,Fiction,5,5,1390.27
2994,979-6826057144,Repellat provident molestiae,Ira Chandra,O'Reilly,Computer Science,6,5,896.01
2995,979-6482733833,Porro corrupti consequuntur,Aarav Thakur,Oxford University Press,Reference,8,0,1402.0
2996,979-3922510775,Maiores nisi quisquam voluptas,Sai Sinha,Pearson,Civil,4,3,2435.08
2997,978-6256438238,Vero hic alias,Dhruv Solanki,PHI Learning,Management,2,2,660.3
2998,979-3342793744,Magnam architecto ea eveniet consequatur,Rahul Deshmukh,Oxford University Press,Chemistry,1,1,3393.69
2999,979-9257937565,Ratione facere voluptas illum,Ira Sinha,O'Reilly,Computer Science,5,2,2160.28
3000,978-2096410009,Veritatis dolore voluptatum accusantium,Meera Chandra,O'Reilly,Fiction,7,6,2734.93
