transaction_id,book_id,student_id,issue_date,due_date,return_date,fine_amount,status
1,2218,1467,2024-06-01,2024-06-15,2024-06-11,0,RETURNED
2,1697,336,2024-10-02,2024-10-16,,0,OVERDUE
3,1910,61,2024-08-19,2024-09-02,2024-09-06,20,RETURNED
4,267,411,2024-12-25,2025-01-08,2025-01-11,15,RETURNED
5,93,435,2024-09-14,2024-09-28,2024-10-06,40,RETURNED
6,1278,1303,2023-02-15,2023-03-01,2023-03-08,35,RETURNED
7,1031,878,2025-08-24,2025-09-07,2025-09-09,10,RETURNED
8,914,1299,2024-06-09,2024-06-23,2024-06-26,15,RETURNED
9,2550,1919,2025-01-24,2025-02-07,,0,ISSUED
10,1995,1086,2024-04-05,2024-04-19,,0,ISSUED
11,628,980,2024-09-07,2024-09-21,2024-09-26,25,RETURNED
12,1124,1538,2024-02-17,2024-03-02,2024-03-12,50,RETURNED
13,964,1989,2023-09-10,2023-09-24,2023-09-30,30,RETURNED
14,361,899,2025-06-25,2025-07-09,2025-07-16,35,RETURNED
15,1933,88,2023-08-02,2023-08-16,2023-08-15,0,RETURNED
16,485,1083,2025-06-05,2025-06-19,2025-06-29,50,RETURNED
17,2481,304,2025-03-19,2025-04-02,2025-04-05,15,RETURNED
18,1716,170,2025-04-08,2025-04-22,2025-04-29,35,RETURNED
19,2300,699,2024-11-03,2024-11-17,,0,ISSUED
20,346,1265,2024-10-15,2024-10-29,2024-11-06,40,RETURNED
21,1672,315,2025-10-15,2025-10-29,2025-10-27,0,RETURNED
22,1769,1051,2024-11-19,2024-12-03,2024-12-08,25,RETURNED
23,1907,1041,2024-12-05,2024-12-19,2024-12-24,25,RETURNED
24,67,1317,2025-12-19,2026-01-02,2026-01-07,25,RETURNED
25,714,712,2023-05-22,2023-06-05,2023-06-02,0,RETURNED
26,1627,1125,2025-01-07,2025-01-21,2025-01-25,20,RETURNED
27,268,1296,2024-09-28,2024-10-12,2024-10-10,0,RETURNED
28,1030,235,2024-04-20,2024-05-04,2024-05-10,30,RETURNED
29,2988,1804,2025-10-22,2025-11-05,2025-10-31,0,RETURNED
30,1314,1622,2024-07-27,2024-08-10,2024-08-13,15,RETURNED
31,111,480,2024-11-26,2024-12-10,2024-12-06,0,RETURNED
32,1992,1133,2025-08-14,2025-08-28,2025-09-04,35,RETURNED
33,1443,309,2023-05-02,2023-05-16,2023-05-12,0,RETURNED
34,370,634,2023-12-17,2023-12-31,2024-01-04,20,RETURNED
35,1808,572,2025-01-18,2025-02-01,2025-02-02,5,RETURNED
36,1684,442,2024-11-19,2024-12-03,2024-12-02,0,RETURNED
37,2434,805,2025-10-17,2025-10-31,2025-11-10,50,RETURNED
38,83,101,2024-09-07,2024-09-21,2024-09-28,35,RETURNED
39,713,1150,2023-06-11,2023-06-25,,0,ISSUED
40,1170,412,2023-01-21,2023-02-04,2023-02-08,20,RETURNED
41,2707,587,2023-09-21,2023-10-05,2023-10-12,35,RETURNED
42,226,495,2025-03-29,2025-04-12,2025-04-19,35,RETURNED
43,508,429,2023-07-16,2023-07-30,2023-08-01,10,RETURNED
44,1506,211,2025-06-21,2025-07-05,2025-07-06,5,RETURNED
45,338,1987,2024-07-01,2024-07-15,2024-07-11,0,RETURNED
46,732,1197,2023-08-16,2023-08-30,2023-09-02,15,RETURNED
47,114,1584,2025-02-11,2025-02-25,,0,OVERDUE
48,2627,687,2023-12-06,2023-12-20,2023-12-29,45,RETURNED
49,1841,1581,2024-11-11,2024-11-25,2024-11-22,0,RETURNED
50,2566,628,2024-12-06,2024-12-20,2024-12-24,20,RETURNED
51,77,1921,2023-04-04,2023-04-18,2023-04-14,0,RETURNED
52,2942,1638,2023-02-02,2023-02-16,,0,OVERDUE
53,1243,1048,2023-11-27,2023-12-11,,0,ISSUED
54,2349,422,2025-07-14,2025-07-28,2025-08-07,50,RETURNED
55,1290,1539,2025-01-31,2025-02-14,,0,OVERDUE
56,842,1624,2023-08-04,2023-08-18,,0,ISSUED
57,1252,795,2025-04-05,2025-04-19,2025-04-19,0,RETURNED
58,448,807,2024-03-25,2024-04-08,,0,OVERDUE
59,2848,1399,2025-05-24,2025-06-07,2025-06-10,15,RETURNED
60,2941,891,2023-06-16,2023-06-30,2023-07-08,40,RETURNED
61,2956,1080,2025-09-27,2025-10-11,2025-10-15,20,RETURNED
62,2752,891,2024-06-30,2024-07-14,2024-07-09,0,RETURNED
63,1801,1204,2025-01-02,2025-01-16,,0,OVERDUE
64,2575,322,2023-09-27,2023-10-11,,0,ISSUED
65,2722,603,2023-09-25,2023-10-09,2023-10-17,40,RETURNED
66,437,1533,2025-12-22,2026-01-05,2026-01-07,10,RETURNED
67,403,1041,2023-12-05,2023-12-19,2023-12-16,0,RETURNED
68,833,1202,2024-11-29,2024-12-13,,0,ISSUED
69,746,181,2023-05-21,2023-06-04,2023-06-14,50,RETURNED
70,1437,649,2025-08-30,2025-09-13,2025-09-13,0,RETURNED
71,2092,364,2023-06-23,2023-07-07,,0,OVERDUE
72,646,1144,2024-06-04,2024-06-18,2024-06-24,30,RETURNED
73,2539,639,2023-01-31,2023-02-14,2023-02-20,30,RETURNED
74,1233,1975,2023-03-26,2023-04-09,2023-04-04,0,RETURNED
75,2820,11,2023-10-27,2023-11-10,2023-11-07,0,RETURNED
76,2890,1338,2025-11-11,2025-11-25,2025-12-05,50,RETURNED
77,1170,1987,2023-10-22,2023-11-05,2023-11-12,35,RETURNED
78,393,227,2025-04-08,2025-04-22,2025-04-22,0,RETURNED
79,2302,891,2025-03-25,2025-04-08,2025-04-05,0,RETURNED
80,109,759,2023-03-31,2023-04-14,2023-04-16,10,RETURNED
81,1090,982,2024-11-11,2024-11-25,2024-12-05,50,RETURNED
82,2936,251,2025-05-22,2025-06-05,2025-06-10,25,RETURNED
83,1630,1564,2024-01-27,2024-02-10,2024-02-11,5,RETURNED
84,1112,531,2024-01-27,2024-02-10,,0,OVERDUE
85,1730,1400,2023-02-12,2023-02-26,2023-02-22,0,RETURNED
86,1362,1526,2023-01-04,2023-01-18,2023-01-28,50,RETURNED
87,457,1919,2024-03-22,2024-04-05,2024-04-12,35,RETURNED
88,925,521,2024-05-19,2024-06-02,2024-06-02,0,RETURNED
89,19,279,2024-12-24,2025-01-07,,0,OVERDUE
90,253,1853,2024-03-08,2024-03-22,2024-03-31,45,RETURNED
91,884,121,2024-05-10,2024-05-24,2024-05-20,0,RETURNED
92,2703,1918,2024-10-12,2024-10-26,2024-11-02,35,RETURNED
93,1424,1440,2024-09-11,2024-09-25,,0,ISSUED
94,387,1223,2024-08-23,2024-09-06,2024-09-01,0,RETURNED
95,2752,1280,2024-12-29,2025-01-12,2025-01-12,0,RETURNED
96,2311,1653,2023-10-23,2023-11-06,,0,OVERDUE
97,310,1906,2024-09-12,2024-09-26,,0,OVERDUE
98,36,898,2025-10-15,2025-10-29,2025-10-27,0,RETURNED
99,1403,332,2025-12-14,2025-12-28,2025-12-24,0,RETURNED
100,2483,771,2025-02-06,2025-02-20,2025-02-25,25,RETURNED
101,1799,847,2025-10-26,2025-11-09,2025-11-16,35,RETURNED
102,1705,1743,2025-09-03,2025-09-17,2025-09-26,45,RETURNED
103,669,1119,2024-06-15,2024-06-29,,0,OVERDUE
104,2586,1032,2023-07-26,2023-08-09,2023-08-15,30,RETURNED
105,857,1314,2024-12-05,2024-12-19,,0,ISSUED
106,993,388,2025-09-30,2025-10-14,2025-10-16,10,RETURNED
107,218,355,2024-09-28,2024-10-12,2024-10-14,10,RETURNED
108,1038,1814,2025-10-16,2025-10-30,2025-11-06,35,RETURNED
109,2884,126,2024-07-14,2024-07-28,2024-08-02,25,RETURNED
110,1869,788,2024-01-31,2024-02-14,,0,OVERDUE
111,782,392,2023-11-21,2023-12-05,,0,OVERDUE
112,2501,1463,2023-08-18,2023-09-01,2023-09-05,20,RETURNED
113,1810,1460,2023-05-17,2023-05-31,2023-06-02,10,RETURNED
114,1236,1933,2024-04-15,2024-04-29,2024-05-05,30,RETURNED
115,1328,291,2025-12-11,2025-12-25,2025-12-27,10,RETURNED
116,1468,678,2025-02-12,2025-02-26,,0,ISSUED
117,746,848,2024-03-20,2024-04-03,2024-04-05,10,RETURNED
118,1365,1905,2023-12-26,2024-01-09,2024-01-10,5,RETURNED
119,789,1467,2023-11-05,2023-11-19,2023-11-16,0,RETURNED
120,2318,758,2023-04-15,2023-04-29,2023-05-07,40,RETURNED
121,1134,602,2023-01-12,2023-01-26,2023-02-03,40,RETURNED
122,1571,605,2025-06-20,2025-07-04,2025-06-29,0,RETURNED
123,502,1176,2025-08-14,2025-08-28,2025-09-04,35,RETURNED
124,1102,1517,2024-12-19,2025-01-02,,0,OVERDUE
125,150,203,2023-08-02,2023-08-16,2023-08-22,30,RETURNED
126,949,1117,2025-10-20,2025-11-03,2025-11-01,0,RETURNED
127,2835,1294,2025-04-18,2025-05-02,2025-05-10,40,RETURNED
128,2258,1106,2024-09-08,2024-09-22,2024-10-02,50,RETURNED
129,806,487,2023-07-05,2023-07-19,2023-07-14,0,RETURNED
130,1746,1939,2023-11-04,2023-11-18,2023-11-27,45,RETURNED
131,649,460,2023-01-03,2023-01-17,,0,ISSUED
132,708,584,2025-11-19,2025-12-03,,0,OVERDUE
133,721,661,2024-02-17,2024-03-02,2024-03-04,10,RETURNED
134,633,1174,2023-03-29,2023-04-12,2023-04-11,0,RETURNED
135,450,1750,2023-10-03,2023-10-17,2023-10-14,0,RETURNED
136,1756,531,2025-10-06,2025-10-20,2025-10-23,15,RETURNED
137,704,1248,2023-01-10,2023-01-24,2023-01-19,0,RETURNED
138,543,1206,2024-02-07,2024-02-21,2024-02-18,0,RETURNED
139,1696,1348,2023-05-12,2023-05-26,,0,ISSUED
140,306,723,2024-08-03,2024-08-17,2024-08-23,30,RETURNED
141,1732,1553,2023-11-13,2023-11-27,,0,OVERDUE
142,1319,124,2023-07-01,2023-07-15,,0,ISSUED
143,21,1267,2024-11-12,2024-11-26,,0,OVERDUE
144,2306,645,2025-01-27,2025-02-10,,0,ISSUED
145,540,1113,2024-10-20,2024-11-03,2024-11-06,15,RETURNED
146,2266,138,2023-09-05,2023-09-19,2023-09-20,5,RETURNED
147,1675,989,2024-03-24,2024-04-07,2024-04-10,15,RETURNED
148,1372,1305,2025-02-03,2025-02-17,2025-02-12,0,RETURNED
149,571,1026,2024-10-04,2024-10-18,2024-10-19,5,RETURNED
150,2989,224,2024-01-19,2024-02-02,2024-01-30,0,RETURNED
151,226,1150,2024-06-27,2024-07-11,2024-07-17,30,RETURNED
152,426,530,2025-02-17,2025-03-03,2025-03-12,45,RETURNED
153,1341,1492,2023-09-26,2023-10-10,2023-10-15,25,RETURNED
154,429,532,2025-03-31,2025-04-14,,0,ISSUED
155,2146,1947,2024-02-23,2024-03-08,2024-03-09,5,RETURNED
156,55,1687,2025-10-22,2025-11-05,2025-11-15,50,RETURNED
157,29,209,2024-08-28,2024-09-11,2024-09-18,35,RETURNED
158,2029,490,2025-08-29,2025-09-12,2025-09-12,0,RETURNED
159,234,1742,2025-12-27,2026-01-10,,0,OVERDUE
160,774,1860,2025-06-26,2025-07-10,2025-07-16,30,RETURNED
161,698,583,2023-10-26,2023-11-09,2023-11-06,0,RETURNED
162,1938,1917,2025-08-09,2025-08-23,,0,OVERDUE
163,2727,1963,2023-10-19,2023-11-02,2023-10-31,0,RETURNED
164,2177,334,2024-07-05,2024-07-19,,0,ISSUED
165,371,120,2025-04-04,2025-04-18,,0,OVERDUE
166,756,1548,2023-10-31,2023-11-14,2023-11-24,50,RETURNED
167,1449,777,2024-01-30,2024-02-13,2024-02-15,10,RETURNED
168,1113,1025,2024-04-07,2024-04-21,2024-04-24,15,RETURNED
169,277,866,2024-05-29,2024-06-12,2024-06-13,5,RETURNED
170,2977,62,2024-01-06,2024-01-20,,0,ISSUED
171,577,1528,2024-06-09,2024-06-23,2024-07-03,50,RETURNED
172,533,1642,2025-09-09,2025-09-23,2025-09-18,0,RETURNED
173,2790,1297,2023-09-11,2023-09-25,2023-09-23,0,RETURNED
174,2553,353,2023-03-05,2023-03-19,,0,OVERDUE
175,1815,537,2025-01-25,2025-02-08,2025-02-18,50,RETURNED
176,1102,1905,2025-02-15,2025-03-01,2025-03-07,30,RETURNED
177,1169,1619,2025-08-04,2025-08-18,2025-08-22,20,RETURNED
178,4,255,2024-10-30,2024-11-13,2024-11-18,25,RETURNED
179,1195,609,2025-04-01,2025-04-15,2025-04-12,0,RETURNED
180,2650,1914,2024-06-04,2024-06-18,2024-06-27,45,RETURNED
181,2451,1821,2023-01-08,2023-01-22,2023-01-18,0,RETURNED
182,1725,178,2025-09-05,2025-09-19,2025-09-15,0,RETURNED
183,1685,820,2023-04-27,2023-05-11,2023-05-15,20,RETURNED
184,2147,160,2024-12-15,2024-12-29,2025-01-02,20,RETURNED
185,2811,163,2024-05-20,2024-06-03,2024-05-30,0,RETURNED
186,1306,1170,2025-07-13,2025-07-27,2025-07-22,0,RETURNED
187,464,1002,2024-07-12,2024-07-26,,0,ISSUED
188,1750,798,2024-03-22,2024-04-05,,0,ISSUED
189,1111,157,2023-07-23,2023-08-06,2023-08-02,0,RETURNED
190,390,1427,2023-01-07,2023-01-21,2023-01-18,0,RETURNED
191,1427,809,2023-08-12,2023-08-26,2023-09-03,40,RETURNED
192,1015,1059,2024-10-09,2024-10-23,,0,ISSUED
193,1150,441,2023-10-09,2023-10-23,,0,OVERDUE
194,704,1573,2023-02-24,2023-03-10,2023-03-08,0,RETURNED
195,830,1796,2024-05-04,2024-05-18,2024-05-16,0,RETURNED
196,1779,1595,2023-10-05,2023-10-19,2023-10-14,0,RETURNED
197,2867,443,2025-02-18,2025-03-04,2025-03-01,0,RETURNED
198,516,1779,2023-01-02,2023-01-16,2023-01-11,0,RETURNED
199,926,310,2024-12-28,2025-01-11,2025-01-15,20,RETURNED
200,1230,647,2023-01-31,2023-02-14,,0,ISSUED
201,768,919,2025-01-10,2025-01-24,2025-02-03,50,RETURNED
202,1783,1339,2024-03-17,2024-03-31,2024-04-07,35,RETURNED
203,51,1543,2025-12-22,2026-01-05,2026-01-02,0,RETURNED
204,2475,1296,2023-10-09,2023-10-23,2023-10-18,0,RETURNED
205,2775,1073,2023-01-04,2023-01-18,,0,ISSUED
206,2831,993,2025-04-28,2025-05-12,2025-05-16,20,RETURNED
207,1922,1186,2025-09-12,2025-09-26,,0,OVERDUE
208,1865,300,2024-02-16,2024-03-01,2024-03-03,10,RETURNED
209,559,1203,2023-08-22,2023-09-05,,0,ISSUED
210,60,1728,2025-07-21,2025-08-04,,0,ISSUED
211,1130,638,2024-03-14,2024-03-28,2024-04-07,50,RETURNED
212,2102,979,2023-09-02,2023-09-16,2023-09-25,45,RETURNED
213,1893,675,2025-01-11,2025-01-25,,0,ISSUED
214,1071,1526,2024-06-13,2024-06-27,2024-07-07,50,RETURNED
215,1714,532,2024-06-29,2024-07-13,,0,ISSUED
216,2660,87,2024-10-07,2024-10-21,2024-10-24,15,RETURNED
217,2612,38,2024-10-02,2024-10-16,,0,OVERDUE
218,1817,151,2023-05-03,2023-05-17,2023-05-19,10,RETURNED
219,464,1132,2023-04-07,2023-04-21,2023-04-23,10,RETURNED
220,2279,1399,2025-03-28,2025-04-11,2025-04-17,30,RETURNED
221,1109,880,2025-12-31,2026-01-14,,0,ISSUED
222,321,1218,2025-02-15,2025-03-01,2025-03-02,5,RETURNED
223,1424,23,2023-01-01,2023-01-15,,0,ISSUED
224,1624,943,2025-04-24,2025-05-08,2025-05-10,10,RETURNED
225,1051,679,2024-04-14,2024-04-28,2024-05-07,45,RETURNED
226,2026,254,2025-12-04,2025-12-18,2025-12-22,20,RETURNED
227,163,1251,2024-03-15,2024-03-29,2024-04-01,15,RETURNED
228,2818,1123,2023-11-29,2023-12-13,2023-12-22,45,RETURNED
229,1308,736,2023-11-03,2023-11-17,,0,OVERDUE
230,2524,201,2024-03-12,2024-03-26,,0,OVERDUE
231,2418,490,2025-12-12,2025-12-26,2025-12-31,25,RETURNED
232,2240,1156,2024-07-17,2024-07-31,2024-07-31,0,RETURNED
233,2308,1328,2025-09-28,2025-10-12,2025-10-09,0,RETURNED
234,2520,1335,2023-08-13,2023-08-27,2023-08-30,15,RETURNED
235,2307,1886,2025-06-08,2025-06-22,2025-06-22,0,RETURNED
236,993,176,2025-06-12,2025-06-26,2025-06-24,0,RETURNED
237,158,303,2025-03-06,2025-03-20,2025-03-20,0,RETURNED
238,112,937,2023-01-01,2023-01-15,,0,ISSUED
239,2878,1970,2023-03-05,2023-03-19,2023-03-27,40,RETURNED
240,1799,1182,2025-01-31,2025-02-14,2025-02-24,50,RETURNED
241,2301,292,2023-12-10,2023-12-24,2023-12-28,20,RETURNED
242,654,933,2025-04-09,2025-04-23,2025-04-26,15,RETURNED
243,2840,1583,2025-02-22,2025-03-08,2025-03-14,30,RETURNED
244,2702,1981,2023-04-04,2023-04-18,2023-04-21,15,RETURNED
245,931,1385,2024-01-27,2024-02-10,,0,ISSUED
246,2219,1486,2024-07-09,2024-07-23,2024-07-27,20,RETURNED
247,134,122,2025-07-03,2025-07-17,,0,OVERDUE
248,1870,1942,2025-12-19,2026-01-02,2026-01-04,10,RETURNED
249,1900,1190,2024-06-22,2024-07-06,2024-07-04,0,RETURNED
250,2135,1691,2023-11-06,2023-11-20,2023-11-26,30,RETURNED
251,1125,512,2023-04-26,2023-05-10,2023-05-20,50,RETURNED
252,2641,1673,2025-11-05,2025-11-19,2025-11-19,0,RETURNED
253,827,640,2025-01-07,2025-01-21,2025-01-30,45,RETURNED
254,1614,984,2023-06-01,2023-06-15,2023-06-13,0,RETURNED
255,362,1452,2024-03-30,2024-04-13,,0,ISSUED
256,1845,1958,2025-08-03,2025-08-17,2025-08-24,35,RETURNED
257,2821,205,2025-12-27,2026-01-10,2026-01-13,15,RETURNED
258,2687,1609,2025-12-28,2026-01-11,,0,OVERDUE
259,2320,500,2025-09-24,2025-10-08,2025-10-07,0,RETURNED
260,1631,1729,2023-12-13,2023-12-27,2023-12-30,15,RETURNED
261,2194,891,2023-01-28,2023-02-11,2023-02-12,5,RETURNED
262,1264,16,2023-01-08,2023-01-22,,0,OVERDUE
263,121,1780,2025-05-11,2025-05-25,2025-05-20,0,RETURNED
264,2196,1711,2024-11-16,2024-11-30,2024-12-01,5,RETURNED
265,1087,202,2024-04-27,2024-05-11,,0,ISSUED
266,440,1538,2024-12-20,2025-01-03,2025-01-07,20,RETURNED
267,1658,577,2024-09-01,2024-09-15,,0,OVERDUE
268,1973,1531,2024-10-29,2024-11-12,2024-11-07,0,RETURNED
269,2231,718,2023-06-17,2023-07-01,2023-07-06,25,RETURNED
270,1056,555,2025-06-17,2025-07-01,2025-07-11,50,RETURNED
271,584,1000,2024-02-21,2024-03-06,,0,OVERDUE
272,1116,1374,2024-11-28,2024-12-12,2024-12-08,0,RETURNED
273,294,1584,2024-07-12,2024-07-26,2024-08-04,45,RETURNED
274,2760,1313,2024-01-24,2024-02-07,2024-02-17,50,RETURNED
275,2499,1805,2024-03-08,2024-03-22,,0,ISSUED
276,1205,74,2024-05-31,2024-06-14,2024-06-11,0,RETURNED
277,414,439,2025-10-03,2025-10-17,2025-10-15,0,RETURNED
278,2606,376,2024-06-29,2024-07-13,2024-07-08,0,RETURNED
279,2362,1686,2025-06-06,2025-06-20,2025-06-17,0,RETURNED
280,1987,1878,2024-06-27,2024-07-11,,0,OVERDUE
281,2806,503,2023-12-14,2023-12-28,2024-01-02,25,RETURNED
282,2988,266,2024-04-21,2024-05-05,,0,ISSUED
283,269,1550,2024-02-27,2024-03-12,2024-03-07,0,RETURNED
284,288,995,2024-09-05,2024-09-19,2024-09-27,40,RETURNED
285,1340,1545,2025-03-13,2025-03-27,2025-03-31,20,RETURNED
286,1705,799,2024-12-14,2024-12-28,2025-01-06,45,RETURNED
287,2854,170,2024-08-07,2024-08-21,2024-08-18,0,RETURNED
288,196,1599,2025-10-21,2025-11-04,2025-11-05,5,RETURNED
289,1726,1029,2025-11-02,2025-11-16,2025-11-20,20,RETURNED
290,1909,770,2023-12-13,2023-12-27,2024-01-06,50,RETURNED
291,2917,1356,2023-04-10,2023-04-24,2023-04-22,0,RETURNED
292,1726,556,2023-11-15,2023-11-29,2023-12-08,45,RETURNED
293,2985,492,2025-11-08,2025-11-22,2025-11-23,5,RETURNED
294,1407,1276,2024-12-17,2024-12-31,2025-01-05,25,RETURNED
295,1714,1591,2023-09-16,2023-09-30,2023-10-08,40,RETURNED
296,869,1248,2025-07-22,2025-08-05,,0,ISSUED
297,759,533,2024-08-23,2024-09-06,2024-09-05,0,RETURNED
298,119,283,2024-02-23,2024-03-08,2024-03-16,40,RETURNED
299,2513,1006,2025-09-12,2025-09-26,,0,ISSUED
300,2887,720,2023-09-02,2023-09-16,2023-09-15,0,RETURNED
301,621,1727,2025-04-20,2025-05-04,2025-05-01,0,RETURNED
302,1892,1560,2024-05-29,2024-06-12,2024-06-17,25,RETURNED
303,323,1394,2023-12-15,2023-12-29,2023-12-28,0,RETURNED
304,573,915,2025-11-26,2025-12-10,2025-12-16,30,RETURNED
305,975,1011,2023-08-11,2023-08-25,2023-08-20,0,RETURNED
306,968,956,2025-01-10,2025-01-24,2025-01-25,5,RETURNED
307,2764,1328,2024-02-24,2024-03-09,2024-03-12,15,RETURNED
308,106,925,2024-08-16,2024-08-30,2024-08-27,0,RETURNED
309,288,848,2025-12-14,2025-12-28,2025-12-24,0,RETURNED
310,2684,1874,2024-05-17,2024-05-31,2024-05-28,0,RETURNED
311,2204,1645,2024-03-25,2024-04-08,2024-04-16,40,RETURNED
312,2203,1215,2025-01-05,2025-01-19,,0,ISSUED
313,2730,263,2023-03-18,2023-04-01,,0,OVERDUE
314,86,245,2024-09-15,2024-09-29,2024-10-09,50,RETURNED
315,1326,1857,2023-09-29,2023-10-13,2023-10-11,0,RETURNED
316,406,1753,2023-10-08,2023-10-22,2023-10-19,0,RETURNED
317,1223,973,2025-04-26,2025-05-10,2025-05-13,15,RETURNED
318,294,1174,2023-03-30,2023-04-13,2023-04-22,45,RETURNED
319,718,1278,2025-01-15,2025-01-29,2025-01-26,0,RETURNED
320,962,1982,2025-11-07,2025-11-21,2025-11-23,10,RETURNED
321,35,1010,2025-04-29,2025-05-13,2025-05-22,45,RETURNED
322,2558,258,2025-04-09,2025-04-23,,0,ISSUED
323,746,307,2023-12-09,2023-12-23,,0,ISSUED
324,1914,468,2024-10-18,2024-11-01,2024-11-01,0,RETURNED
325,2051,934,2025-06-12,2025-06-26,2025-06-27,5,RETURNED
326,1978,1049,2024-06-15,2024-06-29,,0,OVERDUE
327,2971,1418,2025-10-26,2025-11-09,2025-11-16,35,RETURNED
328,2344,1164,2025-01-30,2025-02-13,2025-02-17,20,RETURNED
329,2321,1326,2025-06-30,2025-07-14,2025-07-12,0,RETURNED
330,2058,92,2023-11-01,2023-11-15,2023-11-15,0,RETURNED
331,850,855,2023-10-19,2023-11-02,2023-10-31,0,RETURNED
332,107,1608,2024-12-27,2025-01-10,,0,ISSUED
333,702,984,2023-11-24,2023-12-08,,0,OVERDUE
334,1376,254,2024-05-22,2024-06-05,2024-06-05,0,RETURNED
335,2303,1088,2023-07-24,2023-08-07,2023-08-15,40,RETURNED
336,204,1408,2024-11-28,2024-12-12,2024-12-19,35,RETURNED
337,17,1558,2023-08-01,2023-08-15,2023-08-15,0,RETURNED
338,928,1652,2023-03-25,2023-04-08,2023-04-16,40,RETURNED
339,848,1105,2023-03-15,2023-03-29,2023-04-04,30,RETURNED
340,888,659,2024-12-24,2025-01-07,2025-01-04,0,RETURNED
341,257,975,2025-10-18,2025-11-01,2025-10-29,0,RETURNED
342,1988,1873,2024-01-29,2024-02-12,2024-02-14,10,RETURNED
343,657,1211,2024-03-02,2024-03-16,2024-03-13,0,RETURNED
344,644,75,2025-08-02,2025-08-16,2025-08-11,0,RETURNED
345,813,1776,2025-09-14,2025-09-28,2025-10-08,50,RETURNED
346,2511,23,2023-01-06,2023-01-20,2023-01-25,25,RETURNED
347,2955,1161,2024-06-23,2024-07-07,,0,ISSUED
348,2307,1087,2024-04-29,2024-05-13,,0,OVERDUE
349,490,888,2025-04-02,2025-04-16,2025-04-11,0,RETURNED
350,1244,1970,2025-03-09,2025-03-23,2025-03-18,0,RETURNED
351,831,449,2024-07-11,2024-07-25,2024-07-26,5,RETURNED
352,1796,743,2023-03-03,2023-03-17,2023-03-13,0,RETURNED
353,2218,1679,2025-03-15,2025-03-29,2025-04-06,40,RETURNED
354,2641,829,2025-09-12,2025-09-26,2025-09-26,0,RETURNED
355,863,625,2024-04-10,2024-04-24,2024-04-19,0,RETURNED
356,2444,461,2025-02-20,2025-03-06,2025-03-11,25,RETURNED
357,388,69,2023-07-02,2023-07-16,2023-07-17,5,RETURNED
358,2843,997,2023-03-03,2023-03-17,,0,OVERDUE
359,325,239,2023-06-20,2023-07-04,2023-07-05,5,RETURNED
360,1023,29,2023-02-17,2023-03-03,2023-03-12,45,RETURNED
361,2357,1243,2023-02-28,2023-03-14,,0,OVERDUE
362,2247,744,2025-12-26,2026-01-09,2026-01-15,30,RETURNED
363,1986,1323,2023-04-28,2023-05-12,2023-05-11,0,RETURNED
364,1358,1062,2023-08-03,2023-08-17,2023-08-13,0,RETURNED
365,2585,1802,2023-05-24,2023-06-07,2023-06-05,0,RETURNED
366,2398,122,2023-07-04,2023-07-18,2023-07-14,0,RETURNED
367,2772,1951,2025-12-13,2025-12-27,,0,OVERDUE
368,1127,1026,2024-06-29,2024-07-13,2024-07-09,0,RETURNED
369,1093,968,2023-09-12,2023-09-26,2023-09-29,15,RETURNED
370,2433,1460,2024-01-21,2024-02-04,2024-02-03,0,RETURNED
371,877,1667,2025-01-22,2025-02-05,2025-01-31,0,RETURNED
372,1733,186,2025-12-09,2025-12-23,2025-12-31,40,RETURNED
373,2836,1808,2024-05-18,2024-06-01,,0,ISSUED
374,2832,970,2023-05-22,2023-06-05,2023-06-11,30,RETURNED
375,1834,1831,2024-08-16,2024-08-30,2024-09-09,50,RETURNED
376,1259,1775,2025-10-21,2025-11-04,2025-10-31,0,RETURNED
377,1125,774,2025-05-31,2025-06-14,2025-06-15,5,RETURNED
378,3000,782,2024-04-27,2024-05-11,2024-05-10,0,RETURNED
379,1409,413,2025-07-10,2025-07-24,2025-07-30,30,RETURNED
380,1698,653,2023-05-02,2023-05-16,,0,OVERDUE
381,576,1397,2025-02-05,2025-02-19,2025-03-01,50,RETURNED
382,1817,1955,2025-09-17,2025-10-01,2025-09-29,0,RETURNED
383,2822,111,2023-09-10,2023-09-24,2023-10-02,40,RETURNED
384,1411,275,2024-02-01,2024-02-15,,0,ISSUED
385,975,581,2025-04-20,2025-05-04,2025-05-10,30,RETURNED
386,1272,41,2025-09-10,2025-09-24,2025-09-29,25,RETURNED
387,444,1732,2024-08-15,2024-08-29,2024-09-01,15,RETURNED
388,49,710,2023-05-28,2023-06-11,,0,OVERDUE
389,976,1999,2023-04-19,2023-05-03,,0,OVERDUE
390,755,909,2023-03-16,2023-03-30,2023-04-04,25,RETURNED
391,2854,1206,2025-04-25,2025-05-09,2025-05-18,45,RETURNED
392,1875,159,2024-07-07,2024-07-21,2024-07-26,25,RETURNED
393,1261,233,2024-01-12,2024-01-26,,0,ISSUED
394,1991,993,2025-04-29,2025-05-13,,0,ISSUED
395,2837,903,2024-06-14,2024-06-28,,0,ISSUED
396,2921,985,2024-05-27,2024-06-10,,0,OVERDUE
397,1782,509,2023-03-18,2023-04-01,,0,ISSUED
398,706,230,2024-04-13,2024-04-27,2024-04-24,0,RETURNED
399,1303,630,2025-05-02,2025-05-16,2025-05-22,30,RETURNED
400,2201,1227,2025-02-05,2025-02-19,2025-02-27,40,RETURNED
401,1959,1923,2025-05-24,2025-06-07,2025-06-16,45,RETURNED
402,1370,329,2023-06-13,2023-06-27,2023-06-22,0,RETURNED
403,2643,169,2025-09-15,2025-09-29,,0,ISSUED
404,226,1120,2024-09-02,2024-09-16,2024-09-11,0,RETURNED
405,1149,1170,2024-08-01,2024-08-15,,0,ISSUED
406,2512,283,2023-02-07,2023-02-21,,0,ISSUED
407,2974,1475,2023-05-15,2023-05-29,2023-05-29,0,RETURNED
408,1779,108,2025-01-17,2025-01-31,,0,ISSUED
409,2483,330,2023-01-15,2023-01-29,2023-02-05,35,RETURNED
410,1730,45,2023-02-08,2023-02-22,2023-02-26,20,RETURNED
411,2253,216,2025-05-27,2025-06-10,,0,ISSUED
412,125,1531,2024-03-16,2024-03-30,2024-04-01,10,RETURNED
413,2704,962,2025-06-12,2025-06-26,,0,ISSUED
414,2261,700,2023-05-10,2023-05-24,2023-05-30,30,RETURNED
415,1291,1415,2025-11-05,2025-11-19,2025-11-21,10,RETURNED
416,1302,27,2025-05-06,2025-05-20,2025-05-15,0,RETURNED
417,2634,1524,2024-03-06,2024-03-20,2024-03-16,0,RETURNED
418,865,1419,2025-12-08,2025-12-22,2025-12-23,5,RETURNED
419,2105,1805,2025-01-04,2025-01-18,2025-01-27,45,RETURNED
420,2457,1332,2023-04-25,2023-05-09,2023-05-19,50,RETURNED
421,2596,266,2025-11-04,2025-11-18,2025-11-15,0,RETURNED
422,2950,3,2024-08-19,2024-09-02,2024-09-01,0,RETURNED
423,2088,1362,2024-09-07,2024-09-21,2024-09-22,5,RETURNED
424,1377,1589,2025-11-24,2025-12-08,2025-12-13,25,RETURNED
425,1149,1110,2023-08-19,2023-09-02,2023-09-04,10,RETURNED
426,735,1046,2024-01-12,2024-01-26,2024-02-05,50,RETURNED
427,2215,435,2023-11-16,2023-11-30,2023-11-30,0,RETURNED
428,2767,370,2025-08-22,2025-09-05,2025-09-14,45,RETURNED
429,345,232,2025-01-08,2025-01-22,2025-01-21,0,RETURNED
430,925,1839,2024-02-14,2024-02-28,2024-03-06,35,RETURNED
431,1518,1677,2023-11-24,2023-12-08,2023-12-14,30,RETURNED
432,2015,710,2025-05-18,2025-06-01,2025-06-11,50,RETURNED
433,1491,1931,2024-10-27,2024-11-10,2024-11-11,5,RETURNED
434,148,1120,2025-03-23,2025-04-06,2025-04-02,0,RETURNED
435,1311,1150,2023-04-27,2023-05-11,2023-05-20,45,RETURNED
436,2879,797,2023-05-16,2023-05-30,2023-06-06,35,RETURNED
437,2999,1490,2024-10-26,2024-11-09,2024-11-13,20,RETURNED
438,126,1975,2024-04-18,2024-05-02,2024-05-01,0,RETURNED
439,2105,711,2025-02-01,2025-02-15,2025-02-19,20,RETURNED
440,2762,1648,2024-02-11,2024-02-25,2024-02-26,5,RETURNED
441,1736,277,2025-12-27,2026-01-10,,0,ISSUED
442,1229,379,2024-10-08,2024-10-22,2024-10-17,0,RETURNED
443,18,166,2025-03-28,2025-04-11,2025-04-06,0,RETURNED
444,2454,836,2025-06-29,2025-07-13,2025-07-22,45,RETURNED
445,214,504,2024-06-17,2024-07-01,2024-07-03,10,RETURNED
446,311,502,2023-06-26,2023-07-10,,0,OVERDUE
447,2703,1297,2023-07-12,2023-07-26,2023-08-01,30,RETURNED
448,1793,1027,2025-01-03,2025-01-17,2025-01-17,0,RETURNED
449,713,996,2025-02-27,2025-03-13,2025-03-18,25,RETURNED
450,2255,1060,2023-07-27,2023-08-10,,0,OVERDUE
451,2667,1572,2025-06-20,2025-07-04,2025-07-10,30,RETURNED
452,2206,694,2024-02-11,2024-02-25,,0,OVERDUE
453,2922,396,2025-02-07,2025-02-21,2025-03-02,45,RETURNED
454,2788,225,2024-05-28,2024-06-11,2024-06-16,25,RETURNED
455,2208,1779,2024-12-27,2025-01-10,,0,OVERDUE
456,1204,820,2023-06-16,2023-06-30,2023-06-25,0,RETURNED
457,2757,678,2024-07-12,2024-07-26,2024-08-03,40,RETURNED
458,2228,356,2023-09-10,2023-09-24,2023-09-27,15,RETURNED
459,2559,1585,2024-10-02,2024-10-16,2024-10-13,0,RETURNED
460,400,335,2024-11-19,2024-12-03,2024-12-01,0,RETURNED
461,2627,966,2024-12-18,2025-01-01,2025-01-10,45,RETURNED
462,2008,581,2025-02-21,2025-03-07,,0,ISSUED
463,2199,321,2023-01-11,2023-01-25,2023-01-29,20,RETURNED
464,1832,950,2024-05-08,2024-05-22,2024-05-25,15,RETURNED
465,2177,853,2025-08-26,2025-09-09,2025-09-08,0,RETURNED
466,642,1411,2025-06-06,2025-06-20,2025-06-21,5,RETURNED
467,245,1086,2025-08-16,2025-08-30,2025-09-05,30,RETURNED
468,1757,243,2023-04-11,2023-04-25,2023-05-03,40,RETURNED
469,2716,1818,2025-05-27,2025-06-10,2025-06-20,50,RETURNED
470,2735,1980,2025-04-14,2025-04-28,2025-04-27,0,RETURNED
471,1389,1432,2025-05-23,2025-06-06,2025-06-06,0,RETURNED
472,277,676,2023-12-07,2023-12-21,2023-12-31,50,RETURNED
473,2820,1902,2024-04-13,2024-04-27,2024-04-30,15,RETURNED
474,2987,1364,2024-09-30,2024-10-14,2024-10-24,50,RETURNED
475,2557,1804,2023-11-22,2023-12-06,2023-12-04,0,RETURNED
476,138,7,2025-08-25,2025-09-08,2025-09-04,0,RETURNED
477,424,1850,2024-03-12,2024-03-26,,0,ISSUED
478,986,1428,2025-10-14,2025-10-28,2025-10-29,5,RETURNED
479,871,588,2025-03-27,2025-04-10,2025-04-16,30,RETURNED
480,341,837,2023-10-20,2023-11-03,,0,ISSUED
481,727,74,2025-02-07,2025-02-21,,0,ISSUED
482,2397,1685,2023-02-01,2023-02-15,,0,OVERDUE
483,1891,30,2025-02-11,2025-02-25,2025-02-26,5,RETURNED
484,21,1704,2025-05-26,2025-06-09,2025-06-10,5,RETURNED
485,2241,1936,2025-06-24,2025-07-08,2025-07-05,0,RETURNED
486,1095,1082,2023-07-29,2023-08-12,2023-08-22,50,RETURNED
487,2003,1122,2024-01-12,2024-01-26,2024-01-25,0,RETURNED
488,592,929,2024-09-07,2024-09-21,2024-09-21,0,RETURNED
489,2195,1191,2023-11-09,2023-11-23,,0,OVERDUE
490,1835,540,2025-09-20,2025-10-04,2025-10-13,45,RETURNED
491,1805,540,2023-04-01,2023-04-15,2023-04-24,45,RETURNED
492,1932,721,2023-05-24,2023-06-07,2023-06-06,0,RETURNED
493,1013,350,2023-11-25,2023-12-09,2023-12-08,0,RETURNED
494,1054,1987,2025-08-26,2025-09-09,2025-09-14,25,RETURNED
495,2435,474,2025-11-30,2025-12-14,2025-12-20,30,RETURNED
496,2593,99,2024-07-08,2024-07-22,,0,ISSUED
497,1137,1884,2025-10-14,2025-10-28,,0,ISSUED
498,1363,1703,2025-03-31,2025-04-14,2025-04-12,0,RETURNED
499,1373,1647,2024-09-20,2024-10-04,2024-10-01,0,RETURNED
500,1137,301,2025-08-21,2025-09-04,2025-09-13,45,RETURNED
501,2362,859,2025-07-30,2025-08-13,2025-08-10,0,RETURNED
502,518,1401,2024-12-02,2024-12-16,2024-12-17,5,RETURNED
503,1324,1010,2025-03-15,2025-03-29,,0,OVERDUE
504,1199,1260,2024-07-12,2024-07-26,2024-07-29,15,RETURNED
505,504,277,2025-06-22,2025-07-06,2025-07-03,0,RETURNED
506,2740,1310,2024-07-28,2024-08-11,2024-08-17,30,RETURNED
507,2911,260,2023-03-16,2023-03-30,2023-04-05,30,RETURNED
508,971,1294,2024-07-23,2024-08-06,2024-08-10,20,RETURNED
509,1548,1040,2025-09-04,2025-09-18,2025-09-24,30,RETURNED
510,1852,795,2025-01-27,2025-02-10,2025-02-07,0,RETURNED
511,891,820,2023-10-19,2023-11-02,2023-11-09,35,RETURNED
512,2642,1420,2025-06-21,2025-07-05,2025-07-11,30,RETURNED
513,115,1712,2025-04-08,2025-04-22,2025-04-19,0,RETURNED
514,1554,55,2025-03-18,2025-04-01,,0,ISSUED
515,1158,290,2024-07-13,2024-07-27,2024-08-06,50,RETURNED
516,1311,339,2023-04-25,2023-05-09,2023-05-09,0,RETURNED
517,921,925,2023-06-17,2023-07-01,2023-06-30,0,RETURNED
518,2612,1128,2023-06-08,2023-06-22,2023-06-21,0,RETURNED
519,2743,264,2023-12-21,2024-01-04,2024-01-02,0,RETURNED
520,329,1945,2025-08-17,2025-08-31,2025-08-27,0,RETURNED
521,627,1353,2024-01-28,2024-02-11,,0,OVERDUE
522,7,87,2023-01-19,2023-02-02,2023-02-07,25,RETURNED
523,2089,591,2024-04-14,2024-04-28,,0,OVERDUE
524,1624,835,2024-12-07,2024-12-21,2024-12-16,0,RETURNED
525,1564,1256,2023-06-20,2023-07-04,2023-07-04,0,RETURNED
526,7,550,2025-02-25,2025-03-11,2025-03-14,15,RETURNED
527,1986,824,2025-12-21,2026-01-04,2026-01-12,40,RETURNED
528,1905,717,2024-06-04,2024-06-18,,0,OVERDUE
529,382,1206,2024-08-13,2024-08-27,2024-08-25,0,RETURNED
530,1860,650,2025-02-19,2025-03-05,2025-03-13,40,RETURNED
531,2397,233,2024-05-27,2024-06-10,2024-06-09,0,RETURNED
532,1271,650,2025-11-30,2025-12-14,2025-12-18,20,RETURNED
533,1939,123,2023-02-26,2023-03-12,2023-03-19,35,RETURNED
534,238,1509,2025-08-28,2025-09-11,,0,ISSUED
535,1845,380,2025-05-10,2025-05-24,,0,OVERDUE
536,427,1085,2023-11-28,2023-12-12,2023-12-07,0,RETURNED
537,1722,57,2025-07-01,2025-07-15,2025-07-13,0,RETURNED
538,97,1603,2023-08-16,2023-08-30,,0,OVERDUE
539,2233,377,2024-09-14,2024-09-28,2024-09-30,10,RETURNED
540,821,1957,2025-02-04,2025-02-18,2025-02-24,30,RETURNED
541,1367,740,2023-11-01,2023-11-15,2023-11-23,40,RETURNED
542,2851,1904,2023-04-13,2023-04-27,2023-05-07,50,RETURNED
543,1273,1611,2025-08-02,2025-08-16,,0,ISSUED
544,1496,188,2024-02-26,2024-03-11,2024-03-16,25,RETURNED
545,889,749,2023-04-17,2023-05-01,2023-05-05,20,RETURNED
546,1636,1886,2024-04-16,2024-04-30,2024-05-02,10,RETURNED
547,1805,1814,2025-10-24,2025-11-07,2025-11-17,50,RETURNED
548,318,258,2024-03-20,2024-04-03,2024-04-07,20,RETURNED
549,640,420,2023-02-02,2023-02-16,2023-02-15,0,RETURNED
550,1834,141,2023-10-18,2023-11-01,2023-11-03,10,RETURNED
551,1258,1492,2025-07-31,2025-08-14,2025-08-12,0,RETURNED
552,2754,861,2024-05-15,2024-05-29,2024-06-02,20,RETURNED
553,1456,1565,2023-04-13,2023-04-27,2023-05-04,35,RETURNED
554,2379,367,2024-09-07,2024-09-21,2024-09-16,0,RETURNED
555,1611,1843,2025-09-17,2025-10-01,2025-09-28,0,RETURNED
556,1678,351,2024-07-16,2024-07-30,2024-08-09,50,RETURNED
557,438,1455,2025-12-17,2025-12-31,2026-01-10,50,RETURNED
558,2871,754,2025-10-10,2025-10-24,2025-10-28,20,RETURNED
559,1196,1943,2023-06-10,2023-06-24,,0,ISSUED
560,1325,1116,2023-03-29,2023-04-12,2023-04-12,0,RETURNED
561,1586,1310,2023-11-01,2023-11-15,2023-11-22,35,RETURNED
562,1974,343,2025-05-09,2025-05-23,2025-05-23,0,RETURNED
563,2248,946,2023-09-02,2023-09-16,2023-09-14,0,RETURNED
564,436,1042,2023-02-04,2023-02-18,2023-02-27,45,RETURNED
565,582,1259,2024-11-26,2024-12-10,2024-12-06,0,RETURNED
566,2319,439,2025-09-29,2025-10-13,,0,OVERDUE
567,2614,382,2025-01-24,2025-02-07,2025-02-06,0,RETURNED
568,876,970,2023-07-23,2023-08-06,2023-08-04,0,RETURNED
569,2929,770,2023-10-26,2023-11-09,,0,OVERDUE
570,1974,102,2024-03-08,2024-03-22,,0,ISSUED
571,1998,1736,2025-12-11,2025-12-25,2026-01-04,50,RETURNED
572,937,1864,2023-12-03,2023-12-17,,0,OVERDUE
573,1714,178,2023-11-14,2023-11-28,,0,ISSUED
574,1345,574,2023-08-22,2023-09-05,2023-09-01,0,RETURNED
575,540,565,2024-08-22,2024-09-05,2024-09-03,0,RETURNED
576,116,635,2025-02-12,2025-02-26,2025-02-23,0,RETURNED
577,1876,1077,2025-10-13,2025-10-27,2025-10-22,0,RETURNED
578,772,992,2024-06-24,2024-07-08,2024-07-18,50,RETURNED
579,2909,303,2025-05-22,2025-06-05,2025-06-04,0,RETURNED
580,2474,1188,2024-02-25,2024-03-10,2024-03-18,40,RETURNED
581,2889,524,2025-08-24,2025-09-07,2025-09-09,10,RETURNED
582,2770,1597,2023-03-18,2023-04-01,2023-04-04,15,RETURNED
583,2585,1072,2024-11-02,2024-11-16,2024-11-20,20,RETURNED
584,190,1884,2024-09-22,2024-10-06,2024-10-12,30,RETURNED
585,28,1002,2023-04-03,2023-04-17,,0,ISSUED
586,2407,781,2023-07-24,2023-08-07,,0,OVERDUE
587,1484,955,2024-04-17,2024-05-01,2024-04-29,0,RETURNED
588,946,1823,2023-03-30,2023-04-13,2023-04-17,20,RETURNED
589,83,65,2024-06-23,2024-07-07,2024-07-03,0,RETURNED
590,1420,532,2023-01-29,2023-02-12,2023-02-21,45,RETURNED
591,957,160,2023-08-28,2023-09-11,,0,OVERDUE
592,1180,622,2025-03-03,2025-03-17,2025-03-15,0,RETURNED
593,879,1789,2023-04-22,2023-05-06,,0,ISSUED
594,31,1438,2023-02-27,2023-03-13,2023-03-17,20,RETURNED
595,1984,1106,2025-12-19,2026-01-02,,0,OVERDUE
596,457,1538,2025-08-08,2025-08-22,,0,OVERDUE
597,1143,1355,2025-12-10,2025-12-24,2025-12-20,0,RETURNED
598,1428,1695,2025-05-08,2025-05-22,2025-05-23,5,RETURNED
599,869,539,2024-02-07,2024-02-21,2024-02-18,0,RETURNED
600,2208,53,2023-01-29,2023-02-12,,0,ISSUED
601,1371,605,2025-04-20,2025-05-04,2025-05-03,0,RETURNED
602,2269,1883,2023-05-23,2023-06-06,2023-06-08,10,RETURNED
603,2423,1010,2024-02-26,2024-03-11,,0,OVERDUE
604,1539,490,2023-07-29,2023-08-12,2023-08-19,35,RETURNED
605,2432,1373,2024-04-13,2024-04-27,,0,ISSUED
606,2204,1402,2024-03-31,2024-04-14,2024-04-20,30,RETURNED
607,448,1374,2024-10-25,2024-11-08,2024-11-17,45,RETURNED
608,1403,276,2025-08-23,2025-09-06,,0,ISSUED
609,834,455,2023-03-13,2023-03-27,2023-03-27,0,RETURNED
610,1437,608,2023-02-07,2023-02-21,2023-02-26,25,RETURNED
611,62,1694,2023-09-24,2023-10-08,2023-10-18,50,RETURNED
612,2690,1375,2023-06-24,2023-07-08,2023-07-05,0,RETURNED
613,2488,1598,2023-02-15,2023-03-01,2023-03-11,50,RETURNED
614,13,1322,2024-12-02,2024-12-16,,0,OVERDUE
615,312,1601,2023-02-02,2023-02-16,2023-02-18,10,RETURNED
616,511,316,2025-01-16,2025-01-30,2025-02-03,20,RETURNED
617,813,475,2024-07-06,2024-07-20,2024-07-15,0,RETURNED
618,641,1197,2023-04-14,2023-04-28,2023-05-04,30,RETURNED
619,1820,218,2024-12-10,2024-12-24,2024-12-21,0,RETURNED
620,2961,1864,2024-05-24,2024-06-07,2024-06-02,0,RETURNED
621,698,743,2023-08-21,2023-09-04,2023-09-02,0,RETURNED
622,570,755,2024-02-23,2024-03-08,2024-03-07,0,RETURNED
623,2319,645,2023-06-24,2023-07-08,2023-07-07,0,RETURNED
624,1989,343,2024-07-15,2024-07-29,2024-08-03,25,RETURNED
625,73,1231,2023-11-27,2023-12-11,2023-12-21,50,RETURNED
626,24,679,2025-02-09,2025-02-23,2025-02-18,0,RETURNED
627,2457,1439,2024-09-14,2024-09-28,,0,ISSUED
628,2617,1047,2025-05-23,2025-06-06,2025-06-07,5,RETURNED
629,715,534,2023-06-29,2023-07-13,2023-07-23,50,RETURNED
630,475,1133,2025-04-20,2025-05-04,,0,ISSUED
631,2658,372,2023-08-26,2023-09-09,2023-09-15,30,RETURNED
632,863,367,2024-07-25,2024-08-08,,0,ISSUED
633,2795,1501,2024-01-15,2024-01-29,,0,OVERDUE
634,2933,456,2025-06-15,2025-06-29,2025-07-09,50,RETURNED
635,1388,316,2023-02-02,2023-02-16,2023-02-15,0,RETURNED
636,1516,1709,2024-11-30,2024-12-14,,0,ISSUED
637,2924,889,2024-09-08,2024-09-22,2024-09-20,0,RETURNED
638,2242,1675,2025-07-19,2025-08-02,,0,ISSUED
639,909,1753,2025-04-23,2025-05-07,2025-05-04,0,RETURNED
640,2597,202,2025-06-13,2025-06-27,,0,OVERDUE
641,536,1794,2023-11-21,2023-12-05,2023-12-13,40,RETURNED
642,2971,1478,2025-09-17,2025-10-01,2025-09-27,0,RETURNED
643,1557,1609,2023-04-19,2023-05-03,2023-05-09,30,RETURNED
644,2401,1280,2024-04-26,2024-05-10,2024-05-05,0,RETURNED
645,2695,927,2025-08-08,2025-08-22,2025-08-23,5,RETURNED
646,2294,183,2024-12-04,2024-12-18,2024-12-15,0,RETURNED
647,2471,287,2025-10-31,2025-11-14,2025-11-20,30,RETURNED
648,1212,1904,2025-04-27,2025-05-11,2025-05-13,10,RETURNED
649,541,1437,2023-01-03,2023-01-17,2023-01-14,0,RETURNED
650,1890,1499,2024-12-12,2024-12-26,2024-12-26,0,RETURNED
651,492,837,2024-08-04,2024-08-18,,0,ISSUED
652,2270,1869,2025-09-19,2025-10-03,,0,ISSUED
653,1236,1531,2025-09-13,2025-09-27,,0,ISSUED
654,2109,861,2023-05-15,2023-05-29,2023-06-08,50,RETURNED
655,520,811,2024-06-17,2024-07-01,2024-06-28,0,RETURNED
656,1911,1075,2025-11-15,2025-11-29,,0,OVERDUE
657,2623,498,2023-09-28,2023-10-12,2023-10-12,0,RETURNED
658,765,1013,2025-07-27,2025-08-10,2025-08-11,5,RETURNED
659,1223,878,2024-06-07,2024-06-21,,0,ISSUED
660,1411,14,2024-02-04,2024-02-18,2024-02-13,0,RETURNED
661,833,824,2025-12-21,2026-01-04,2026-01-14,50,RETURNED
662,1270,1489,2025-01-11,2025-01-25,2025-02-01,35,RETURNED
663,1427,1432,2024-12-11,2024-12-25,2025-01-04,50,RETURNED
664,992,1485,2025-07-14,2025-07-28,2025-08-07,50,RETURNED
665,873,56,2023-05-24,2023-06-07,2023-06-05,0,RETURNED
666,155,1381,2024-03-05,2024-03-19,2024-03-25,30,RETURNED
667,2098,704,2025-05-25,2025-06-08,2025-06-06,0,RETURNED
668,760,691,2024-06-09,2024-06-23,2024-07-03,50,RETURNED
669,2061,1174,2023-04-27,2023-05-11,,0,OVERDUE
670,170,313,2025-08-13,2025-08-27,,0,OVERDUE
671,2412,1972,2024-06-25,2024-07-09,2024-07-11,10,RETURNED
672,791,792,2025-08-24,2025-09-07,,0,ISSUED
673,2957,1733,2024-08-17,2024-08-31,,0,ISSUED
674,817,780,2025-08-04,2025-08-18,2025-08-21,15,RETURNED
675,967,1188,2023-12-22,2024-01-05,,0,ISSUED
676,2586,83,2023-08-27,2023-09-10,2023-09-12,10,RETURNED
677,1723,1586,2025-07-26,2025-08-09,,0,OVERDUE
678,2597,1265,2023-07-29,2023-08-12,2023-08-19,35,RETURNED
679,2635,144,2025-06-15,2025-06-29,2025-06-29,0,RETURNED
680,2463,1847,2023-01-11,2023-01-25,2023-02-04,50,RETURNED
681,1313,1714,2024-10-27,2024-11-10,2024-11-15,25,RETURNED
682,425,109,2023-03-29,2023-04-12,2023-04-07,0,RETURNED
683,1821,331,2024-12-31,2025-01-14,2025-01-22,40,RETURNED
684,2014,1774,2023-03-02,2023-03-16,2023-03-21,25,RETURNED
685,977,850,2024-12-16,2024-12-30,2025-01-03,20,RETURNED
686,2413,1363,2025-08-22,2025-09-05,2025-09-10,25,RETURNED
687,2272,1858,2025-10-03,2025-10-17,2025-10-12,0,RETURNED
688,2419,1644,2025-01-11,2025-01-25,,0,OVERDUE
689,1990,130,2024-08-23,2024-09-06,,0,OVERDUE
690,1364,331,2025-12-21,2026-01-04,2026-01-07,15,RETURNED
691,2137,809,2023-10-29,2023-11-12,2023-11-18,30,RETURNED
692,1783,554,2023-10-10,2023-10-24,2023-10-28,20,RETURNED
693,239,799,2023-03-29,2023-04-12,2023-04-19,35,RETURNED
694,1072,1961,2025-04-12,2025-04-26,2025-04-27,5,RETURNED
695,1859,1824,2024-03-31,2024-04-14,2024-04-19,25,RETURNED
696,1234,419,2023-08-24,2023-09-07,2023-09-13,30,RETURNED
697,1042,727,2025-09-14,2025-09-28,2025-09-23,0,RETURNED
698,2938,1187,2025-12-31,2026-01-14,,0,OVERDUE
699,1963,305,2023-12-30,2024-01-13,2024-01-08,0,RETURNED
700,784,1863,2024-01-22,2024-02-05,2024-02-01,0,RETURNED
701,2690,1286,2024-10-22,2024-11-05,2024-11-02,0,RETURNED
702,1902,1944,2025-11-24,2025-12-08,,0,ISSUED
703,2891,1578,2024-07-04,2024-07-18,2024-07-14,0,RETURNED
704,1118,1033,2025-07-22,2025-08-05,2025-08-02,0,RETURNED
705,2516,398,2023-07-16,2023-07-30,2023-08-02,15,RETURNED
706,2747,46,2023-08-17,2023-08-31,2023-08-28,0,RETURNED
707,1976,841,2025-12-03,2025-12-17,2025-12-27,50,RETURNED
708,1750,1349,2023-08-03,2023-08-17,2023-08-25,40,RETURNED
709,794,1727,2025-05-06,2025-05-20,,0,OVERDUE
710,236,20,2023-06-07,2023-06-21,2023-06-18,0,RETURNED
711,1192,1013,2024-05-01,2024-05-15,2024-05-23,40,RETURNED
712,1007,1073,2023-11-08,2023-11-22,2023-11-29,35,RETURNED
713,1664,921,2023-01-04,2023-01-18,2023-01-26,40,RETURNED
714,2336,1576,2025-01-14,2025-01-28,2025-01-24,0,RETURNED
715,1493,1042,2025-04-26,2025-05-10,2025-05-08,0,RETURNED
716,517,646,2024-10-04,2024-10-18,2024-10-18,0,RETURNED
717,2123,26,2025-07-17,2025-07-31,2025-07-26,0,RETURNED
718,2175,593,2023-11-05,2023-11-19,2023-11-21,10,RETURNED
719,1736,1594,2025-06-15,2025-06-29,2025-07-09,50,RETURNED
720,2045,1485,2024-06-14,2024-06-28,2024-07-08,50,RETURNED
721,1581,1108,2025-03-28,2025-04-11,2025-04-20,45,RETURNED
722,2748,1128,2025-01-10,2025-01-24,2025-01-21,0,RETURNED
723,926,1907,2025-10-05,2025-10-19,2025-10-16,0,RETURNED
724,1690,1342,2025-06-11,2025-06-25,2025-07-01,30,RETURNED
725,467,589,2024-03-16,2024-03-30,2024-04-01,10,RETURNED
726,1332,741,2023-01-18,2023-02-01,2023-01-31,0,RETURNED
727,1695,1633,2024-10-04,2024-10-18,2024-10-22,20,RETURNED
728,2909,69,2024-04-22,2024-05-06,2024-05-04,0,RETURNED
729,1796,106,2024-03-27,2024-04-10,2024-04-17,35,RETURNED
730,892,1150,2023-01-17,2023-01-31,2023-01-27,0,RETURNED
731,675,659,2024-07-24,2024-08-07,2024-08-05,0,RETURNED
732,341,27,2025-02-04,2025-02-18,2025-02-15,0,RETURNED
733,1095,1575,2023-05-13,2023-05-27,2023-05-23,0,RETURNED
734,2324,1649,2024-10-25,2024-11-08,2024-11-17,45,RETURNED
735,376,1531,2023-04-27,2023-05-11,,0,OVERDUE
736,901,1744,2025-07-05,2025-07-19,2025-07-28,45,RETURNED
737,1101,1660,2024-05-30,2024-06-13,2024-06-20,35,RETURNED
738,1953,1760,2025-02-16,2025-03-02,,0,ISSUED
739,1843,1365,2023-12-03,2023-12-17,2023-12-19,10,RETURNED
740,929,1627,2024-06-10,2024-06-24,2024-06-21,0,RETURNED
741,2058,1320,2023-04-15,2023-04-29,2023-04-29,0,RETURNED
742,2322,1970,2023-08-05,2023-08-19,,0,ISSUED
743,2661,1297,2024-12-31,2025-01-14,2025-01-14,0,RETURNED
744,876,762,2024-11-09,2024-11-23,2024-11-20,0,RETURNED
745,990,760,2023-06-05,2023-06-19,2023-06-28,45,RETURNED
746,2949,1065,2025-01-21,2025-02-04,2025-02-01,0,RETURNED
747,457,1718,2023-09-19,2023-10-03,2023-09-28,0,RETURNED
748,531,1431,2025-08-03,2025-08-17,2025-08-16,0,RETURNED
749,2154,331,2023-11-13,2023-11-27,2023-12-05,40,RETURNED
750,2329,819,2025-03-31,2025-04-14,2025-04-21,35,RETURNED
751,436,1607,2025-04-28,2025-05-12,,0,OVERDUE
752,2176,30,2023-07-29,2023-08-12,2023-08-12,0,RETURNED
753,2828,1316,2024-03-18,2024-04-01,2024-03-28,0,RETURNED
754,2278,42,2024-01-15,2024-01-29,,0,OVERDUE
755,2046,335,2025-08-18,2025-09-01,2025-09-04,15,RETURNED
756,1714,1011,2023-07-01,2023-07-15,,0,OVERDUE
757,975,1885,2024-04-26,2024-05-10,2024-05-18,40,RETURNED
758,2480,117,2023-05-04,2023-05-18,2023-05-19,5,RETURNED
759,2245,379,2023-08-13,2023-08-27,2023-08-24,0,RETURNED
760,577,877,2024-03-12,2024-03-26,,0,OVERDUE
761,674,641,2023-04-29,2023-05-13,2023-05-09,0,RETURNED
762,1547,1918,2024-02-17,2024-03-02,,0,ISSUED
763,261,51,2024-09-03,2024-09-17,2024-09-24,35,RETURNED
764,257,440,2025-04-15,2025-04-29,,0,OVERDUE
765,839,1261,2025-05-02,2025-05-16,2025-05-13,0,RETURNED
766,1250,1510,2023-12-31,2024-01-14,2024-01-23,45,RETURNED
767,2303,1602,2024-09-09,2024-09-23,,0,OVERDUE
768,354,304,2025-08-14,2025-08-28,2025-08-29,5,RETURNED
769,2718,1866,2025-08-03,2025-08-17,,0,ISSUED
770,2589,492,2023-12-16,2023-12-30,2023-12-26,0,RETURNED
771,2816,812,2024-07-05,2024-07-19,2024-07-22,15,RETURNED
772,691,1116,2025-08-07,2025-08-21,2025-08-23,10,RETURNED
773,2812,597,2025-05-25,2025-06-08,2025-06-08,0,RETURNED
774,2413,583,2024-12-24,2025-01-07,2025-01-08,5,RETURNED
775,383,940,2025-06-24,2025-07-08,2025-07-07,0,RETURNED
776,2952,1962,2025-12-23,2026-01-06,2026-01-09,15,RETURNED
777,1187,1544,2025-11-20,2025-12-04,2025-12-11,35,RETURNED
778,628,1638,2024-07-03,2024-07-17,2024-07-14,0,RETURNED
779,1319,1425,2024-05-27,2024-06-10,2024-06-14,20,RETURNED
780,2361,724,2023-09-20,2023-10-04,2023-10-05,5,RETURNED
781,943,1827,2023-12-25,2024-01-08,2024-01-15,35,RETURNED
782,2975,1807,2025-01-28,2025-02-11,2025-02-06,0,RETURNED
783,2738,1539,2025-05-18,2025-06-01,2025-06-06,25,RETURNED
784,1564,748,2025-01-01,2025-01-15,2025-01-22,35,RETURNED
785,1812,1126,2024-08-21,2024-09-04,2024-09-13,45,RETURNED
786,1553,811,2023-05-11,2023-05-25,2023-05-20,0,RETURNED
787,2968,1798,2023-05-21,2023-06-04,2023-05-31,0,RETURNED
788,1882,474,2024-03-17,2024-03-31,2024-04-01,5,RETURNED
789,1137,1242,2024-09-13,2024-09-27,,0,ISSUED
790,954,179,2025-03-17,2025-03-31,2025-03-31,0,RETURNED
791,7,1085,2025-02-01,2025-02-15,2025-02-19,20,RETURNED
792,1387,1566,2025-05-31,2025-06-14,2025-06-10,0,RETURNED
793,896,1089,2025-12-11,2025-12-25,,0,OVERDUE
794,2676,442,2025-03-08,2025-03-22,2025-03-17,0,RETURNED
795,2282,1058,2024-03-31,2024-04-14,,0,ISSUED
796,2502,746,2025-08-15,2025-08-29,2025-08-29,0,RETURNED
797,2848,1442,2024-08-19,2024-09-02,,0,ISSUED
798,1925,407,2025-03-08,2025-03-22,,0,OVERDUE
799,1821,1577,2023-04-20,2023-05-04,2023-05-06,10,RETURNED
800,123,621,2024-03-24,2024-04-07,2024-04-13,30,RETURNED
801,2181,1678,2023-03-05,2023-03-19,2023-03-21,10,RETURNED
802,2557,312,2024-05-23,2024-06-06,2024-06-09,15,RETURNED
803,2883,239,2023-10-11,2023-10-25,2023-10-23,0,RETURNED
804,1626,615,2024-10-22,2024-11-05,,0,ISSUED
805,561,586,2025-03-24,2025-04-07,,0,ISSUED
806,2599,1960,2025-08-27,2025-09-10,2025-09-11,5,RETURNED
807,64,1348,2025-06-03,2025-06-17,2025-06-12,0,RETURNED
808,1452,1536,2025-07-21,2025-08-04,2025-08-03,0,RETURNED
809,451,1210,2025-07-02,2025-07-16,2025-07-11,0,RETURNED
810,1866,1730,2024-08-05,2024-08-19,,0,OVERDUE
811,1808,573,2024-01-21,2024-02-04,2024-02-02,0,RETURNED
812,2191,962,2024-02-28,2024-03-13,2024-03-11,0,RETURNED
813,2563,1885,2025-09-18,2025-10-02,2025-10-04,10,RETURNED
814,2391,1944,2025-04-06,2025-04-20,2025-04-20,0,RETURNED
815,417,1612,2025-07-16,2025-07-30,2025-08-07,40,RETURNED
816,2129,1709,2024-06-05,2024-06-19,2024-06-26,35,RETURNED
817,2228,1003,2025-09-18,2025-10-02,2025-10-11,45,RETURNED
818,143,580,2023-05-25,2023-06-08,2023-06-05,0,RETURNED
819,2736,924,2025-04-24,2025-05-08,2025-05-06,0,RETURNED
820,587,1468,2023-07-14,2023-07-28,2023-07-28,0,RETURNED
821,1658,17,2024-01-14,2024-01-28,2024-01-30,10,RETURNED
822,2872,1078,2023-10-10,2023-10-24,2023-11-01,40,RETURNED
823,2083,76,2024-06-05,2024-06-19,2024-06-14,0,RETURNED
824,1872,601,2024-02-27,2024-03-12,2024-03-18,30,RETURNED
825,593,1790,2023-12-21,2024-01-04,,0,ISSUED
826,2966,1704,2023-01-27,2023-02-10,2023-02-13,15,RETURNED
827,2184,848,2025-10-23,2025-11-06,2025-11-05,0,RETURNED
828,2190,1118,2024-01-26,2024-02-09,,0,OVERDUE
829,276,1354,2023-08-18,2023-09-01,2023-09-08,35,RETURNED
830,806,1867,2024-10-17,2024-10-31,2024-11-02,10,RETURNED
831,1489,832,2025-02-20,2025-03-06,2025-03-13,35,RETURNED
832,1995,302,2024-07-05,2024-07-19,,0,ISSUED
833,1182,148,2025-10-29,2025-11-12,,0,ISSUED
834,2833,848,2024-11-20,2024-12-04,2024-12-07,15,RETURNED
835,253,1929,2023-08-16,2023-08-30,,0,OVERDUE
836,463,574,2025-12-16,2025-12-30,2026-01-03,20,RETURNED
837,2057,98,2023-02-06,2023-02-20,2023-02-18,0,RETURNED
838,1519,123,2024-02-06,2024-02-20,2024-02-22,10,RETURNED
839,2840,1760,2024-09-20,2024-10-04,2024-10-02,0,RETURNED
840,2331,367,2023-06-18,2023-07-02,2023-07-06,20,RETURNED
841,1658,1945,2024-07-20,2024-08-03,2024-08-04,5,RETURNED
842,2270,1039,2023-10-10,2023-10-24,2023-10-30,30,RETURNED
843,1894,346,2024-07-27,2024-08-10,2024-08-20,50,RETURNED
844,634,1395,2024-08-12,2024-08-26,2024-09-01,30,RETURNED
845,441,1855,2023-03-25,2023-04-08,2023-04-14,30,RETURNED
846,1185,1691,2025-01-30,2025-02-13,2025-02-11,0,RETURNED
847,1654,1919,2025-12-11,2025-12-25,2025-12-24,0,RETURNED
848,499,1058,2025-11-04,2025-11-18,2025-11-20,10,RETURNED
849,544,1684,2025-07-11,2025-07-25,2025-07-28,15,RETURNED
850,957,739,2025-02-26,2025-03-12,,0,ISSUED
851,2451,708,2025-12-21,2026-01-04,2026-01-11,35,RETURNED
852,1116,994,2023-12-18,2024-01-01,2024-01-03,10,RETURNED
853,1467,1808,2023-11-20,2023-12-04,2023-12-11,35,RETURNED
854,126,1902,2025-01-09,2025-01-23,2025-01-25,10,RETURNED
855,1078,1714,2025-03-26,2025-04-09,2025-04-05,0,RETURNED
856,2887,1767,2024-09-23,2024-10-07,2024-10-08,5,RETURNED
857,2301,1312,2024-08-25,2024-09-08,2024-09-14,30,RETURNED
858,763,1651,2025-10-12,2025-10-26,2025-10-23,0,RETURNED
859,218,419,2025-05-13,2025-05-27,,0,ISSUED
860,2862,962,2023-07-15,2023-07-29,,0,ISSUED
861,1886,1648,2023-09-28,2023-10-12,2023-10-13,5,RETURNED
862,39,1254,2024-02-02,2024-02-16,2024-02-15,0,RETURNED
863,2410,1476,2025-05-19,2025-06-02,2025-05-31,0,RETURNED
864,857,1324,2023-06-01,2023-06-15,2023-06-14,0,RETURNED
865,445,454,2024-12-03,2024-12-17,2024-12-24,35,RETURNED
866,2121,1674,2025-09-17,2025-10-01,2025-10-09,40,RETURNED
867,2193,476,2024-08-25,2024-09-08,2024-09-12,20,RETURNED
868,76,1483,2023-01-20,2023-02-03,2023-02-07,20,RETURNED
869,236,457,2023-01-11,2023-01-25,2023-01-30,25,RETURNED
870,754,1849,2023-09-12,2023-09-26,2023-09-22,0,RETURNED
871,2214,74,2023-07-15,2023-07-29,,0,ISSUED
872,2305,1885,2025-06-03,2025-06-17,,0,ISSUED
873,1549,1507,2025-10-01,2025-10-15,2025-10-20,25,RETURNED
874,352,1544,2025-02-02,2025-02-16,2025-02-18,10,RETURNED
875,674,17,2025-01-20,2025-02-03,2025-01-31,0,RETURNED
876,632,1589,2023-01-24,2023-02-07,2023-02-17,50,RETURNED
877,187,389,2024-07-08,2024-07-22,2024-07-23,5,RETURNED
878,1313,1822,2025-04-22,2025-05-06,2025-05-08,10,RETURNED
879,2479,948,2023-04-16,2023-04-30,,0,ISSUED
880,1253,867,2023-05-09,2023-05-23,2023-05-18,0,RETURNED
881,918,1568,2023-10-26,2023-11-09,,0,ISSUED
882,2234,863,2024-01-15,2024-01-29,2024-02-05,35,RETURNED
883,2552,1094,2025-01-31,2025-02-14,2025-02-22,40,RETURNED
884,2215,1248,2023-12-22,2024-01-05,,0,OVERDUE
885,960,1016,2023-11-23,2023-12-07,2023-12-14,35,RETURNED
886,2229,1554,2025-09-20,2025-10-04,2025-10-13,45,RETURNED
887,2008,1028,2025-02-01,2025-02-15,2025-02-10,0,RETURNED
888,918,593,2025-07-16,2025-07-30,,0,OVERDUE
889,517,1690,2023-02-27,2023-03-13,,0,OVERDUE
890,2110,915,2024-08-13,2024-08-27,2024-08-22,0,RETURNED
891,2367,1238,2023-07-13,2023-07-27,2023-07-31,20,RETURNED
892,2299,1585,2025-09-18,2025-10-02,2025-10-02,0,RETURNED
893,782,1038,2024-12-16,2024-12-30,,0,ISSUED
894,2763,1311,2023-12-21,2024-01-04,2024-01-08,20,RETURNED
895,1351,1432,2023-03-18,2023-04-01,2023-04-07,30,RETURNED
896,476,637,2023-07-31,2023-08-14,2023-08-14,0,RETURNED
897,1590,390,2024-08-22,2024-09-05,2024-09-13,40,RETURNED
898,2289,1284,2025-11-19,2025-12-03,2025-12-13,50,RETURNED
899,281,1133,2023-09-13,2023-09-27,2023-09-25,0,RETURNED
900,187,1557,2024-04-02,2024-04-16,2024-04-16,0,RETURNED
901,1016,392,2025-06-29,2025-07-13,2025-07-08,0,RETURNED
902,397,1270,2024-06-25,2024-07-09,2024-07-13,20,RETURNED
903,2259,1141,2025-01-25,2025-02-08,2025-02-13,25,RETURNED
904,1180,925,2024-03-22,2024-04-05,,0,OVERDUE
905,2891,1581,2025-06-11,2025-06-25,2025-06-23,0,RETURNED
906,982,156,2025-10-25,2025-11-08,2025-11-03,0,RETURNED
907,1142,1675,2025-12-28,2026-01-11,2026-01-17,30,RETURNED
908,2493,1444,2024-05-28,2024-06-11,2024-06-11,0,RETURNED
909,442,772,2023-03-12,2023-03-26,2023-04-03,40,RETURNED
910,607,1752,2025-11-26,2025-12-10,2025-12-11,5,RETURNED
911,1482,1482,2024-11-18,2024-12-02,2024-11-28,0,RETURNED
912,1583,847,2024-11-13,2024-11-27,2024-11-23,0,RETURNED
913,383,1167,2023-02-24,2023-03-10,,0,ISSUED
914,2870,1383,2023-11-23,2023-12-07,2023-12-07,0,RETURNED
915,2921,1290,2023-03-18,2023-04-01,,0,OVERDUE
916,97,1881,2025-08-06,2025-08-20,2025-08-22,10,RETURNED
917,1767,1480,2025-11-28,2025-12-12,2025-12-07,0,RETURNED
918,1676,1525,2024-09-28,2024-10-12,2024-10-10,0,RETURNED
919,398,1806,2025-07-13,2025-07-27,2025-08-02,30,RETURNED
920,841,1314,2024-01-23,2024-02-06,2024-02-04,0,RETURNED
921,1730,1554,2025-06-26,2025-07-10,2025-07-18,40,RETURNED
922,1874,1931,2024-08-27,2024-09-10,,0,OVERDUE
923,1744,97,2025-08-28,2025-09-11,2025-09-17,30,RETURNED
924,883,466,2025-11-23,2025-12-07,2025-12-08,5,RETURNED
925,2644,770,2023-07-28,2023-08-11,2023-08-16,25,RETURNED
926,1835,365,2025-03-14,2025-03-28,2025-03-29,5,RETURNED
927,1895,542,2025-04-04,2025-04-18,,0,ISSUED
928,2496,1932,2025-08-08,2025-08-22,2025-08-27,25,RETURNED
929,1919,53,2025-11-06,2025-11-20,2025-11-29,45,RETURNED
930,2004,1744,2025-07-10,2025-07-24,,0,OVERDUE
931,1055,1231,2023-07-14,2023-07-28,2023-07-30,10,RETURNED
932,432,1584,2024-04-17,2024-05-01,,0,ISSUED
933,1697,1925,2025-07-12,2025-07-26,2025-07-25,0,RETURNED
934,874,1822,2025-06-27,2025-07-11,,0,OVERDUE
935,1254,1005,2025-06-24,2025-07-08,2025-07-14,30,RETURNED
936,2380,1521,2025-07-04,2025-07-18,2025-07-21,15,RETURNED
937,2905,853,2023-09-16,2023-09-30,2023-10-01,5,RETURNED
938,1455,58,2023-06-18,2023-07-02,2023-07-06,20,RETURNED
939,2541,883,2025-10-11,2025-10-25,2025-10-25,0,RETURNED
940,2900,1464,2023-08-28,2023-09-11,2023-09-16,25,RETURNED
941,1042,1018,2025-04-01,2025-04-15,2025-04-14,0,RETURNED
942,2156,1818,2025-08-20,2025-09-03,2025-09-10,35,RETURNED
943,732,1148,2025-02-26,2025-03-12,2025-03-10,0,RETURNED
944,2098,530,2024-08-19,2024-09-02,,0,ISSUED
945,488,1200,2024-09-09,2024-09-23,2024-09-27,20,RETURNED
946,1219,1286,2023-07-23,2023-08-06,2023-08-01,0,RETURNED
947,589,1909,2025-06-16,2025-06-30,,0,OVERDUE
948,859,1504,2024-07-30,2024-08-13,2024-08-13,0,RETURNED
949,2601,125,2023-02-06,2023-02-20,2023-02-24,20,RETURNED
950,1676,843,2023-04-05,2023-04-19,2023-04-22,15,RETURNED
951,20,788,2023-12-24,2024-01-07,2024-01-11,20,RETURNED
952,2525,589,2025-06-22,2025-07-06,,0,ISSUED
953,2616,1366,2023-02-06,2023-02-20,,0,ISSUED
954,2189,709,2024-07-07,2024-07-21,2024-07-30,45,RETURNED
955,1154,1392,2023-08-17,2023-08-31,2023-08-28,0,RETURNED
956,362,784,2023-08-14,2023-08-28,2023-09-02,25,RETURNED
957,1460,1967,2023-03-17,2023-03-31,2023-03-29,0,RETURNED
958,2907,1067,2023-09-14,2023-09-28,2023-09-28,0,RETURNED
959,857,923,2025-04-22,2025-05-06,2025-05-12,30,RETURNED
960,64,1203,2024-12-18,2025-01-01,2025-01-08,35,RETURNED
961,2868,1257,2024-10-12,2024-10-26,,0,OVERDUE
962,108,1262,2024-11-28,2024-12-12,,0,OVERDUE
963,1359,517,2023-02-27,2023-03-13,,0,ISSUED
964,950,1190,2025-10-04,2025-10-18,,0,ISSUED
965,146,590,2025-08-16,2025-08-30,2025-09-05,30,RETURNED
966,2103,1873,2024-09-07,2024-09-21,2024-09-25,20,RETURNED
967,2039,1095,2025-09-13,2025-09-27,2025-09-30,15,RETURNED
968,1374,1973,2024-12-18,2025-01-01,2025-01-05,20,RETURNED
969,1497,1944,2024-09-25,2024-10-09,2024-10-08,0,RETURNED
970,211,389,2024-10-02,2024-10-16,2024-10-24,40,RETURNED
971,2496,1848,2023-06-30,2023-07-14,2023-07-12,0,RETURNED
972,455,626,2025-08-18,2025-09-01,2025-08-31,0,RETURNED
973,2374,1744,2024-01-31,2024-02-14,2024-02-10,0,RETURNED
974,2324,1305,2024-08-07,2024-08-21,2024-08-30,45,RETURNED
975,1146,755,2024-08-26,2024-09-09,2024-09-16,35,RETURNED
976,954,1176,2025-01-07,2025-01-21,2025-01-22,5,RETURNED
977,2039,1056,2023-09-21,2023-10-05,2023-10-10,25,RETURNED
978,908,1466,2024-10-13,2024-10-27,2024-10-23,0,RETURNED
979,2174,27,2025-12-06,2025-12-20,2025-12-25,25,RETURNED
980,1488,1984,2023-06-13,2023-06-27,2023-07-06,45,RETURNED
981,2736,1554,2023-06-14,2023-06-28,,0,OVERDUE
982,131,1170,2023-12-10,2023-12-24,2023-12-28,20,RETURNED
983,1178,1455,2024-01-18,2024-02-01,2024-02-07,30,RETURNED
984,988,518,2024-07-06,2024-07-20,2024-07-28,40,RETURNED
985,1428,1030,2024-12-28,2025-01-11,2025-01-18,35,RETURNED
986,94,1996,2023-06-03,2023-06-17,,0,OVERDUE
987,1988,766,2025-11-05,2025-11-19,2025-11-17,0,RETURNED
988,889,1988,2023-09-09,2023-09-23,2023-10-01,40,RETURNED
989,312,206,2024-10-14,2024-10-28,2024-10-30,10,RETURNED
990,2535,250,2024-11-24,2024-12-08,2024-12-07,0,RETURNED
991,594,1601,2023-05-31,2023-06-14,2023-06-19,25,RETURNED
992,1180,638,2025-06-10,2025-06-24,2025-06-19,0,RETURNED
993,2524,1102,2024-03-29,2024-04-12,2024-04-21,45,RETURNED
994,2149,369,2025-05-10,2025-05-24,2025-05-30,30,RETURNED
995,2547,1481,2023-09-19,2023-10-03,2023-10-06,15,RETURNED
996,471,1086,2023-12-08,2023-12-22,2023-12-27,25,RETURNED
997,2074,1549,2023-04-18,2023-05-02,2023-05-10,40,RETURNED
998,1213,1986,2025-03-31,2025-04-14,2025-04-13,0,RETURNED
999,2723,790,2023-02-05,2023-02-19,2023-02-26,35,RETURNED
1000,1360,433,2024-06-12,2024-06-26,,0,ISSUED
1001,1375,1585,2023-12-18,2024-01-01,2024-01-07,30,RETURNED
1002,602,576,2024-06-02,2024-06-16,2024-06-22,30,RETURNED
1003,467,1825,2023-10-11,2023-10-25,2023-10-23,0,RETURNED
1004,194,892,2023-04-21,2023-05-05,,0,ISSUED
1005,631,1948,2024-12-01,2024-12-15,2024-12-14,0,RETURNED
1006,2182,830,2023-12-26,2024-01-09,2024-01-06,0,RETURNED
1007,1696,907,2024-02-14,2024-02-28,2024-03-03,20,RETURNED
1008,893,1817,2025-05-11,2025-05-25,2025-06-01,35,RETURNED
1009,2741,1431,2023-08-02,2023-08-16,2023-08-23,35,RETURNED
1010,2002,1589,2025-10-16,2025-10-30,,0,OVERDUE
1011,2277,1130,2025-01-05,2025-01-19,2025-01-24,25,RETURNED
1012,1646,1248,2024-09-23,2024-10-07,,0,OVERDUE
1013,2327,1426,2023-11-12,2023-11-26,2023-11-30,20,RETURNED
1014,973,636,2023-02-28,2023-03-14,2023-03-17,15,RETURNED
1015,738,349,2023-10-26,2023-11-09,,0,ISSUED
1016,785,1116,2023-08-28,2023-09-11,2023-09-21,50,RETURNED
1017,1209,1132,2023-02-28,2023-03-14,2023-03-16,10,RETURNED
1018,2095,1632,2023-04-29,2023-05-13,2023-05-16,15,RETURNED
1019,663,162,2025-12-26,2026-01-09,2026-01-18,45,RETURNED
1020,59,1658,2023-07-25,2023-08-08,2023-08-05,0,RETURNED
1021,2157,81,2023-05-11,2023-05-25,2023-05-27,10,RETURNED
1022,385,991,2024-03-30,2024-04-13,2024-04-15,10,RETURNED
1023,890,31,2023-02-22,2023-03-08,2023-03-12,20,RETURNED
1024,541,239,2024-08-07,2024-08-21,2024-08-24,15,RETURNED
1025,1424,326,2024-03-08,2024-03-22,,0,ISSUED
1026,1379,914,2025-08-10,2025-08-24,2025-09-01,40,RETURNED
1027,144,574,2024-09-12,2024-09-26,,0,OVERDUE
1028,2558,303,2024-09-07,2024-09-21,2024-09-28,35,RETURNED
1029,1683,1158,2025-01-11,2025-01-25,,0,OVERDUE
1030,1850,954,2025-03-15,2025-03-29,2025-04-07,45,RETURNED
1031,726,1847,2024-05-06,2024-05-20,2024-05-17,0,RETURNED
1032,2787,56,2025-02-14,2025-02-28,2025-03-10,50,RETURNED
1033,666,97,2025-02-11,2025-02-25,2025-02-20,0,RETURNED
1034,646,996,2023-11-04,2023-11-18,2023-11-22,20,RETURNED
1035,970,1009,2025-11-09,2025-11-23,,0,ISSUED
1036,2616,1269,2025-12-25,2026-01-08,2026-01-09,5,RETURNED
1037,1708,1639,2024-04-16,2024-04-30,2024-04-29,0,RETURNED
1038,2776,152,2024-07-03,2024-07-17,2024-07-23,30,RETURNED
1039,2538,1330,2024-03-13,2024-03-27,2024-03-22,0,RETURNED
1040,2561,377,2025-11-21,2025-12-05,,0,OVERDUE
1041,2003,1790,2024-08-03,2024-08-17,2024-08-19,10,RETURNED
1042,1097,737,2024-06-14,2024-06-28,2024-07-05,35,RETURNED
1043,2845,1330,2024-03-07,2024-03-21,,0,ISSUED
1044,231,31,2023-11-28,2023-12-12,2023-12-17,25,RETURNED
1045,828,58,2024-04-06,2024-04-20,2024-04-18,0,RETURNED
1046,695,559,2023-11-11,2023-11-25,2023-11-22,0,RETURNED
1047,307,249,2025-01-01,2025-01-15,2025-01-19,20,RETURNED
1048,1094,535,2024-11-11,2024-11-25,,0,OVERDUE
1049,1111,677,2024-06-05,2024-06-19,2024-06-15,0,RETURNED
1050,1361,1385,2024-06-12,2024-06-26,2024-06-28,10,RETURNED
1051,1821,1755,2025-03-03,2025-03-17,,0,ISSUED
1052,2575,299,2023-07-27,2023-08-10,,0,OVERDUE
1053,2435,1647,2023-02-18,2023-03-04,2023-03-03,0,RETURNED
1054,1733,535,2023-09-08,2023-09-22,2023-09-17,0,RETURNED
1055,2095,1434,2025-03-30,2025-04-13,2025-04-15,10,RETURNED
1056,2751,40,2023-02-25,2023-03-11,2023-03-18,35,RETURNED
1057,2931,1539,2024-03-15,2024-03-29,2024-03-30,5,RETURNED
1058,894,1460,2024-05-08,2024-05-22,2024-05-23,5,RETURNED
1059,1265,605,2025-03-23,2025-04-06,,0,ISSUED
1060,1321,18,2024-04-14,2024-04-28,2024-04-27,0,RETURNED
1061,739,1335,2023-04-02,2023-04-16,,0,ISSUED
1062,1866,1920,2025-06-15,2025-06-29,2025-07-02,15,RETURNED
1063,1089,1087,2023-12-22,2024-01-05,2024-01-05,0,RETURNED
1064,2818,1224,2025-07-13,2025-07-27,2025-07-23,0,RETURNED
1065,305,1268,2024-08-19,2024-09-02,2024-09-11,45,RETURNED
1066,636,1629,2025-06-18,2025-07-02,2025-07-04,10,RETURNED
1067,1153,547,2025-05-22,2025-06-05,2025-06-13,40,RETURNED
1068,2819,524,2025-03-18,2025-04-01,2025-04-07,30,RETURNED
1069,1543,1612,2023-06-28,2023-07-12,2023-07-22,50,RETURNED
1070,431,1988,2024-02-28,2024-03-13,2024-03-18,25,RETURNED
1071,1195,517,2023-09-06,2023-09-20,,0,OVERDUE
1072,1857,1536,2025-12-10,2025-12-24,2025-12-19,0,RETURNED
1073,886,350,2023-11-29,2023-12-13,2023-12-17,20,RETURNED
1074,172,1756,2024-10-09,2024-10-23,,0,OVERDUE
1075,524,617,2023-06-18,2023-07-02,2023-07-06,20,RETURNED
1076,96,1745,2025-06-12,2025-06-26,2025-06-29,15,RETURNED
1077,2007,1392,2023-12-21,2024-01-04,2024-01-03,0,RETURNED
1078,1583,975,2025-09-09,2025-09-23,2025-10-02,45,RETURNED
1079,1996,1389,2025-04-14,2025-04-28,2025-05-01,15,RETURNED
1080,293,326,2025-05-19,2025-06-02,2025-06-10,40,RETURNED
1081,2855,1303,2025-07-26,2025-08-09,2025-08-05,0,RETURNED
1082,2832,65,2024-09-05,2024-09-19,2024-09-23,20,RETURNED
1083,960,6,2024-06-03,2024-06-17,2024-06-25,40,RETURNED
1084,641,377,2025-11-15,2025-11-29,,0,OVERDUE
1085,600,949,2024-04-17,2024-05-01,,0,OVERDUE
1086,2745,646,2025-03-02,2025-03-16,,0,ISSUED
1087,2853,677,2024-06-10,2024-06-24,2024-06-30,30,RETURNED
1088,1896,1919,2025-10-01,2025-10-15,,0,OVERDUE
1089,1729,520,2025-01-20,2025-02-03,,0,OVERDUE
1090,38,882,2023-01-05,2023-01-19,2023-01-19,0,RETURNED
1091,2400,1829,2023-07-20,2023-08-03,2023-08-03,0,RETURNED
1092,2510,1531,2024-08-12,2024-08-26,2024-08-28,10,RETURNED
1093,1180,1336,2023-06-04,2023-06-18,2023-06-15,0,RETURNED
1094,539,570,2023-11-18,2023-12-02,2023-12-10,40,RETURNED
1095,694,660,2025-11-17,2025-12-01,2025-12-05,20,RETURNED
1096,1850,1337,2024-06-07,2024-06-21,2024-06-29,40,RETURNED
1097,2021,1734,2025-08-30,2025-09-13,2025-09-20,35,RETURNED
1098,381,1653,2023-01-29,2023-02-12,2023-02-13,5,RETURNED
1099,512,1242,2024-06-26,2024-07-10,2024-07-14,20,RETURNED
1100,93,1379,2024-02-11,2024-02-25,,0,OVERDUE
1101,2730,1421,2024-01-27,2024-02-10,2024-02-16,30,RETURNED
1102,864,918,2025-04-06,2025-04-20,2025-04-17,0,RETURNED
1103,2753,1271,2024-02-19,2024-03-04,2024-03-06,10,RETURNED
1104,1256,1681,2024-11-05,2024-11-19,2024-11-27,40,RETURNED
1105,672,1580,2025-03-11,2025-03-25,2025-04-03,45,RETURNED
1106,327,450,2024-10-14,2024-10-28,2024-11-07,50,RETURNED
1107,809,87,2023-07-29,2023-08-12,2023-08-14,10,RETURNED
1108,141,555,2025-04-08,2025-04-22,,0,OVERDUE
1109,926,1499,2025-09-17,2025-10-01,2025-10-11,50,RETURNED
1110,669,490,2025-03-06,2025-03-20,2025-03-20,0,RETURNED
1111,1332,818,2025-02-03,2025-02-17,,0,ISSUED
1112,1129,1840,2025-06-29,2025-07-13,,0,ISSUED
1113,655,859,2025-04-21,2025-05-05,2025-05-10,25,RETURNED
1114,2502,1752,2025-06-22,2025-07-06,,0,ISSUED
1115,2275,1005,2024-10-22,2024-11-05,2024-11-12,35,RETURNED
1116,1172,1414,2024-02-15,2024-02-29,2024-03-05,25,RETURNED
1117,2377,1302,2024-12-03,2024-12-17,2024-12-15,0,RETURNED
1118,2499,1453,2024-08-27,2024-09-10,,0,ISSUED
1119,2330,1615,2023-10-08,2023-10-22,,0,ISSUED
1120,1459,755,2023-06-25,2023-07-09,,0,OVERDUE
1121,1573,1375,2023-07-31,2023-08-14,2023-08-17,15,RETURNED
1122,2022,1395,2024-02-23,2024-03-08,2024-03-15,35,RETURNED
1123,448,1283,2024-12-20,2025-01-03,,0,OVERDUE
1124,1835,1935,2025-10-06,2025-10-20,2025-10-20,0,RETURNED
1125,74,886,2024-06-15,2024-06-29,2024-07-06,35,RETURNED
1126,2212,1351,2025-03-31,2025-04-14,2025-04-09,0,RETURNED
1127,752,680,2025-05-08,2025-05-22,2025-05-22,0,RETURNED
1128,1389,1604,2025-09-16,2025-09-30,,0,ISSUED
1129,1623,1768,2024-03-23,2024-04-06,2024-04-13,35,RETURNED
1130,426,521,2023-04-10,2023-04-24,2023-05-02,40,RETURNED
1131,2737,1957,2025-02-20,2025-03-06,2025-03-02,0,RETURNED
1132,2112,1934,2024-09-29,2024-10-13,,0,OVERDUE
1133,2441,928,2023-03-17,2023-03-31,2023-04-09,45,RETURNED
1134,2788,198,2025-11-08,2025-11-22,,0,ISSUED
1135,624,1596,2025-10-18,2025-11-01,2025-10-28,0,RETURNED
1136,2211,145,2025-12-15,2025-12-29,2026-01-06,40,RETURNED
1137,7,1062,2023-07-23,2023-08-06,2023-08-16,50,RETURNED
1138,958,753,2025-11-20,2025-12-04,,0,OVERDUE
1139,2881,1502,2025-06-07,2025-06-21,2025-06-28,35,RETURNED
1140,89,1110,2023-07-14,2023-07-28,2023-08-04,35,RETURNED
1141,998,1901,2024-04-26,2024-05-10,,0,OVERDUE
1142,167,954,2024-09-02,2024-09-16,2024-09-11,0,RETURNED
1143,1957,178,2023-09-16,2023-09-30,2023-10-01,5,RETURNED
1144,2657,986,2025-02-16,2025-03-02,2025-02-26,0,RETURNED
1145,759,596,2024-10-07,2024-10-21,2024-10-30,45,RETURNED
1146,892,13,2024-09-16,2024-09-30,2024-10-06,30,RETURNED
1147,1984,1690,2023-09-04,2023-09-18,2023-09-26,40,RETURNED
1148,1929,314,2024-05-18,2024-06-01,,0,OVERDUE
1149,1031,628,2023-03-22,2023-04-05,,0,ISSUED
1150,837,1580,2025-04-22,2025-05-06,2025-05-14,40,RETURNED
1151,1280,1708,2024-09-19,2024-10-03,2024-10-06,15,RETURNED
1152,2855,1618,2023-12-29,2024-01-12,2024-01-14,10,RETURNED
1153,103,348,2023-05-26,2023-06-09,2023-06-13,20,RETURNED
1154,2086,243,2025-09-10,2025-09-24,2025-09-27,15,RETURNED
1155,583,976,2025-02-24,2025-03-10,2025-03-14,20,RETURNED
1156,2575,1225,2025-03-30,2025-04-13,2025-04-12,0,RETURNED
1157,2530,1444,2023-04-30,2023-05-14,,0,ISSUED
1158,917,254,2025-10-19,2025-11-02,2025-11-03,5,RETURNED
1159,2583,763,2025-02-02,2025-02-16,2025-02-19,15,RETURNED
1160,234,765,2023-06-19,2023-07-03,2023-07-01,0,RETURNED
1161,2065,511,2023-10-06,2023-10-20,2023-10-30,50,RETURNED
1162,153,1833,2024-06-30,2024-07-14,2024-07-21,35,RETURNED
1163,2647,1299,2024-09-09,2024-09-23,,0,ISSUED
1164,2850,1611,2025-03-30,2025-04-13,2025-04-13,0,RETURNED
1165,2952,1598,2023-12-13,2023-12-27,2024-01-04,40,RETURNED
1166,2781,1980,2023-03-01,2023-03-15,2023-03-19,20,RETURNED
1167,1541,1105,2024-05-29,2024-06-12,,0,OVERDUE
1168,1410,1685,2023-11-11,2023-11-25,2023-12-04,45,RETURNED
1169,643,1257,2025-12-03,2025-12-17,2025-12-22,25,RETURNED
1170,464,677,2023-07-28,2023-08-11,2023-08-08,0,RETURNED
1171,2671,1418,2025-10-11,2025-10-25,2025-10-21,0,RETURNED
1172,687,1951,2023-07-27,2023-08-10,2023-08-14,20,RETURNED
1173,2528,244,2025-01-18,2025-02-01,2025-02-10,45,RETURNED
1174,2631,1019,2024-05-13,2024-05-27,,0,ISSUED
1175,1222,1158,2024-08-27,2024-09-10,2024-09-16,30,RETURNED
1176,189,1823,2025-08-15,2025-08-29,2025-08-24,0,RETURNED
1177,62,1111,2023-03-06,2023-03-20,,0,ISSUED
1178,211,1247,2023-09-02,2023-09-16,2023-09-14,0,RETURNED
1179,2427,1654,2025-06-25,2025-07-09,2025-07-17,40,RETURNED
1180,136,1028,2024-04-25,2024-05-09,,0,ISSUED
1181,450,1154,2024-04-04,2024-04-18,,0,OVERDUE
1182,143,1491,2023-03-07,2023-03-21,2023-03-19,0,RETURNED
1183,2796,1548,2024-08-03,2024-08-17,2024-08-18,5,RETURNED
1184,753,616,2023-11-27,2023-12-11,,0,ISSUED
1185,204,1521,2025-03-18,2025-04-01,2025-04-02,5,RETURNED
1186,486,1586,2023-01-05,2023-01-19,2023-01-21,10,RETURNED
1187,1644,960,2024-06-20,2024-07-04,2024-07-13,45,RETURNED
1188,193,1761,2025-12-04,2025-12-18,2025-12-20,10,RETURNED
1189,750,515,2024-04-07,2024-04-21,2024-04-29,40,RETURNED
1190,1045,1627,2025-03-31,2025-04-14,2025-04-16,10,RETURNED
1191,2352,1770,2024-11-30,2024-12-14,,0,ISSUED
1192,1420,1662,2024-07-16,2024-07-30,,0,OVERDUE
1193,229,580,2024-11-13,2024-11-27,2024-12-07,50,RETURNED
1194,1377,1122,2024-05-09,2024-05-23,,0,OVERDUE
1195,1601,1090,2023-06-24,2023-07-08,2023-07-05,0,RETURNED
1196,1101,1648,2024-04-10,2024-04-24,2024-04-29,25,RETURNED
1197,722,1512,2023-10-22,2023-11-05,2023-11-04,0,RETURNED
1198,107,1249,2024-01-31,2024-02-14,2024-02-21,35,RETURNED
1199,2797,1842,2024-10-12,2024-10-26,2024-10-27,5,RETURNED
1200,164,571,2024-03-06,2024-03-20,2024-03-20,0,RETURNED
1201,736,284,2023-06-06,2023-06-20,,0,ISSUED
1202,2375,350,2025-02-05,2025-02-19,2025-02-14,0,RETURNED
1203,733,990,2025-11-30,2025-12-14,2025-12-10,0,RETURNED
1204,1634,828,2023-08-08,2023-08-22,2023-08-23,5,RETURNED
1205,789,1670,2025-09-08,2025-09-22,,0,ISSUED
1206,2658,24,2023-11-15,2023-11-29,2023-11-30,5,RETURNED
1207,1651,1654,2024-03-18,2024-04-01,2024-04-09,40,RETURNED
1208,1841,1499,2025-09-12,2025-09-26,2025-10-04,40,RETURNED
1209,2462,1019,2025-02-25,2025-03-11,2025-03-21,50,RETURNED
1210,2852,1948,2024-11-24,2024-12-08,2024-12-10,10,RETURNED
1211,40,1221,2023-02-24,2023-03-10,2023-03-07,0,RETURNED
1212,669,1239,2024-03-20,2024-04-03,2024-04-06,15,RETURNED
1213,1503,1909,2023-07-05,2023-07-19,2023-07-24,25,RETURNED
1214,1677,582,2025-05-01,2025-05-15,2025-05-25,50,RETURNED
1215,1219,998,2024-06-03,2024-06-17,,0,OVERDUE
1216,768,263,2023-09-10,2023-09-24,2023-09-30,30,RETURNED
1217,2010,934,2025-07-13,2025-07-27,,0,OVERDUE
1218,78,692,2024-03-21,2024-04-04,,0,OVERDUE
1219,2457,985,2024-02-26,2024-03-11,2024-03-12,5,RETURNED
1220,2535,1853,2024-09-11,2024-09-25,,0,OVERDUE
1221,215,199,2023-01-29,2023-02-12,2023-02-17,25,RETURNED
1222,1646,188,2024-09-12,2024-09-26,,0,ISSUED
1223,225,579,2025-04-23,2025-05-07,2025-05-15,40,RETURNED
1224,2558,1684,2025-11-13,2025-11-27,2025-11-27,0,RETURNED
1225,137,1977,2024-04-15,2024-04-29,2024-05-06,35,RETURNED
1226,465,1274,2023-08-20,2023-09-03,2023-09-06,15,RETURNED
1227,882,1491,2025-10-26,2025-11-09,2025-11-11,10,RETURNED
1228,386,1345,2023-04-14,2023-04-28,2023-04-30,10,RETURNED
1229,1179,1481,2025-07-31,2025-08-14,,0,ISSUED
1230,769,785,2024-07-28,2024-08-11,2024-08-16,25,RETURNED
1231,618,958,2024-06-04,2024-06-18,2024-06-17,0,RETURNED
1232,831,306,2025-10-08,2025-10-22,2025-10-18,0,RETURNED
1233,2079,892,2023-09-11,2023-09-25,2023-10-03,40,RETURNED
1234,1528,1431,2023-11-18,2023-12-02,2023-12-07,25,RETURNED
1235,2074,469,2025-03-23,2025-04-06,2025-04-04,0,RETURNED
1236,2288,1388,2025-05-08,2025-05-22,2025-06-01,50,RETURNED
1237,1607,1294,2023-07-01,2023-07-15,2023-07-15,0,RETURNED
1238,715,1542,2023-11-14,2023-11-28,2023-12-02,20,RETURNED
1239,138,502,2024-11-03,2024-11-17,2024-11-24,35,RETURNED
1240,2005,1853,2023-04-01,2023-04-15,2023-04-22,35,RETURNED
1241,2534,719,2025-02-04,2025-02-18,2025-02-25,35,RETURNED
1242,9,804,2024-05-16,2024-05-30,2024-06-03,20,RETURNED
1243,1233,717,2023-03-24,2023-04-07,,0,OVERDUE
1244,2382,875,2024-12-13,2024-12-27,2024-12-28,5,RETURNED
1245,1592,487,2025-02-20,2025-03-06,,0,ISSUED
1246,1335,3,2023-10-23,2023-11-06,2023-11-01,0,RETURNED
1247,2162,1794,2024-01-10,2024-01-24,2024-01-20,0,RETURNED
1248,696,1455,2024-09-05,2024-09-19,2024-09-26,35,RETURNED
1249,2658,1069,2023-05-11,2023-05-25,,0,OVERDUE
1250,1136,1686,2023-06-15,2023-06-29,,0,ISSUED
1251,2521,121,2024-02-01,2024-02-15,2024-02-23,40,RETURNED
1252,1727,1165,2025-01-15,2025-01-29,2025-01-29,0,RETURNED
1253,393,1710,2025-12-02,2025-12-16,,0,OVERDUE
1254,2008,1857,2023-08-12,2023-08-26,2023-08-29,15,RETURNED
1255,2133,88,2024-03-15,2024-03-29,2024-04-04,30,RETURNED
1256,2212,791,2025-12-25,2026-01-08,2026-01-16,40,RETURNED
1257,2220,94,2025-11-11,2025-11-25,2025-11-26,5,RETURNED
1258,1241,186,2025-04-13,2025-04-27,2025-05-03,30,RETURNED
1259,2568,1527,2025-12-08,2025-12-22,2025-12-25,15,RETURNED
1260,1250,269,2024-12-09,2024-12-23,2024-12-19,0,RETURNED
1261,940,1072,2024-05-20,2024-06-03,,0,OVERDUE
1262,1961,1770,2023-06-25,2023-07-09,2023-07-17,40,RETURNED
1263,2404,322,2023-11-04,2023-11-18,2023-11-26,40,RETURNED
1264,310,61,2023-04-12,2023-04-26,2023-04-23,0,RETURNED
1265,2502,1842,2023-01-22,2023-02-05,2023-02-15,50,RETURNED
1266,1526,310,2023-01-22,2023-02-05,2023-02-05,0,RETURNED
1267,845,1936,2025-03-24,2025-04-07,,0,OVERDUE
1268,1247,717,2023-09-14,2023-09-28,2023-10-04,30,RETURNED
1269,1749,30,2024-11-23,2024-12-07,2024-12-04,0,RETURNED
1270,207,961,2023-09-23,2023-10-07,2023-10-06,0,RETURNED
1271,219,1030,2024-08-12,2024-08-26,2024-08-28,10,RETURNED
1272,2208,257,2024-08-31,2024-09-14,2024-09-17,15,RETURNED
1273,1967,1934,2025-10-03,2025-10-17,2025-10-21,20,RETURNED
1274,2179,407,2024-03-12,2024-03-26,2024-04-02,35,RETURNED
1275,2148,1616,2023-11-07,2023-11-21,2023-11-28,35,RETURNED
1276,1508,1112,2023-04-24,2023-05-08,2023-05-15,35,RETURNED
1277,602,1660,2025-06-16,2025-06-30,2025-06-28,0,RETURNED
1278,308,1960,2023-03-16,2023-03-30,2023-03-29,0,RETURNED
1279,294,806,2024-08-22,2024-09-05,2024-09-04,0,RETURNED
1280,2213,1652,2023-10-15,2023-10-29,2023-10-28,0,RETURNED
1281,153,1884,2023-10-03,2023-10-17,2023-10-19,10,RETURNED
1282,604,921,2023-05-25,2023-06-08,2023-06-11,15,RETURNED
1283,2657,55,2024-09-08,2024-09-22,2024-10-02,50,RETURNED
1284,543,1832,2023-11-04,2023-11-18,2023-11-21,15,RETURNED
1285,2310,221,2023-01-11,2023-01-25,2023-01-22,0,RETURNED
1286,1046,369,2023-09-10,2023-09-24,2023-09-26,10,RETURNED
1287,664,1758,2024-11-23,2024-12-07,2024-12-09,10,RETURNED
1288,2647,1844,2024-02-06,2024-02-20,2024-02-18,0,RETURNED
1289,1962,846,2024-12-24,2025-01-07,2025-01-13,30,RETURNED
1290,73,1860,2023-06-27,2023-07-11,2023-07-15,20,RETURNED
1291,2035,1857,2023-11-30,2023-12-14,2023-12-22,40,RETURNED
1292,2158,1210,2024-11-21,2024-12-05,2024-12-05,0,RETURNED
1293,2421,362,2025-08-09,2025-08-23,2025-08-22,0,RETURNED
1294,1610,712,2025-04-28,2025-05-12,2025-05-08,0,RETURNED
1295,590,705,2023-08-15,2023-08-29,,0,OVERDUE
1296,939,1177,2023-05-01,2023-05-15,2023-05-17,10,RETURNED
1297,283,676,2023-10-06,2023-10-20,2023-10-30,50,RETURNED
1298,769,892,2023-10-29,2023-11-12,2023-11-09,0,RETURNED
1299,1029,1258,2024-10-21,2024-11-04,2024-11-02,0,RETURNED
1300,864,1367,2024-06-30,2024-07-14,2024-07-14,0,RETURNED
1301,1046,1375,2025-05-03,2025-05-17,2025-05-23,30,RETURNED
1302,2971,219,2025-03-30,2025-04-13,2025-04-20,35,RETURNED
1303,1201,1299,2024-09-22,2024-10-06,,0,ISSUED
1304,1137,290,2024-12-04,2024-12-18,2024-12-18,0,RETURNED
1305,426,689,2023-11-14,2023-11-28,,0,ISSUED
1306,417,349,2025-10-30,2025-11-13,2025-11-23,50,RETURNED
1307,2990,1776,2024-04-06,2024-04-20,2024-04-15,0,RETURNED
1308,2826,765,2025-05-05,2025-05-19,,0,OVERDUE
1309,2604,1727,2025-04-18,2025-05-02,2025-05-12,50,RETURNED
1310,1962,1024,2024-05-19,2024-06-02,2024-06-02,0,RETURNED
1311,2817,1277,2023-07-20,2023-08-03,2023-08-08,25,RETURNED
1312,1205,1611,2025-05-17,2025-05-31,2025-06-09,45,RETURNED
1313,823,397,2025-02-23,2025-03-09,2025-03-12,15,RETURNED
1314,1630,1995,2025-07-21,2025-08-04,,0,ISSUED
1315,379,1153,2025-03-14,2025-03-28,2025-04-04,35,RETURNED
1316,2815,456,2023-08-24,2023-09-07,2023-09-10,15,RETURNED
1317,1772,830,2025-07-16,2025-07-30,2025-08-08,45,RETURNED
1318,1545,1395,2023-01-24,2023-02-07,2023-02-16,45,RETURNED
1319,1795,256,2024-05-15,2024-05-29,2024-05-30,5,RETURNED
1320,1278,470,2023-04-28,2023-05-12,2023-05-22,50,RETURNED
1321,2936,1001,2025-11-19,2025-12-03,2025-11-28,0,RETURNED
1322,1866,51,2023-03-18,2023-04-01,2023-04-04,15,RETURNED
1323,1075,1494,2025-03-23,2025-04-06,2025-04-08,10,RETURNED
1324,2430,86,2025-10-12,2025-10-26,,0,ISSUED
1325,128,1136,2024-09-07,2024-09-21,2024-09-25,20,RETURNED
1326,2355,1036,2025-06-04,2025-06-18,,0,ISSUED
1327,1968,1733,2024-02-14,2024-02-28,2024-02-28,0,RETURNED
1328,2916,783,2023-09-11,2023-09-25,,0,OVERDUE
1329,2388,200,2023-07-14,2023-07-28,2023-07-29,5,RETURNED
1330,1614,1822,2024-09-25,2024-10-09,2024-10-12,15,RETURNED
1331,1676,1770,2024-06-02,2024-06-16,2024-06-15,0,RETURNED
1332,2479,1188,2023-01-25,2023-02-08,2023-02-13,25,RETURNED
1333,2989,276,2025-06-01,2025-06-15,2025-06-15,0,RETURNED
1334,2589,576,2024-03-06,2024-03-20,2024-03-22,10,RETURNED
1335,1057,1172,2024-03-29,2024-04-12,2024-04-09,0,RETURNED
1336,599,1243,2024-05-27,2024-06-10,2024-06-11,5,RETURNED
1337,1922,288,2025-09-09,2025-09-23,2025-09-24,5,RETURNED
1338,1294,407,2025-05-06,2025-05-20,,0,OVERDUE
1339,211,186,2024-01-22,2024-02-05,2024-02-06,5,RETURNED
1340,1109,703,2023-07-19,2023-08-02,2023-07-28,0,RETURNED
1341,2078,1379,2024-05-02,2024-05-16,2024-05-25,45,RETURNED
1342,1571,1722,2023-10-09,2023-10-23,,0,OVERDUE
1343,2983,1417,2023-06-01,2023-06-15,2023-06-14,0,RETURNED
1344,2570,1085,2023-03-13,2023-03-27,2023-03-29,10,RETURNED
1345,236,1239,2024-10-19,2024-11-02,2024-11-09,35,RETURNED
1346,241,1743,2025-12-18,2026-01-01,2026-01-04,15,RETURNED
1347,2772,226,2025-09-22,2025-10-06,2025-10-04,0,RETURNED
1348,196,1822,2023-10-25,2023-11-08,,0,OVERDUE
1349,2828,186,2024-05-30,2024-06-13,,0,ISSUED
1350,2693,897,2023-07-16,2023-07-30,2023-08-03,20,RETURNED
1351,1665,658,2025-03-29,2025-04-12,,0,ISSUED
1352,663,1237,2023-08-07,2023-08-21,2023-08-23,10,RETURNED
1353,2553,1310,2024-08-04,2024-08-18,2024-08-28,50,RETURNED
1354,1146,514,2024-04-01,2024-04-15,2024-04-10,0,RETURNED
1355,1164,74,2024-09-09,2024-09-23,2024-10-01,40,RETURNED
1356,1472,485,2025-11-06,2025-11-20,2025-11-21,5,RETURNED
1357,2102,734,2024-06-15,2024-06-29,2024-06-29,0,RETURNED
1358,2302,1952,2023-09-18,2023-10-02,2023-10-06,20,RETURNED
1359,1426,79,2024-10-09,2024-10-23,2024-10-27,20,RETURNED
1360,1870,355,2023-02-22,2023-03-08,,0,ISSUED
1361,2088,1138,2025-02-17,2025-03-03,2025-03-09,30,RETURNED
1362,637,267,2024-07-08,2024-07-22,2024-07-30,40,RETURNED
1363,132,253,2023-04-23,2023-05-07,2023-05-04,0,RETURNED
1364,1164,935,2023-11-20,2023-12-04,2023-12-01,0,RETURNED
1365,1697,245,2024-08-20,2024-09-03,2024-09-01,0,RETURNED
1366,2226,994,2023-04-16,2023-04-30,2023-05-09,45,RETURNED
1367,2272,1317,2024-05-22,2024-06-05,2024-06-06,5,RETURNED
1368,1441,1619,2023-05-28,2023-06-11,2023-06-09,0,RETURNED
1369,2372,398,2023-11-01,2023-11-15,2023-11-22,35,RETURNED
1370,1659,679,2023-03-27,2023-04-10,2023-04-08,0,RETURNED
1371,2278,1949,2025-02-16,2025-03-02,,0,ISSUED
1372,874,128,2025-10-19,2025-11-02,,0,OVERDUE
1373,498,582,2024-04-15,2024-04-29,2024-04-29,0,RETURNED
1374,1345,344,2025-11-18,2025-12-02,2025-12-05,15,RETURNED
1375,2918,1363,2025-12-05,2025-12-19,2025-12-21,10,RETURNED
1376,2323,215,2025-11-28,2025-12-12,2025-12-11,0,RETURNED
1377,1179,1543,2023-12-23,2024-01-06,2024-01-06,0,RETURNED
1378,1502,710,2025-06-16,2025-06-30,2025-07-06,30,RETURNED
1379,125,786,2025-11-21,2025-12-05,,0,ISSUED
1380,1134,1986,2024-01-04,2024-01-18,2024-01-25,35,RETURNED
1381,2743,838,2023-08-14,2023-08-28,2023-09-03,30,RETURNED
1382,2689,1286,2025-09-14,2025-09-28,2025-10-02,20,RETURNED
1383,2253,136,2024-07-11,2024-07-25,2024-07-24,0,RETURNED
1384,1048,370,2024-11-27,2024-12-11,2024-12-07,0,RETURNED
1385,844,1075,2024-03-16,2024-03-30,2024-04-03,20,RETURNED
1386,592,610,2023-10-24,2023-11-07,2023-11-04,0,RETURNED
1387,650,162,2025-03-29,2025-04-12,2025-04-12,0,RETURNED
1388,1224,241,2024-02-23,2024-03-08,,0,ISSUED
1389,385,1940,2023-07-13,2023-07-27,2023-07-22,0,RETURNED
1390,2075,1364,2023-12-27,2024-01-10,2024-01-17,35,RETURNED
1391,1984,1118,2024-10-13,2024-10-27,2024-10-24,0,RETURNED
1392,1312,1226,2024-08-17,2024-08-31,2024-09-09,45,RETURNED
1393,191,1465,2024-12-09,2024-12-23,2024-12-25,10,RETURNED
1394,2607,930,2024-04-22,2024-05-06,2024-05-09,15,RETURNED
1395,1585,1751,2023-02-22,2023-03-08,2023-03-12,20,RETURNED
1396,2853,895,2024-06-05,2024-06-19,2024-06-24,25,RETURNED
1397,1709,1847,2025-04-08,2025-04-22,2025-04-25,15,RETURNED
1398,1522,1311,2023-02-13,2023-02-27,2023-03-04,25,RETURNED
1399,670,1998,2025-10-31,2025-11-14,2025-11-18,20,RETURNED
1400,1288,1137,2023-02-22,2023-03-08,2023-03-04,0,RETURNED
1401,1282,774,2024-07-16,2024-07-30,2024-08-06,35,RETURNED
1402,2751,1586,2024-02-13,2024-02-27,,0,ISSUED
1403,2949,274,2023-04-05,2023-04-19,2023-04-23,20,RETURNED
1404,2478,1111,2023-05-08,2023-05-22,,0,ISSUED
1405,796,434,2025-10-14,2025-10-28,,0,ISSUED
1406,1977,1741,2023-04-05,2023-04-19,,0,ISSUED
1407,1404,1946,2024-10-07,2024-10-21,,0,OVERDUE
1408,2037,996,2023-11-16,2023-11-30,,0,OVERDUE
1409,1109,77,2024-08-10,2024-08-24,2024-08-31,35,RETURNED
1410,879,665,2024-05-21,2024-06-04,,0,OVERDUE
1411,585,1567,2025-08-11,2025-08-25,2025-08-29,20,RETURNED
1412,47,389,2023-03-29,2023-04-12,2023-04-08,0,RETURNED
1413,1394,1826,2023-08-25,2023-09-08,2023-09-05,0,RETURNED
1414,2490,197,2025-07-05,2025-07-19,2025-07-22,15,RETURNED
1415,488,115,2023-07-06,2023-07-20,2023-07-19,0,RETURNED
1416,463,170,2024-12-20,2025-01-03,,0,ISSUED
1417,1800,771,2023-07-23,2023-08-06,,0,ISSUED
1418,2562,1856,2023-06-29,2023-07-13,2023-07-10,0,RETURNED
1419,853,1511,2024-08-31,2024-09-14,2024-09-23,45,RETURNED
1420,1214,1882,2023-07-16,2023-07-30,2023-08-01,10,RETURNED
1421,399,1208,2024-12-31,2025-01-14,2025-01-20,30,RETURNED
1422,684,1493,2023-10-08,2023-10-22,2023-10-30,40,RETURNED
1423,676,50,2024-07-25,2024-08-08,2024-08-07,0,RETURNED
1424,1295,1139,2025-05-06,2025-05-20,2025-05-18,0,RETURNED
1425,1371,673,2024-08-31,2024-09-14,2024-09-11,0,RETURNED
1426,767,1469,2024-03-01,2024-03-15,,0,OVERDUE
1427,1485,1741,2025-05-11,2025-05-25,2025-06-04,50,RETURNED
1428,1326,219,2023-06-16,2023-06-30,2023-06-26,0,RETURNED
1429,2724,1923,2023-02-09,2023-02-23,2023-03-03,40,RETURNED
1430,2452,1296,2025-07-26,2025-08-09,2025-08-11,10,RETURNED
1431,1481,1080,2024-02-28,2024-03-13,2024-03-14,5,RETURNED
1432,598,316,2023-04-21,2023-05-05,2023-05-05,0,RETURNED
1433,2626,33,2023-01-17,2023-01-31,2023-01-30,0,RETURNED
1434,925,667,2023-01-11,2023-01-25,2023-02-03,45,RETURNED
1435,2789,196,2025-04-24,2025-05-08,2025-05-18,50,RETURNED
1436,1406,1405,2024-06-26,2024-07-10,,0,OVERDUE
1437,2117,1336,2024-07-11,2024-07-25,2024-07-25,0,RETURNED
1438,2137,558,2024-10-27,2024-11-10,2024-11-09,0,RETURNED
1439,34,1754,2025-01-06,2025-01-20,2025-01-29,45,RETURNED
1440,2334,26,2023-03-11,2023-03-25,2023-03-26,5,RETURNED
1441,1064,327,2024-08-02,2024-08-16,2024-08-20,20,RETURNED
1442,2517,1159,2025-10-24,2025-11-07,2025-11-10,15,RETURNED
1443,1678,1440,2025-04-30,2025-05-14,2025-05-23,45,RETURNED
1444,2095,417,2024-12-19,2025-01-02,2025-01-02,0,RETURNED
1445,1194,1271,2025-12-03,2025-12-17,2025-12-21,20,RETURNED
1446,2563,510,2023-11-02,2023-11-16,2023-11-11,0,RETURNED
1447,1610,1300,2023-07-19,2023-08-02,,0,OVERDUE
1448,628,1020,2025-04-22,2025-05-06,2025-05-12,30,RETURNED
1449,687,1818,2024-07-31,2024-08-14,2024-08-10,0,RETURNED
1450,561,889,2025-10-06,2025-10-20,2025-10-28,40,RETURNED
1451,182,1096,2025-01-06,2025-01-20,2025-01-16,0,RETURNED
1452,1014,1987,2025-05-03,2025-05-17,2025-05-26,45,RETURNED
1453,616,161,2025-06-27,2025-07-11,2025-07-14,15,RETURNED
1454,2133,401,2024-03-07,2024-03-21,,0,ISSUED
1455,570,921,2023-12-20,2024-01-03,2024-01-05,10,RETURNED
1456,1177,1,2025-08-30,2025-09-13,2025-09-22,45,RETURNED
1457,1734,1994,2024-12-12,2024-12-26,2024-12-27,5,RETURNED
1458,1714,1397,2023-10-13,2023-10-27,,0,OVERDUE
1459,1073,1804,2025-12-31,2026-01-14,2026-01-24,50,RETURNED
1460,1521,1673,2024-07-27,2024-08-10,2024-08-07,0,RETURNED
1461,1519,956,2024-07-13,2024-07-27,2024-08-04,40,RETURNED
1462,2245,940,2024-06-23,2024-07-07,2024-07-08,5,RETURNED
1463,9,1017,2024-10-04,2024-10-18,2024-10-22,20,RETURNED
1464,728,1359,2024-05-20,2024-06-03,2024-06-10,35,RETURNED
1465,1339,749,2025-01-27,2025-02-10,,0,ISSUED
1466,1221,1223,2025-02-06,2025-02-20,2025-02-25,25,RETURNED
1467,1821,1488,2023-11-30,2023-12-14,2023-12-21,35,RETURNED
1468,2257,1138,2025-04-05,2025-04-19,2025-04-18,0,RETURNED
1469,2162,1316,2025-05-01,2025-05-15,2025-05-24,45,RETURNED
1470,626,99,2023-01-15,2023-01-29,,0,ISSUED
1471,1923,1285,2023-04-08,2023-04-22,,0,OVERDUE
1472,2305,673,2025-04-03,2025-04-17,2025-04-19,10,RETURNED
1473,2486,1171,2025-05-22,2025-06-05,2025-06-06,5,RETURNED
1474,159,372,2023-01-14,2023-01-28,2023-01-28,0,RETURNED
1475,1288,607,2024-05-04,2024-05-18,2024-05-16,0,RETURNED
1476,1034,1025,2024-05-24,2024-06-07,2024-06-04,0,RETURNED
1477,1727,870,2024-07-23,2024-08-06,2024-08-05,0,RETURNED
1478,1715,1332,2024-10-09,2024-10-23,,0,OVERDUE
1479,1648,1448,2025-08-13,2025-08-27,,0,OVERDUE
1480,1993,1378,2023-11-10,2023-11-24,2023-11-25,5,RETURNED
1481,2998,1863,2024-09-24,2024-10-08,,0,OVERDUE
1482,739,1102,2025-06-12,2025-06-26,2025-06-29,15,RETURNED
1483,2665,184,2024-11-08,2024-11-22,2024-11-20,0,RETURNED
1484,1816,474,2025-06-25,2025-07-09,2025-07-08,0,RETURNED
1485,1484,526,2023-12-28,2024-01-11,,0,OVERDUE
1486,2310,1266,2025-05-01,2025-05-15,2025-05-16,5,RETURNED
1487,2453,1089,2025-01-13,2025-01-27,2025-02-01,25,RETURNED
1488,1494,171,2024-12-14,2024-12-28,2024-12-25,0,RETURNED
1489,97,1911,2023-10-23,2023-11-06,,0,OVERDUE
1490,1075,1267,2023-11-19,2023-12-03,2023-12-09,30,RETURNED
1491,453,169,2025-09-06,2025-09-20,,0,ISSUED
1492,1173,1555,2023-03-18,2023-04-01,2023-03-30,0,RETURNED
1493,447,465,2025-04-29,2025-05-13,2025-05-21,40,RETURNED
1494,1056,1933,2024-12-03,2024-12-17,,0,OVERDUE
1495,1633,586,2024-06-19,2024-07-03,2024-07-09,30,RETURNED
1496,1413,284,2024-09-30,2024-10-14,2024-10-18,20,RETURNED
1497,2283,486,2024-10-22,2024-11-05,,0,OVERDUE
1498,2544,1077,2023-10-30,2023-11-13,2023-11-16,15,RETURNED
1499,1479,1883,2023-04-21,2023-05-05,2023-05-02,0,RETURNED
1500,49,1473,2023-08-24,2023-09-07,2023-09-05,0,RETURNED
1501,2566,1754,2025-10-25,2025-11-08,2025-11-17,45,RETURNED
1502,2670,1329,2024-08-09,2024-08-23,,0,OVERDUE
1503,780,1590,2024-08-13,2024-08-27,,0,ISSUED
1504,2145,1500,2023-07-06,2023-07-20,2023-07-28,40,RETURNED
1505,1496,1603,2025-04-07,2025-04-21,2025-04-16,0,RETURNED
1506,982,1917,2024-01-21,2024-02-04,2024-02-06,10,RETURNED
1507,2141,1543,2024-04-28,2024-05-12,2024-05-17,25,RETURNED
1508,2818,1458,2024-05-31,2024-06-14,2024-06-18,20,RETURNED
1509,2273,1864,2025-04-21,2025-05-05,2025-05-06,5,RETURNED
1510,230,994,2023-01-12,2023-01-26,2023-01-28,10,RETURNED
1511,936,1698,2023-06-11,2023-06-25,2023-06-26,5,RETURNED
1512,377,419,2025-05-08,2025-05-22,,0,ISSUED
1513,2195,1395,2025-03-29,2025-04-12,2025-04-08,0,RETURNED
1514,1156,1128,2023-06-22,2023-07-06,2023-07-13,35,RETURNED
1515,789,440,2023-03-15,2023-03-29,2023-03-29,0,RETURNED
1516,2775,456,2024-07-23,2024-08-06,2024-08-08,10,RETURNED
1517,143,1632,2023-12-25,2024-01-08,,0,OVERDUE
1518,1532,893,2025-12-08,2025-12-22,2025-12-26,20,RETURNED
1519,2444,1707,2025-05-01,2025-05-15,,0,ISSUED
1520,1244,1724,2023-03-19,2023-04-02,,0,OVERDUE
1521,355,1627,2024-04-07,2024-04-21,2024-04-22,5,RETURNED
1522,2657,694,2025-10-12,2025-10-26,2025-11-05,50,RETURNED
1523,1969,934,2023-01-06,2023-01-20,2023-01-27,35,RETURNED
1524,709,364,2024-06-07,2024-06-21,2024-06-19,0,RETURNED
1525,1604,1236,2024-05-01,2024-05-15,2024-05-19,20,RETURNED
1526,2725,1158,2025-08-18,2025-09-01,2025-08-27,0,RETURNED
1527,423,1649,2023-09-15,2023-09-29,,0,ISSUED
1528,1761,1191,2025-08-27,2025-09-10,2025-09-15,25,RETURNED
1529,1309,709,2025-04-07,2025-04-21,2025-04-24,15,RETURNED
1530,850,770,2025-12-24,2026-01-07,2026-01-03,0,RETURNED
1531,2929,1808,2024-11-06,2024-11-20,2024-11-20,0,RETURNED
1532,1567,111,2023-03-08,2023-03-22,2023-03-23,5,RETURNED
1533,522,168,2025-09-26,2025-10-10,,0,ISSUED
1534,2348,1379,2024-11-25,2024-12-09,2024-12-14,25,RETURNED
1535,2415,1514,2023-08-03,2023-08-17,2023-08-18,5,RETURNED
1536,2667,300,2023-02-18,2023-03-04,2023-03-11,35,RETURNED
1537,2373,1387,2023-01-28,2023-02-11,,0,ISSUED
1538,1910,1847,2023-03-11,2023-03-25,2023-03-29,20,RETURNED
1539,382,1936,2024-04-01,2024-04-15,,0,ISSUED
1540,1096,227,2024-11-19,2024-12-03,2024-12-07,20,RETURNED
1541,1883,1265,2023-11-14,2023-11-28,2023-11-27,0,RETURNED
1542,3000,453,2024-07-01,2024-07-15,2024-07-18,15,RETURNED
1543,2874,413,2025-06-07,2025-06-21,2025-07-01,50,RETURNED
1544,571,77,2025-02-28,2025-03-14,,0,ISSUED
1545,1361,1220,2025-06-22,2025-07-06,2025-07-05,0,RETURNED
1546,2566,1525,2023-01-21,2023-02-04,2023-02-02,0,RETURNED
1547,1475,1196,2024-01-08,2024-01-22,2024-01-22,0,RETURNED
1548,2790,1134,2025-01-05,2025-01-19,2025-01-18,0,RETURNED
1549,710,46,2023-07-01,2023-07-15,2023-07-22,35,RETURNED
1550,2581,1276,2023-01-24,2023-02-07,,0,ISSUED
1551,1571,702,2024-02-26,2024-03-11,2024-03-08,0,RETURNED
1552,282,861,2023-02-07,2023-02-21,2023-02-21,0,RETURNED
1553,2827,1782,2025-06-27,2025-07-11,2025-07-06,0,RETURNED
1554,2399,333,2023-06-04,2023-06-18,2023-06-22,20,RETURNED
1555,2217,566,2025-04-12,2025-04-26,2025-04-29,15,RETURNED
1556,1972,460,2023-04-22,2023-05-06,2023-05-04,0,RETURNED
1557,125,1854,2024-11-15,2024-11-29,2024-11-27,0,RETURNED
1558,1812,275,2025-03-04,2025-03-18,2025-03-21,15,RETURNED
1559,2752,39,2024-04-16,2024-04-30,2024-05-10,50,RETURNED
1560,2116,360,2025-03-23,2025-04-06,2025-04-14,40,RETURNED
1561,1044,1365,2023-07-08,2023-07-22,,0,OVERDUE
1562,2300,1963,2024-01-21,2024-02-04,,0,ISSUED
1563,1254,1918,2025-03-19,2025-04-02,,0,OVERDUE
1564,2315,938,2023-07-30,2023-08-13,,0,ISSUED
1565,1289,126,2023-05-19,2023-06-02,,0,ISSUED
1566,2037,266,2024-02-25,2024-03-10,2024-03-05,0,RETURNED
1567,110,1867,2023-04-10,2023-04-24,,0,ISSUED
1568,483,1626,2025-05-19,2025-06-02,2025-06-09,35,RETURNED
1569,1687,181,2023-07-24,2023-08-07,2023-08-07,0,RETURNED
1570,1603,1643,2025-08-10,2025-08-24,2025-08-21,0,RETURNED
1571,181,382,2023-06-26,2023-07-10,,0,ISSUED
1572,2779,1306,2025-05-09,2025-05-23,2025-06-01,45,RETURNED
1573,2574,88,2025-08-08,2025-08-22,2025-08-27,25,RETURNED
1574,2411,772,2024-01-03,2024-01-17,2024-01-17,0,RETURNED
1575,1039,717,2025-08-13,2025-08-27,2025-08-24,0,RETURNED
1576,2361,1623,2025-04-14,2025-04-28,2025-05-06,40,RETURNED
1577,1874,810,2025-01-19,2025-02-02,2025-02-05,15,RETURNED
1578,1922,791,2024-07-10,2024-07-24,2024-07-20,0,RETURNED
1579,1004,1265,2023-05-14,2023-05-28,2023-06-07,50,RETURNED
1580,1713,92,2025-08-23,2025-09-06,2025-09-13,35,RETURNED
1581,1606,1081,2024-08-01,2024-08-15,,0,ISSUED
1582,2058,1261,2023-07-29,2023-08-12,2023-08-16,20,RETURNED
1583,42,1723,2023-12-15,2023-12-29,2023-12-27,0,RETURNED
1584,251,1079,2024-01-12,2024-01-26,2024-01-28,10,RETURNED
1585,2252,1209,2024-09-23,2024-10-07,2024-10-02,0,RETURNED
1586,2243,1615,2024-03-12,2024-03-26,2024-04-04,45,RETURNED
1587,352,603,2024-08-16,2024-08-30,2024-08-27,0,RETURNED
1588,2809,142,2024-07-19,2024-08-02,2024-07-30,0,RETURNED
1589,1703,1596,2025-04-14,2025-04-28,2025-05-06,40,RETURNED
1590,2151,1328,2024-10-16,2024-10-30,2024-11-09,50,RETURNED
1591,1905,834,2024-11-29,2024-12-13,2024-12-11,0,RETURNED
1592,1615,1632,2025-04-11,2025-04-25,2025-04-24,0,RETURNED
1593,825,1101,2025-07-16,2025-07-30,2025-07-30,0,RETURNED
1594,1108,402,2025-04-25,2025-05-09,2025-05-08,0,RETURNED
1595,2260,398,2023-01-23,2023-02-06,2023-02-02,0,RETURNED
1596,116,1679,2023-02-03,2023-02-17,,0,OVERDUE
1597,289,393,2024-11-16,2024-11-30,,0,ISSUED
1598,2052,1301,2025-03-07,2025-03-21,2025-03-20,0,RETURNED
1599,1956,1832,2024-12-26,2025-01-09,2025-01-04,0,RETURNED
1600,2660,1978,2025-12-06,2025-12-20,2025-12-24,20,RETURNED
1601,85,724,2025-04-22,2025-05-06,2025-05-06,0,RETURNED
1602,1565,540,2024-05-24,2024-06-07,2024-06-06,0,RETURNED
1603,2860,1128,2025-02-16,2025-03-02,2025-03-06,20,RETURNED
1604,1310,1343,2024-06-27,2024-07-11,,0,ISSUED
1605,1673,1576,2023-01-10,2023-01-24,,0,OVERDUE
1606,2391,1700,2024-01-23,2024-02-06,2024-02-08,10,RETURNED
1607,1491,821,2025-04-03,2025-04-17,2025-04-19,10,RETURNED
1608,203,553,2025-05-16,2025-05-30,,0,ISSUED
1609,2119,1836,2023-05-17,2023-05-31,2023-06-08,40,RETURNED
1610,2035,60,2023-07-16,2023-07-30,2023-08-03,20,RETURNED
1611,1608,1902,2024-05-08,2024-05-22,2024-05-19,0,RETURNED
1612,2600,1502,2025-04-06,2025-04-20,2025-04-15,0,RETURNED
1613,293,197,2024-12-10,2024-12-24,2024-12-26,10,RETURNED
1614,2685,754,2023-06-18,2023-07-02,2023-07-05,15,RETURNED
1615,965,1550,2023-12-03,2023-12-17,2023-12-19,10,RETURNED
1616,1032,1250,2024-03-06,2024-03-20,2024-03-30,50,RETURNED
1617,1615,158,2023-11-30,2023-12-14,2023-12-11,0,RETURNED
1618,1473,1374,2025-09-09,2025-09-23,,0,OVERDUE
1619,2057,431,2024-09-18,2024-10-02,,0,OVERDUE
1620,2991,297,2025-11-22,2025-12-06,,0,OVERDUE
1621,2773,997,2025-10-14,2025-10-28,2025-10-30,10,RETURNED
1622,867,285,2024-02-17,2024-03-02,2024-02-29,0,RETURNED
1623,2357,390,2025-09-04,2025-09-18,2025-09-15,0,RETURNED
1624,413,1442,2023-12-16,2023-12-30,2024-01-05,30,RETURNED
1625,2903,1479,2025-11-04,2025-11-18,2025-11-28,50,RETURNED
1626,1775,767,2023-01-20,2023-02-03,2023-02-10,35,RETURNED
1627,2439,919,2024-12-17,2024-12-31,2025-01-05,25,RETURNED
1628,2404,1109,2025-11-20,2025-12-04,2025-12-01,0,RETURNED
1629,2423,228,2023-09-22,2023-10-06,2023-10-10,20,RETURNED
1630,2960,1241,2023-02-15,2023-03-01,2023-03-01,0,RETURNED
1631,1781,1470,2025-01-11,2025-01-25,2025-01-31,30,RETURNED
1632,2025,869,2023-08-02,2023-08-16,2023-08-13,0,RETURNED
1633,272,1278,2023-02-18,2023-03-04,2023-03-12,40,RETURNED
1634,965,809,2023-08-03,2023-08-17,,0,ISSUED
1635,2061,160,2025-08-12,2025-08-26,2025-08-29,15,RETURNED
1636,2575,1989,2025-03-02,2025-03-16,2025-03-24,40,RETURNED
1637,1595,1916,2023-11-13,2023-11-27,2023-12-04,35,RETURNED
1638,636,480,2023-12-07,2023-12-21,2023-12-26,25,RETURNED
1639,2937,1533,2024-04-08,2024-04-22,2024-04-29,35,RETURNED
1640,1029,180,2025-06-14,2025-06-28,2025-06-25,0,RETURNED
1641,2940,1079,2025-08-05,2025-08-19,2025-08-23,20,RETURNED
1642,1006,955,2024-08-03,2024-08-17,,0,ISSUED
1643,56,780,2024-09-15,2024-09-29,2024-10-04,25,RETURNED
1644,1122,1313,2023-05-03,2023-05-17,2023-05-23,30,RETURNED
1645,1585,1119,2023-04-14,2023-04-28,2023-05-03,25,RETURNED
1646,2362,322,2024-10-24,2024-11-07,2024-11-05,0,RETURNED
1647,1033,62,2023-04-06,2023-04-20,2023-04-26,30,RETURNED
1648,824,383,2024-07-23,2024-08-06,2024-08-12,30,RETURNED
1649,833,1680,2023-08-10,2023-08-24,,0,OVERDUE
1650,2658,1112,2025-12-27,2026-01-10,2026-01-11,5,RETURNED
1651,82,367,2024-01-23,2024-02-06,2024-02-12,30,RETURNED
1652,1231,895,2024-08-29,2024-09-12,2024-09-18,30,RETURNED
1653,233,852,2023-02-05,2023-02-19,2023-02-16,0,RETURNED
1654,2963,1978,2025-05-01,2025-05-15,2025-05-10,0,RETURNED
1655,2365,290,2023-10-27,2023-11-10,2023-11-13,15,RETURNED
1656,267,1985,2023-10-16,2023-10-30,2023-10-29,0,RETURNED
1657,1303,1252,2024-01-28,2024-02-11,,0,OVERDUE
1658,1277,973,2024-02-07,2024-02-21,2024-02-25,20,RETURNED
1659,948,1513,2023-06-19,2023-07-03,,0,ISSUED
1660,727,818,2025-06-17,2025-07-01,2025-07-03,10,RETURNED
1661,1199,941,2023-09-20,2023-10-04,2023-10-09,25,RETURNED
1662,2572,1548,2025-09-18,2025-10-02,2025-09-30,0,RETURNED
1663,1791,1680,2023-04-22,2023-05-06,,0,OVERDUE
1664,2731,1217,2023-08-07,2023-08-21,2023-08-20,0,RETURNED
1665,2505,1763,2024-10-27,2024-11-10,2024-11-06,0,RETURNED
1666,1809,1343,2025-04-23,2025-05-07,2025-05-13,30,RETURNED
1667,2600,1802,2025-02-25,2025-03-11,,0,OVERDUE
1668,369,812,2023-11-26,2023-12-10,2023-12-14,20,RETURNED
1669,2437,668,2024-08-12,2024-08-26,2024-08-25,0,RETURNED
1670,693,287,2023-01-15,2023-01-29,,0,OVERDUE
1671,365,707,2025-07-27,2025-08-10,2025-08-08,0,RETURNED
1672,1094,1894,2023-07-03,2023-07-17,2023-07-25,40,RETURNED
1673,970,755,2025-07-19,2025-08-02,2025-07-30,0,RETURNED
1674,30,1789,2023-07-25,2023-08-08,2023-08-16,40,RETURNED
1675,1369,359,2025-10-18,2025-11-01,2025-10-31,0,RETURNED
1676,2328,296,2024-05-29,2024-06-12,2024-06-19,35,RETURNED
1677,2089,122,2025-08-01,2025-08-15,2025-08-21,30,RETURNED
1678,2709,1874,2024-11-16,2024-11-30,,0,OVERDUE
1679,2974,1840,2025-11-05,2025-11-19,2025-11-14,0,RETURNED
1680,2258,1565,2023-06-18,2023-07-02,,0,OVERDUE
1681,455,1006,2024-10-09,2024-10-23,2024-10-20,0,RETURNED
1682,1314,1498,2024-04-04,2024-04-18,,0,OVERDUE
1683,1362,752,2023-02-12,2023-02-26,2023-02-27,5,RETURNED
1684,1737,1255,2024-10-25,2024-11-08,2024-11-09,5,RETURNED
1685,853,110,2023-06-29,2023-07-13,2023-07-14,5,RETURNED
1686,1459,769,2024-02-01,2024-02-15,2024-02-18,15,RETURNED
1687,2960,1158,2024-12-20,2025-01-03,2025-01-10,35,RETURNED
1688,2751,90,2024-12-03,2024-12-17,2024-12-18,5,RETURNED
1689,2757,178,2025-06-28,2025-07-12,2025-07-18,30,RETURNED
1690,1471,1069,2023-06-17,2023-07-01,2023-06-26,0,RETURNED
1691,2472,1594,2024-05-23,2024-06-06,,0,OVERDUE
1692,2280,202,2024-01-10,2024-01-24,,0,ISSUED
1693,1851,379,2024-10-29,2024-11-12,2024-11-10,0,RETURNED
1694,24,868,2023-08-07,2023-08-21,2023-08-30,45,RETURNED
1695,670,1955,2025-11-24,2025-12-08,2025-12-05,0,RETURNED
1696,1687,1144,2023-03-21,2023-04-04,2023-04-07,15,RETURNED
1697,2319,293,2024-08-20,2024-09-03,,0,ISSUED
1698,201,1772,2023-09-20,2023-10-04,2023-09-30,0,RETURNED
1699,1218,1414,2025-04-17,2025-05-01,2025-05-04,15,RETURNED
1700,1355,322,2023-02-14,2023-02-28,2023-02-27,0,RETURNED
1701,1283,93,2025-01-08,2025-01-22,2025-01-23,5,RETURNED
1702,912,362,2025-01-16,2025-01-30,2025-02-01,10,RETURNED
1703,346,460,2024-11-02,2024-11-16,2024-11-11,0,RETURNED
1704,2769,427,2024-01-19,2024-02-02,2024-02-04,10,RETURNED
1705,1690,953,2025-04-14,2025-04-28,2025-04-28,0,RETURNED
1706,1855,1005,2024-07-28,2024-08-11,2024-08-17,30,RETURNED
1707,1708,1890,2024-02-27,2024-03-12,2024-03-21,45,RETURNED
1708,1696,828,2024-10-30,2024-11-13,2024-11-10,0,RETURNED
1709,2918,1408,2023-07-13,2023-07-27,2023-07-28,5,RETURNED
1710,651,130,2025-05-15,2025-05-29,,0,OVERDUE
1711,1755,1587,2024-08-11,2024-08-25,2024-08-29,20,RETURNED
1712,1651,1274,2023-03-11,2023-03-25,2023-04-01,35,RETURNED
1713,2390,435,2024-11-28,2024-12-12,2024-12-19,35,RETURNED
1714,1388,1235,2023-12-11,2023-12-25,2023-12-28,15,RETURNED
1715,1251,35,2025-10-24,2025-11-07,2025-11-08,5,RETURNED
1716,1512,760,2023-08-13,2023-08-27,2023-09-02,30,RETURNED
1717,2345,1919,2025-03-29,2025-04-12,2025-04-16,20,RETURNED
1718,1558,721,2024-05-03,2024-05-17,2024-05-17,0,RETURNED
1719,2636,483,2024-09-27,2024-10-11,2024-10-16,25,RETURNED
1720,304,1142,2023-11-14,2023-11-28,2023-12-01,15,RETURNED
1721,1214,731,2025-08-10,2025-08-24,2025-08-20,0,RETURNED
1722,230,1655,2024-03-20,2024-04-03,2024-04-07,20,RETURNED
1723,2148,1563,2023-05-10,2023-05-24,,0,ISSUED
1724,1548,266,2023-04-23,2023-05-07,2023-05-06,0,RETURNED
1725,2774,1498,2023-10-30,2023-11-13,,0,OVERDUE
1726,422,1337,2025-05-02,2025-05-16,2025-05-22,30,RETURNED
1727,1507,632,2025-02-07,2025-02-21,,0,ISSUED
1728,1045,1209,2023-10-24,2023-11-07,,0,OVERDUE
1729,2842,1430,2025-09-17,2025-10-01,2025-09-28,0,RETURNED
1730,1442,541,2025-04-26,2025-05-10,2025-05-19,45,RETURNED
1731,883,573,2023-02-08,2023-02-22,,0,ISSUED
1732,2278,211,2023-10-13,2023-10-27,,0,OVERDUE
1733,1123,874,2025-02-25,2025-03-11,2025-03-14,15,RETURNED
1734,1393,836,2023-04-21,2023-05-05,2023-05-10,25,RETURNED
1735,2234,48,2023-01-29,2023-02-12,,0,ISSUED
1736,2519,648,2025-11-13,2025-11-27,2025-12-04,35,RETURNED
1737,439,1408,2025-09-02,2025-09-16,,0,ISSUED
1738,2751,1548,2024-04-08,2024-04-22,2024-04-29,35,RETURNED
1739,2300,965,2023-05-15,2023-05-29,,0,OVERDUE
1740,2933,396,2025-10-04,2025-10-18,2025-10-27,45,RETURNED
1741,2583,1181,2025-04-26,2025-05-10,,0,OVERDUE
1742,2764,1290,2025-03-19,2025-04-02,2025-04-08,30,RETURNED
1743,2849,469,2024-11-02,2024-11-16,2024-11-14,0,RETURNED
1744,563,524,2025-01-28,2025-02-11,,0,OVERDUE
1745,674,140,2023-12-04,2023-12-18,2023-12-17,0,RETURNED
1746,1441,1578,2025-10-17,2025-10-31,2025-11-02,10,RETURNED
1747,1100,462,2025-01-21,2025-02-04,2025-02-10,30,RETURNED
1748,260,1770,2024-10-01,2024-10-15,,0,ISSUED
1749,569,306,2023-08-30,2023-09-13,2023-09-20,35,RETURNED
1750,607,1465,2025-12-03,2025-12-17,2025-12-23,30,RETURNED
1751,379,1200,2025-10-25,2025-11-08,,0,OVERDUE
1752,2247,11,2025-03-10,2025-03-24,,0,OVERDUE
1753,2454,462,2023-06-01,2023-06-15,,0,ISSUED
1754,658,122,2024-08-19,2024-09-02,2024-09-04,10,RETURNED
1755,2426,848,2023-05-27,2023-06-10,2023-06-05,0,RETURNED
1756,1748,1062,2025-05-27,2025-06-10,2025-06-12,10,RETURNED
1757,239,436,2024-06-08,2024-06-22,2024-06-27,25,RETURNED
1758,1514,312,2024-11-11,2024-11-25,2024-11-22,0,RETURNED
1759,679,18,2023-06-22,2023-07-06,,0,OVERDUE
1760,2026,200,2024-11-01,2024-11-15,,0,ISSUED
1761,2640,1320,2024-11-25,2024-12-09,2024-12-18,45,RETURNED
1762,107,1395,2024-11-22,2024-12-06,,0,ISSUED
1763,2361,144,2024-12-30,2025-01-13,2025-01-12,0,RETURNED
1764,116,1821,2023-04-17,2023-05-01,2023-05-02,5,RETURNED
1765,545,1822,2025-05-16,2025-05-30,2025-06-06,35,RETURNED
1766,1574,140,2024-04-24,2024-05-08,2024-05-11,15,RETURNED
1767,995,155,2024-02-13,2024-02-27,2024-03-03,25,RETURNED
1768,2977,933,2023-08-09,2023-08-23,2023-08-21,0,RETURNED
1769,1407,1315,2024-07-10,2024-07-24,2024-08-03,50,RETURNED
1770,965,881,2025-06-10,2025-06-24,2025-06-22,0,RETURNED
1771,1926,330,2023-02-18,2023-03-04,2023-03-04,0,RETURNED
1772,2808,34,2024-08-18,2024-09-01,2024-09-06,25,RETURNED
1773,2518,1891,2024-09-23,2024-10-07,2024-10-12,25,RETURNED
1774,2226,1062,2023-11-13,2023-11-27,2023-11-27,0,RETURNED
1775,2148,1069,2024-10-10,2024-10-24,2024-10-24,0,RETURNED
1776,1243,1699,2023-10-24,2023-11-07,2023-11-16,45,RETURNED
1777,2858,774,2024-10-26,2024-11-09,2024-11-07,0,RETURNED
1778,1701,253,2023-03-11,2023-03-25,2023-03-24,0,RETURNED
1779,1124,1430,2025-08-30,2025-09-13,2025-09-09,0,RETURNED
1780,1572,1815,2025-10-13,2025-10-27,2025-11-01,25,RETURNED
1781,723,42,2024-01-16,2024-01-30,2024-02-08,45,RETURNED
1782,259,983,2024-03-03,2024-03-17,2024-03-12,0,RETURNED
1783,1321,42,2023-07-10,2023-07-24,2023-07-24,0,RETURNED
1784,1811,1650,2023-02-11,2023-02-25,2023-02-22,0,RETURNED
1785,1475,1169,2025-06-05,2025-06-19,2025-06-21,10,RETURNED
1786,2733,791,2024-03-21,2024-04-04,2024-04-03,0,RETURNED
1787,2794,916,2023-10-23,2023-11-06,2023-11-13,35,RETURNED
1788,1625,193,2024-12-22,2025-01-05,2025-01-03,0,RETURNED
1789,2060,1115,2025-09-10,2025-09-24,2025-09-20,0,RETURNED
1790,1921,1909,2025-02-21,2025-03-07,2025-03-04,0,RETURNED
1791,1153,1486,2025-01-24,2025-02-07,2025-02-12,25,RETURNED
1792,209,1320,2023-05-05,2023-05-19,2023-05-25,30,RETURNED
1793,1272,1112,2024-10-25,2024-11-08,2024-11-18,50,RETURNED
1794,35,1646,2025-07-08,2025-07-22,2025-07-27,25,RETURNED
1795,1344,1093,2024-05-09,2024-05-23,2024-05-31,40,RETURNED
1796,2516,875,2025-06-14,2025-06-28,2025-06-27,0,RETURNED
1797,599,1421,2025-09-03,2025-09-17,2025-09-16,0,RETURNED
1798,1258,1630,2025-04-10,2025-04-24,2025-05-03,45,RETURNED
1799,98,152,2023-03-12,2023-03-26,2023-03-28,10,RETURNED
1800,326,1411,2024-08-30,2024-09-13,2024-09-10,0,RETURNED
1801,531,1027,2023-04-27,2023-05-11,,0,ISSUED
1802,595,703,2023-12-31,2024-01-14,2024-01-14,0,RETURNED
1803,1981,1049,2024-06-27,2024-07-11,2024-07-11,0,RETURNED
1804,91,893,2025-11-14,2025-11-28,2025-12-03,25,RETURNED
1805,43,252,2023-04-17,2023-05-01,2023-05-01,0,RETURNED
1806,502,1103,2024-09-11,2024-09-25,2024-09-28,15,RETURNED
1807,1983,1964,2024-09-21,2024-10-05,,0,OVERDUE
1808,1066,495,2025-11-11,2025-11-25,2025-11-22,0,RETURNED
1809,1513,603,2023-01-30,2023-02-13,2023-02-08,0,RETURNED
1810,2232,1043,2023-04-05,2023-04-19,2023-04-21,10,RETURNED
1811,516,671,2025-11-13,2025-11-27,,0,OVERDUE
1812,1724,545,2024-12-26,2025-01-09,2025-01-16,35,RETURNED
1813,75,1883,2025-02-23,2025-03-09,2025-03-13,20,RETURNED
1814,1018,770,2025-04-02,2025-04-16,2025-04-26,50,RETURNED
1815,1911,1570,2024-04-02,2024-04-16,2024-04-24,40,RETURNED
1816,2646,1880,2025-10-24,2025-11-07,2025-11-11,20,RETURNED
1817,1139,484,2023-10-21,2023-11-04,2023-11-10,30,RETURNED
1818,2969,1048,2025-04-25,2025-05-09,2025-05-11,10,RETURNED
1819,1800,1962,2025-01-09,2025-01-23,2025-01-31,40,RETURNED
1820,45,1781,2023-08-07,2023-08-21,2023-08-20,0,RETURNED
1821,1891,1058,2023-06-14,2023-06-28,,0,ISSUED
1822,1726,1189,2025-02-17,2025-03-03,2025-03-06,15,RETURNED
1823,2841,726,2025-02-22,2025-03-08,2025-03-16,40,RETURNED
1824,40,791,2024-09-27,2024-10-11,2024-10-07,0,RETURNED
1825,1689,1282,2024-07-29,2024-08-12,2024-08-19,35,RETURNED
1826,2018,1954,2024-04-19,2024-05-03,2024-05-05,10,RETURNED
1827,252,518,2023-03-03,2023-03-17,2023-03-13,0,RETURNED
1828,429,1633,2025-04-09,2025-04-23,2025-05-03,50,RETURNED
1829,2613,1480,2023-01-07,2023-01-21,,0,ISSUED
1830,1646,1868,2025-04-28,2025-05-12,2025-05-12,0,RETURNED
1831,1029,473,2023-08-14,2023-08-28,2023-08-25,0,RETURNED
1832,1360,133,2024-05-21,2024-06-04,,0,OVERDUE
1833,2656,238,2025-12-29,2026-01-12,,0,OVERDUE
1834,101,1782,2025-01-25,2025-02-08,,0,ISSUED
1835,483,1043,2024-11-04,2024-11-18,2024-11-22,20,RETURNED
1836,2399,47,2025-09-16,2025-09-30,2025-10-03,15,RETURNED
1837,2306,410,2024-11-06,2024-11-20,,0,OVERDUE
1838,536,1234,2023-08-10,2023-08-24,2023-08-20,0,RETURNED
1839,1877,1743,2023-03-03,2023-03-17,2023-03-27,50,RETURNED
1840,139,623,2024-03-08,2024-03-22,2024-04-01,50,RETURNED
1841,2356,109,2024-03-29,2024-04-12,2024-04-11,0,RETURNED
1842,1483,272,2023-03-29,2023-04-12,2023-04-16,20,RETURNED
1843,1435,912,2025-07-01,2025-07-15,2025-07-10,0,RETURNED
1844,2270,979,2024-10-15,2024-10-29,2024-10-24,0,RETURNED
1845,277,1307,2024-07-02,2024-07-16,2024-07-26,50,RETURNED
1846,1451,782,2025-11-06,2025-11-20,2025-11-18,0,RETURNED
1847,1557,28,2025-08-28,2025-09-11,2025-09-07,0,RETURNED
1848,1278,553,2025-04-24,2025-05-08,,0,ISSUED
1849,2214,560,2024-03-30,2024-04-13,2024-04-15,10,RETURNED
1850,1831,691,2023-02-10,2023-02-24,2023-02-21,0,RETURNED
1851,1605,841,2024-06-03,2024-06-17,2024-06-16,0,RETURNED
1852,2303,862,2025-12-03,2025-12-17,2025-12-12,0,RETURNED
1853,1252,1213,2023-05-07,2023-05-21,2023-05-17,0,RETURNED
1854,41,753,2025-05-09,2025-05-23,,0,ISSUED
1855,2840,707,2025-01-30,2025-02-13,2025-02-21,40,RETURNED
1856,1281,192,2023-04-25,2023-05-09,,0,OVERDUE
1857,751,1057,2025-05-27,2025-06-10,2025-06-16,30,RETURNED
1858,1303,1078,2023-10-13,2023-10-27,2023-11-03,35,RETURNED
1859,578,1832,2024-02-13,2024-02-27,2024-02-29,10,RETURNED
1860,669,1155,2024-08-22,2024-09-05,2024-09-06,5,RETURNED
1861,2747,1802,2024-06-13,2024-06-27,2024-07-01,20,RETURNED
1862,2553,2000,2025-04-16,2025-04-30,2025-05-10,50,RETURNED
1863,2112,1616,2025-11-30,2025-12-14,2025-12-24,50,RETURNED
1864,1940,1331,2023-03-09,2023-03-23,2023-03-30,35,RETURNED
1865,1874,733,2025-07-07,2025-07-21,,0,OVERDUE
1866,150,1909,2023-02-23,2023-03-09,2023-03-06,0,RETURNED
1867,2259,821,2024-08-27,2024-09-10,2024-09-06,0,RETURNED
1868,1895,678,2024-04-18,2024-05-02,2024-05-12,50,RETURNED
1869,2483,1553,2025-10-17,2025-10-31,2025-10-29,0,RETURNED
1870,849,1062,2025-07-11,2025-07-25,2025-07-27,10,RETURNED
1871,874,1353,2025-06-18,2025-07-02,2025-07-04,10,RETURNED
1872,1745,1466,2024-05-22,2024-06-05,2024-06-13,40,RETURNED
1873,328,484,2023-03-16,2023-03-30,,0,OVERDUE
1874,1070,469,2024-07-16,2024-07-30,2024-08-08,45,RETURNED
1875,1432,625,2024-08-31,2024-09-14,2024-09-13,0,RETURNED
1876,2461,1134,2025-01-03,2025-01-17,2025-01-24,35,RETURNED
1877,2820,517,2023-03-04,2023-03-18,2023-03-23,25,RETURNED
1878,456,293,2024-04-17,2024-05-01,2024-05-05,20,RETURNED
1879,2413,1974,2025-02-01,2025-02-15,2025-02-14,0,RETURNED
1880,2829,302,2023-10-16,2023-10-30,2023-11-04,25,RETURNED
1881,966,1867,2023-05-03,2023-05-17,,0,OVERDUE
1882,2282,173,2024-05-06,2024-05-20,2024-05-22,10,RETURNED
1883,866,396,2025-01-24,2025-02-07,2025-02-05,0,RETURNED
1884,1535,567,2025-03-19,2025-04-02,2025-04-02,0,RETURNED
1885,2288,1766,2024-09-03,2024-09-17,2024-09-22,25,RETURNED
1886,901,2,2023-05-11,2023-05-25,,0,OVERDUE
1887,1236,1145,2025-02-15,2025-03-01,,0,ISSUED
1888,564,1636,2024-09-05,2024-09-19,2024-09-27,40,RETURNED
1889,182,1576,2023-04-09,2023-04-23,,0,ISSUED
1890,711,1887,2025-11-01,2025-11-15,2025-11-13,0,RETURNED
1891,1944,1504,2024-12-05,2024-12-19,,0,ISSUED
1892,689,1430,2024-11-15,2024-11-29,2024-11-25,0,RETURNED
1893,1410,1362,2023-02-25,2023-03-11,,0,ISSUED
1894,368,1305,2025-12-22,2026-01-05,2026-01-07,10,RETURNED
1895,793,1042,2025-05-03,2025-05-17,,0,ISSUED
1896,357,947,2024-11-14,2024-11-28,2024-12-07,45,RETURNED
1897,1735,1529,2023-07-28,2023-08-11,2023-08-09,0,RETURNED
1898,1387,211,2024-10-24,2024-11-07,2024-11-02,0,RETURNED
1899,854,1352,2025-03-02,2025-03-16,2025-03-12,0,RETURNED
1900,2495,1925,2025-01-15,2025-01-29,2025-01-27,0,RETURNED
1901,1467,1606,2024-05-08,2024-05-22,2024-05-20,0,RETURNED
1902,1693,509,2025-07-17,2025-07-31,,0,OVERDUE
1903,439,1234,2023-09-01,2023-09-15,2023-09-20,25,RETURNED
1904,2805,1354,2023-01-02,2023-01-16,2023-01-22,30,RETURNED
1905,882,1807,2025-09-08,2025-09-22,,0,ISSUED
1906,2323,73,2024-01-05,2024-01-19,2024-01-20,5,RETURNED
1907,2557,1739,2024-12-11,2024-12-25,2024-12-20,0,RETURNED
1908,2414,209,2024-07-30,2024-08-13,2024-08-20,35,RETURNED
1909,2683,890,2024-04-03,2024-04-17,2024-04-13,0,RETURNED
1910,352,1836,2024-04-25,2024-05-09,2024-05-10,5,RETURNED
1911,998,1311,2023-09-17,2023-10-01,2023-09-29,0,RETURNED
1912,789,1254,2025-04-29,2025-05-13,2025-05-09,0,RETURNED
1913,322,1814,2025-06-12,2025-06-26,2025-06-24,0,RETURNED
1914,2032,1677,2024-11-11,2024-11-25,2024-11-29,20,RETURNED
1915,1695,1020,2024-05-25,2024-06-08,2024-06-11,15,RETURNED
1916,1193,1699,2023-03-08,2023-03-22,,0,ISSUED
1917,1595,1960,2024-05-01,2024-05-15,,0,ISSUED
1918,2508,277,2023-04-27,2023-05-11,2023-05-06,0,RETURNED
1919,437,1815,2024-07-19,2024-08-02,2024-07-29,0,RETURNED
1920,2393,706,2023-02-11,2023-02-25,2023-02-20,0,RETURNED
1921,2255,1382,2025-08-29,2025-09-12,2025-09-13,5,RETURNED
1922,88,1629,2025-08-18,2025-09-01,2025-09-11,50,RETURNED
1923,44,290,2025-04-04,2025-04-18,2025-04-22,20,RETURNED
1924,2867,228,2024-02-17,2024-03-02,2024-03-04,10,RETURNED
1925,2355,852,2023-10-25,2023-11-08,2023-11-16,40,RETURNED
1926,378,1532,2024-06-29,2024-07-13,2024-07-18,25,RETURNED
1927,1914,538,2024-09-17,2024-10-01,2024-10-09,40,RETURNED
1928,566,1792,2025-10-30,2025-11-13,2025-11-19,30,RETURNED
1929,1912,500,2025-01-07,2025-01-21,2025-01-31,50,RETURNED
1930,481,1269,2024-05-01,2024-05-15,,0,OVERDUE
1931,2804,164,2024-12-22,2025-01-05,2024-12-31,0,RETURNED
1932,492,1038,2024-06-11,2024-06-25,2024-06-28,15,RETURNED
1933,576,1717,2024-01-13,2024-01-27,2024-01-23,0,RETURNED
1934,318,121,2024-03-19,2024-04-02,2024-04-09,35,RETURNED
1935,1483,704,2024-11-17,2024-12-01,2024-12-11,50,RETURNED
1936,1528,138,2024-03-03,2024-03-17,2024-03-19,10,RETURNED
1937,1689,1479,2023-11-07,2023-11-21,2023-11-16,0,RETURNED
1938,738,1038,2023-09-11,2023-09-25,2023-10-02,35,RETURNED
1939,1373,865,2023-02-02,2023-02-16,2023-02-16,0,RETURNED
1940,563,1888,2024-04-02,2024-04-16,2024-04-20,20,RETURNED
1941,1276,146,2023-04-11,2023-04-25,2023-05-04,45,RETURNED
1942,383,1813,2025-07-23,2025-08-06,2025-08-01,0,RETURNED
1943,2798,62,2023-11-30,2023-12-14,2023-12-24,50,RETURNED
1944,1656,1108,2025-11-28,2025-12-12,,0,OVERDUE
1945,339,260,2024-05-26,2024-06-09,2024-06-13,20,RETURNED
1946,892,1151,2023-11-19,2023-12-03,2023-12-10,35,RETURNED
1947,2910,320,2023-11-08,2023-11-22,2023-11-30,40,RETURNED
1948,631,455,2024-10-03,2024-10-17,2024-10-26,45,RETURNED
1949,1907,798,2025-10-06,2025-10-20,,0,OVERDUE
1950,652,1131,2025-07-17,2025-07-31,2025-08-08,40,RETURNED
1951,2115,388,2023-04-30,2023-05-14,2023-05-12,0,RETURNED
1952,2730,1964,2023-03-09,2023-03-23,,0,ISSUED
1953,1203,1716,2025-05-11,2025-05-25,2025-06-03,45,RETURNED
1954,1862,582,2025-11-07,2025-11-21,2025-11-27,30,RETURNED
1955,2564,250,2024-01-20,2024-02-03,2024-02-04,5,RETURNED
1956,1702,1465,2025-11-30,2025-12-14,2025-12-20,30,RETURNED
1957,1189,1938,2025-09-22,2025-10-06,2025-10-02,0,RETURNED
1958,545,980,2024-12-16,2024-12-30,2024-12-28,0,RETURNED
1959,2419,13,2023-07-07,2023-07-21,2023-07-21,0,RETURNED
1960,1235,204,2025-12-28,2026-01-11,2026-01-14,15,RETURNED
1961,1454,1801,2023-12-17,2023-12-31,2024-01-10,50,RETURNED
1962,467,15,2024-04-20,2024-05-04,2024-04-30,0,RETURNED
1963,1304,521,2023-06-04,2023-06-18,2023-06-17,0,RETURNED
1964,2051,1139,2023-10-03,2023-10-17,2023-10-19,10,RETURNED
1965,290,1134,2024-10-25,2024-11-08,2024-11-11,15,RETURNED
1966,2050,674,2025-05-30,2025-06-13,2025-06-16,15,RETURNED
1967,1429,382,2023-11-01,2023-11-15,,0,OVERDUE
1968,1528,1923,2023-05-20,2023-06-03,2023-05-31,0,RETURNED
1969,604,1017,2023-08-12,2023-08-26,2023-09-05,50,RETURNED
1970,2546,280,2023-01-19,2023-02-02,2023-02-11,45,RETURNED
1971,14,1829,2023-07-23,2023-08-06,2023-08-12,30,RETURNED
1972,283,1387,2025-02-02,2025-02-16,2025-02-12,0,RETURNED
1973,98,1463,2023-06-04,2023-06-18,2023-06-18,0,RETURNED
1974,1163,1482,2025-02-09,2025-02-23,2025-03-05,50,RETURNED
1975,2182,1090,2024-08-23,2024-09-06,2024-09-08,10,RETURNED
1976,1564,778,2024-10-20,2024-11-03,2024-11-02,0,RETURNED
1977,2390,1895,2023-02-06,2023-02-20,2023-02-23,15,RETURNED
1978,2771,1113,2024-06-02,2024-06-16,2024-06-19,15,RETURNED
1979,2248,688,2024-09-11,2024-09-25,,0,ISSUED
1980,2115,1646,2023-06-03,2023-06-17,2023-06-13,0,RETURNED
1981,2410,152,2025-06-14,2025-06-28,2025-07-05,35,RETURNED
1982,2204,1108,2024-08-24,2024-09-07,,0,ISSUED
1983,2865,1192,2024-10-24,2024-11-07,2024-11-16,45,RETURNED
1984,498,141,2024-03-18,2024-04-01,2024-03-27,0,RETURNED
1985,1899,420,2025-05-26,2025-06-09,2025-06-11,10,RETURNED
1986,2899,240,2023-10-15,2023-10-29,2023-10-28,0,RETURNED
1987,1795,1935,2023-12-26,2024-01-09,2024-01-15,30,RETURNED
1988,118,396,2024-03-25,2024-04-08,2024-04-06,0,RETURNED
1989,2783,318,2025-05-01,2025-05-15,2025-05-12,0,RETURNED
1990,2834,1480,2024-06-01,2024-06-15,2024-06-18,15,RETURNED
1991,919,1968,2024-10-01,2024-10-15,2024-10-11,0,RETURNED
1992,2393,1831,2023-10-17,2023-10-31,,0,OVERDUE
1993,2138,85,2025-12-11,2025-12-25,2025-12-31,30,RETURNED
1994,889,1535,2024-03-03,2024-03-17,2024-03-24,35,RETURNED
1995,1610,1740,2024-07-08,2024-07-22,2024-07-30,40,RETURNED
1996,438,597,2025-12-10,2025-12-24,2025-12-25,5,RETURNED
1997,1139,1993,2024-10-27,2024-11-10,,0,ISSUED
1998,2143,1962,2024-06-03,2024-06-17,2024-06-13,0,RETURNED
1999,807,1529,2024-10-19,2024-11-02,2024-11-02,0,RETURNED
2000,1267,88,2024-09-25,2024-10-09,2024-10-11,10,RETURNED
2001,2790,978,2025-11-10,2025-11-24,2025-12-01,35,RETURNED
2002,2901,816,2024-11-20,2024-12-04,,0,ISSUED
2003,1263,1869,2024-05-24,2024-06-07,2024-06-12,25,RETURNED
2004,1980,553,2024-02-12,2024-02-26,2024-03-06,45,RETURNED
2005,2489,1147,2023-07-24,2023-08-07,,0,ISSUED
2006,432,217,2023-08-13,2023-08-27,2023-09-04,40,RETURNED
2007,74,365,2025-12-21,2026-01-04,2026-01-10,30,RETURNED
2008,600,1204,2024-04-27,2024-05-11,2024-05-18,35,RETURNED
2009,2486,103,2023-03-07,2023-03-21,2023-03-20,0,RETURNED
2010,1232,1103,2023-09-25,2023-10-09,2023-10-10,5,RETURNED
2011,2824,1212,2023-04-14,2023-04-28,2023-04-27,0,RETURNED
2012,223,1981,2023-04-30,2023-05-14,2023-05-11,0,RETURNED
2013,735,813,2024-03-21,2024-04-04,2024-04-07,15,RETURNED
2014,2167,664,2025-05-02,2025-05-16,2025-05-24,40,RETURNED
2015,482,276,2023-05-24,2023-06-07,2023-06-07,0,RETURNED
2016,835,1782,2025-04-16,2025-04-30,2025-05-05,25,RETURNED
2017,2261,319,2023-04-28,2023-05-12,2023-05-15,15,RETURNED
2018,2774,130,2024-04-24,2024-05-08,2024-05-14,30,RETURNED
2019,336,770,2025-08-06,2025-08-20,2025-08-20,0,RETURNED
2020,1636,898,2024-12-05,2024-12-19,,0,OVERDUE
2021,2411,514,2025-12-05,2025-12-19,2025-12-26,35,RETURNED
2022,1364,92,2023-10-11,2023-10-25,,0,OVERDUE
2023,2509,1301,2025-04-25,2025-05-09,2025-05-13,20,RETURNED
2024,1007,186,2023-12-30,2024-01-13,,0,OVERDUE
2025,2065,1307,2023-10-03,2023-10-17,2023-10-15,0,RETURNED
2026,2966,359,2023-12-13,2023-12-27,,0,ISSUED
2027,2930,719,2024-11-27,2024-12-11,2024-12-16,25,RETURNED
2028,291,166,2025-06-10,2025-06-24,,0,OVERDUE
2029,2258,455,2023-01-05,2023-01-19,,0,ISSUED
2030,2762,427,2023-05-16,2023-05-30,2023-06-06,35,RETURNED
2031,1723,1135,2024-10-14,2024-10-28,2024-10-30,10,RETURNED
2032,1793,1543,2023-11-27,2023-12-11,2023-12-17,30,RETURNED
2033,2941,680,2024-03-22,2024-04-05,2024-04-15,50,RETURNED
2034,958,1456,2025-09-04,2025-09-18,,0,OVERDUE
2035,631,763,2025-01-13,2025-01-27,,0,ISSUED
2036,1122,1771,2025-07-27,2025-08-10,2025-08-14,20,RETURNED
2037,297,1963,2023-05-21,2023-06-04,2023-06-09,25,RETURNED
2038,1460,384,2025-08-21,2025-09-04,2025-09-11,35,RETURNED
2039,2443,1639,2025-01-28,2025-02-11,2025-02-06,0,RETURNED
2040,1830,984,2025-04-28,2025-05-12,2025-05-22,50,RETURNED
2041,1625,1437,2024-07-03,2024-07-17,,0,ISSUED
2042,491,301,2025-04-18,2025-05-02,2025-05-12,50,RETURNED
2043,2268,1660,2023-07-24,2023-08-07,2023-08-08,5,RETURNED
2044,1914,178,2023-05-23,2023-06-06,2023-06-03,0,RETURNED
2045,1809,684,2025-06-21,2025-07-05,2025-07-13,40,RETURNED
2046,991,736,2025-11-22,2025-12-06,,0,ISSUED
2047,1062,1928,2023-06-18,2023-07-02,2023-07-05,15,RETURNED
2048,1185,1772,2025-08-10,2025-08-24,2025-08-23,0,RETURNED
2049,2601,1835,2024-06-20,2024-07-04,2024-07-02,0,RETURNED
2050,326,1853,2023-11-12,2023-11-26,2023-11-28,10,RETURNED
2051,113,189,2024-04-18,2024-05-02,2024-05-12,50,RETURNED
2052,2557,23,2023-12-31,2024-01-14,2024-01-11,0,RETURNED
2053,1142,937,2023-07-15,2023-07-29,,0,OVERDUE
2054,1566,483,2024-06-19,2024-07-03,2024-07-12,45,RETURNED
2055,1207,1360,2023-06-30,2023-07-14,2023-07-22,40,RETURNED
2056,1155,1111,2023-01-28,2023-02-11,2023-02-11,0,RETURNED
2057,2832,1435,2025-02-14,2025-02-28,2025-03-08,40,RETURNED
2058,400,199,2024-01-29,2024-02-12,,0,ISSUED
2059,1491,873,2023-04-06,2023-04-20,2023-04-16,0,RETURNED
2060,1338,1896,2024-12-25,2025-01-08,2025-01-09,5,RETURNED
2061,835,1659,2023-07-20,2023-08-03,2023-08-06,15,RETURNED
2062,327,432,2024-09-17,2024-10-01,2024-10-11,50,RETURNED
2063,815,233,2025-05-01,2025-05-15,,0,OVERDUE
2064,1292,1057,2024-05-30,2024-06-13,2024-06-14,5,RETURNED
2065,743,801,2025-05-25,2025-06-08,2025-06-18,50,RETURNED
2066,1169,1355,2024-05-15,2024-05-29,2024-06-08,50,RETURNED
2067,519,1683,2023-07-17,2023-07-31,2023-07-31,0,RETURNED
2068,1520,1914,2025-07-08,2025-07-22,2025-07-21,0,RETURNED
2069,1437,356,2023-03-16,2023-03-30,2023-03-25,0,RETURNED
2070,159,1217,2025-11-10,2025-11-24,2025-11-29,25,RETURNED
2071,2526,183,2024-08-16,2024-08-30,2024-09-05,30,RETURNED
2072,280,65,2023-11-19,2023-12-03,2023-12-13,50,RETURNED
2073,56,276,2024-12-05,2024-12-19,2024-12-18,0,RETURNED
2074,2810,743,2024-09-07,2024-09-21,2024-09-24,15,RETURNED
2075,1029,113,2023-10-22,2023-11-05,2023-11-03,0,RETURNED
2076,2218,345,2024-07-28,2024-08-11,,0,OVERDUE
2077,958,1231,2023-07-20,2023-08-03,2023-08-10,35,RETURNED
2078,1674,167,2025-09-22,2025-10-06,2025-10-12,30,RETURNED
2079,383,1890,2024-08-08,2024-08-22,2024-08-20,0,RETURNED
2080,1642,1851,2025-07-20,2025-08-03,2025-08-01,0,RETURNED
2081,629,145,2024-06-20,2024-07-04,2024-06-29,0,RETURNED
2082,500,1569,2024-09-22,2024-10-06,2024-10-09,15,RETURNED
2083,2701,579,2023-05-16,2023-05-30,,0,OVERDUE
2084,1277,678,2023-11-20,2023-12-04,2023-12-04,0,RETURNED
2085,1696,1516,2023-11-20,2023-12-04,2023-12-10,30,RETURNED
2086,315,225,2025-06-15,2025-06-29,2025-07-09,50,RETURNED
2087,2601,880,2025-05-08,2025-05-22,,0,OVERDUE
2088,1565,1508,2023-01-23,2023-02-06,2023-02-10,20,RETURNED
2089,510,211,2025-08-04,2025-08-18,2025-08-21,15,RETURNED
2090,1928,247,2025-07-10,2025-07-24,2025-07-28,20,RETURNED
2091,2994,887,2023-07-02,2023-07-16,2023-07-14,0,RETURNED
2092,2549,1362,2023-03-09,2023-03-23,2023-03-19,0,RETURNED
2093,806,1467,2023-05-14,2023-05-28,2023-05-30,10,RETURNED
2094,578,541,2025-12-01,2025-12-15,,0,ISSUED
2095,75,1528,2023-12-04,2023-12-18,2023-12-21,15,RETURNED
2096,2270,1467,2024-07-12,2024-07-26,,0,ISSUED
2097,1598,800,2025-08-08,2025-08-22,,0,OVERDUE
2098,298,821,2024-04-02,2024-04-16,2024-04-24,40,RETURNED
2099,2659,673,2025-12-29,2026-01-12,,0,OVERDUE
2100,1773,1899,2024-10-16,2024-10-30,,0,OVERDUE
2101,1071,1330,2025-04-15,2025-04-29,2025-05-01,10,RETURNED
2102,2363,1284,2023-05-11,2023-05-25,2023-05-24,0,RETURNED
2103,962,1205,2024-06-09,2024-06-23,2024-06-24,5,RETURNED
2104,2325,1244,2023-11-30,2023-12-14,,0,ISSUED
2105,2902,28,2023-02-28,2023-03-14,2023-03-19,25,RETURNED
2106,2953,71,2024-04-18,2024-05-02,,0,OVERDUE
2107,2641,882,2024-12-08,2024-12-22,2024-12-23,5,RETURNED
2108,2920,111,2024-06-12,2024-06-26,2024-06-21,0,RETURNED
2109,2400,963,2024-01-16,2024-01-30,2024-01-26,0,RETURNED
2110,1616,959,2024-12-23,2025-01-06,2025-01-02,0,RETURNED
2111,2614,1059,2023-11-02,2023-11-16,2023-11-18,10,RETURNED
2112,2677,1616,2023-12-17,2023-12-31,2024-01-09,45,RETURNED
2113,1031,1435,2023-01-21,2023-02-04,,0,ISSUED
2114,2323,526,2025-03-18,2025-04-01,2025-04-04,15,RETURNED
2115,382,692,2025-08-05,2025-08-19,2025-08-20,5,RETURNED
2116,2967,1289,2023-07-25,2023-08-08,2023-08-13,25,RETURNED
2117,913,1023,2024-05-18,2024-06-01,2024-06-08,35,RETURNED
2118,2279,1994,2024-06-02,2024-06-16,2024-06-22,30,RETURNED
2119,2993,1176,2023-03-07,2023-03-21,,0,OVERDUE
2120,69,1862,2023-09-16,2023-09-30,2023-10-06,30,RETURNED
2121,1499,1429,2024-03-24,2024-04-07,,0,ISSUED
2122,139,1138,2025-11-03,2025-11-17,2025-11-14,0,RETURNED
2123,2019,1844,2024-06-24,2024-07-08,2024-07-12,20,RETURNED
2124,2920,134,2023-02-26,2023-03-12,2023-03-10,0,RETURNED
2125,2944,1477,2025-09-26,2025-10-10,,0,ISSUED
2126,2030,1917,2024-09-13,2024-09-27,2024-09-23,0,RETURNED
2127,1347,958,2023-01-18,2023-02-01,2023-02-04,15,RETURNED
2128,149,1960,2024-06-07,2024-06-21,2024-06-30,45,RETURNED
2129,823,13,2023-05-25,2023-06-08,2023-06-14,30,RETURNED
2130,345,672,2025-06-05,2025-06-19,2025-06-25,30,RETURNED
2131,1288,1545,2024-06-24,2024-07-08,,0,OVERDUE
2132,2952,201,2023-09-14,2023-09-28,2023-09-25,0,RETURNED
2133,378,788,2025-07-27,2025-08-10,2025-08-15,25,RETURNED
2134,1518,1155,2025-07-02,2025-07-16,2025-07-15,0,RETURNED
2135,2369,376,2025-09-04,2025-09-18,2025-09-27,45,RETURNED
2136,473,382,2023-02-06,2023-02-20,2023-02-25,25,RETURNED
2137,387,520,2025-04-17,2025-05-01,2025-05-10,45,RETURNED
2138,2093,1673,2023-08-30,2023-09-13,,0,OVERDUE
2139,1368,1330,2024-12-28,2025-01-11,,0,ISSUED
2140,2815,679,2025-03-29,2025-04-12,2025-04-14,10,RETURNED
2141,1904,576,2025-02-12,2025-02-26,2025-02-28,10,RETURNED
2142,1066,1917,2024-04-26,2024-05-10,2024-05-17,35,RETURNED
2143,1073,1104,2025-11-24,2025-12-08,2025-12-10,10,RETURNED
2144,1549,390,2024-12-12,2024-12-26,,0,OVERDUE
2145,1994,740,2024-07-17,2024-07-31,,0,ISSUED
2146,1453,824,2023-12-13,2023-12-27,,0,OVERDUE
2147,787,1007,2025-11-25,2025-12-09,2025-12-15,30,RETURNED
2148,467,734,2025-02-09,2025-02-23,2025-02-26,15,RETURNED
2149,1083,1299,2023-07-31,2023-08-14,,0,OVERDUE
2150,2540,1269,2024-09-03,2024-09-17,2024-09-14,0,RETURNED
2151,2212,643,2025-12-17,2025-12-31,2026-01-09,45,RETURNED
2152,2216,231,2023-05-25,2023-06-08,,0,OVERDUE
2153,2498,1599,2025-03-15,2025-03-29,,0,OVERDUE
2154,2628,1717,2023-03-02,2023-03-16,,0,OVERDUE
2155,662,1211,2025-08-22,2025-09-05,2025-09-13,40,RETURNED
2156,1171,627,2024-07-07,2024-07-21,2024-07-21,0,RETURNED
2157,1063,159,2024-07-23,2024-08-06,2024-08-10,20,RETURNED
2158,1396,353,2024-08-05,2024-08-19,,0,OVERDUE
2159,754,493,2023-01-06,2023-01-20,2023-01-28,40,RETURNED
2160,928,50,2024-05-31,2024-06-14,2024-06-18,20,RETURNED
2161,1416,978,2023-07-04,2023-07-18,,0,ISSUED
2162,852,267,2024-09-14,2024-09-28,2024-09-30,10,RETURNED
2163,2145,306,2024-10-11,2024-10-25,2024-10-23,0,RETURNED
2164,1985,1019,2025-12-22,2026-01-05,2025-12-31,0,RETURNED
2165,999,173,2024-07-25,2024-08-08,2024-08-04,0,RETURNED
2166,640,1237,2024-02-11,2024-02-25,2024-02-28,15,RETURNED
2167,875,568,2023-03-05,2023-03-19,2023-03-24,25,RETURNED
2168,659,1554,2025-09-15,2025-09-29,2025-10-01,10,RETURNED
2169,1787,548,2025-05-29,2025-06-12,2025-06-12,0,RETURNED
2170,1368,67,2024-04-09,2024-04-23,2024-05-03,50,RETURNED
2171,960,1512,2024-08-11,2024-08-25,2024-09-01,35,RETURNED
2172,970,1070,2023-08-25,2023-09-08,2023-09-06,0,RETURNED
2173,2112,1221,2023-02-11,2023-02-25,2023-03-05,40,RETURNED
2174,1916,1003,2024-06-11,2024-06-25,2024-06-27,10,RETURNED
2175,2140,694,2025-06-12,2025-06-26,2025-07-03,35,RETURNED
2176,812,409,2023-09-11,2023-09-25,,0,OVERDUE
2177,2365,686,2023-05-20,2023-06-03,2023-06-11,40,RETURNED
2178,759,1494,2025-10-06,2025-10-20,,0,OVERDUE
2179,2426,80,2025-08-18,2025-09-01,2025-09-02,5,RETURNED
2180,442,1214,2023-02-23,2023-03-09,2023-03-09,0,RETURNED
2181,839,1492,2023-09-25,2023-10-09,2023-10-16,35,RETURNED
2182,41,392,2025-04-04,2025-04-18,2025-04-13,0,RETURNED
2183,2070,404,2023-12-13,2023-12-27,2024-01-05,45,RETURNED
2184,2537,1329,2025-03-22,2025-04-05,2025-04-03,0,RETURNED
2185,787,1579,2024-01-02,2024-01-16,2024-01-16,0,RETURNED
2186,659,529,2024-03-22,2024-04-05,2024-04-07,10,RETURNED
2187,1591,46,2024-04-18,2024-05-02,2024-05-05,15,RETURNED
2188,2725,1497,2023-11-02,2023-11-16,2023-11-23,35,RETURNED
2189,2144,434,2023-08-24,2023-09-07,2023-09-14,35,RETURNED
2190,1040,1724,2024-03-21,2024-04-04,,0,ISSUED
2191,2522,1643,2025-09-26,2025-10-10,,0,OVERDUE
2192,607,1482,2023-09-13,2023-09-27,2023-09-26,0,RETURNED
2193,756,1749,2024-07-26,2024-08-09,2024-08-07,0,RETURNED
2194,2689,772,2025-06-23,2025-07-07,2025-07-13,30,RETURNED
2195,525,992,2025-08-07,2025-08-21,2025-08-17,0,RETURNED
2196,294,687,2024-10-23,2024-11-06,2024-11-16,50,RETURNED
2197,2335,1303,2024-12-25,2025-01-08,2025-01-17,45,RETURNED
2198,2681,458,2024-03-27,2024-04-10,2024-04-10,0,RETURNED
2199,1445,1182,2023-01-30,2023-02-13,,0,ISSUED
2200,2012,433,2024-04-16,2024-04-30,2024-05-08,40,RETURNED
2201,442,1857,2025-08-03,2025-08-17,2025-08-26,45,RETURNED
2202,2924,328,2024-03-17,2024-03-31,2024-04-07,35,RETURNED
2203,1561,1470,2023-05-12,2023-05-26,2023-05-29,15,RETURNED
2204,2502,1163,2025-11-15,2025-11-29,2025-12-01,10,RETURNED
2205,2733,565,2025-03-23,2025-04-06,,0,OVERDUE
2206,1088,1015,2025-04-06,2025-04-20,2025-04-23,15,RETURNED
2207,828,221,2023-11-19,2023-12-03,2023-12-01,0,RETURNED
2208,1632,683,2024-06-05,2024-06-19,2024-06-19,0,RETURNED
2209,2090,1829,2023-08-21,2023-09-04,2023-09-14,50,RETURNED
2210,203,1784,2025-06-24,2025-07-08,2025-07-06,0,RETURNED
2211,117,1827,2024-09-30,2024-10-14,2024-10-09,0,RETURNED
2212,2451,1499,2024-04-16,2024-04-30,2024-05-04,20,RETURNED
2213,1087,798,2023-11-19,2023-12-03,2023-12-02,0,RETURNED
2214,774,306,2024-07-06,2024-07-20,2024-07-15,0,RETURNED
2215,716,1068,2024-02-04,2024-02-18,,0,ISSUED
2216,386,1418,2024-09-22,2024-10-06,2024-10-04,0,RETURNED
2217,82,368,2025-07-07,2025-07-21,,0,OVERDUE
2218,2843,456,2023-12-31,2024-01-14,2024-01-14,0,RETURNED
2219,2767,249,2023-10-04,2023-10-18,2023-10-19,5,RETURNED
2220,400,1178,2024-07-30,2024-08-13,,0,ISSUED
2221,201,461,2025-12-27,2026-01-10,2026-01-13,15,RETURNED
2222,525,975,2025-01-09,2025-01-23,2025-01-24,5,RETURNED
2223,2967,299,2025-04-26,2025-05-10,2025-05-10,0,RETURNED
2224,2452,1600,2023-07-21,2023-08-04,,0,ISSUED
2225,2965,1734,2025-09-20,2025-10-04,2025-10-10,30,RETURNED
2226,1331,1526,2023-03-28,2023-04-11,2023-04-20,45,RETURNED
2227,702,778,2024-01-19,2024-02-02,2024-02-12,50,RETURNED
2228,1541,1149,2024-09-30,2024-10-14,2024-10-09,0,RETURNED
2229,1095,1743,2024-08-18,2024-09-01,2024-09-07,30,RETURNED
2230,1440,1446,2023-04-24,2023-05-08,2023-05-08,0,RETURNED
2231,1513,1426,2023-03-02,2023-03-16,2023-03-19,15,RETURNED
2232,969,632,2023-03-16,2023-03-30,2023-04-08,45,RETURNED
2233,724,118,2024-01-07,2024-01-21,2024-01-23,10,RETURNED
2234,2937,350,2025-04-17,2025-05-01,,0,OVERDUE
2235,2608,108,2025-03-27,2025-04-10,,0,ISSUED
2236,2171,936,2025-12-22,2026-01-05,2026-01-07,10,RETURNED
2237,671,1090,2025-10-01,2025-10-15,2025-10-15,0,RETURNED
2238,2407,812,2023-10-29,2023-11-12,2023-11-20,40,RETURNED
2239,1593,1968,2024-04-23,2024-05-07,2024-05-17,50,RETURNED
2240,1138,79,2023-06-13,2023-06-27,2023-06-26,0,RETURNED
2241,2496,672,2024-03-18,2024-04-01,2024-04-11,50,RETURNED
2242,1276,1818,2025-12-29,2026-01-12,2026-01-17,25,RETURNED
2243,2001,434,2025-01-08,2025-01-22,2025-01-20,0,RETURNED
2244,2438,369,2023-11-13,2023-11-27,2023-11-26,0,RETURNED
2245,887,686,2025-02-27,2025-03-13,2025-03-21,40,RETURNED
2246,1423,1517,2025-02-26,2025-03-12,2025-03-08,0,RETURNED
2247,1720,473,2025-09-01,2025-09-15,2025-09-17,10,RETURNED
2248,2983,311,2023-03-16,2023-03-30,2023-04-01,10,RETURNED
2249,2482,735,2025-02-23,2025-03-09,2025-03-10,5,RETURNED
2250,2491,59,2023-08-31,2023-09-14,2023-09-20,30,RETURNED
2251,494,1669,2023-09-19,2023-10-03,2023-10-07,20,RETURNED
2252,97,423,2024-11-11,2024-11-25,2024-11-25,0,RETURNED
2253,2103,46,2023-11-19,2023-12-03,2023-12-01,0,RETURNED
2254,1848,1402,2023-06-12,2023-06-26,,0,ISSUED
2255,1737,1972,2025-02-19,2025-03-05,2025-03-02,0,RETURNED
2256,2560,946,2024-01-06,2024-01-20,,0,OVERDUE
2257,166,346,2024-09-18,2024-10-02,2024-10-01,0,RETURNED
2258,2711,1934,2024-01-23,2024-02-06,2024-02-11,25,RETURNED
2259,1911,1073,2024-01-25,2024-02-08,2024-02-15,35,RETURNED
2260,2884,1597,2024-05-03,2024-05-17,2024-05-15,0,RETURNED
2261,1061,1039,2024-01-18,2024-02-01,2024-02-04,15,RETURNED
2262,947,1973,2025-04-30,2025-05-14,,0,ISSUED
2263,1664,80,2024-10-15,2024-10-29,2024-10-27,0,RETURNED
2264,1952,233,2024-06-26,2024-07-10,2024-07-08,0,RETURNED
2265,1110,1605,2025-06-08,2025-06-22,,0,OVERDUE
2266,2027,183,2024-05-02,2024-05-16,2024-05-24,40,RETURNED
2267,2149,909,2025-01-12,2025-01-26,2025-02-01,30,RETURNED
2268,374,341,2025-01-14,2025-01-28,2025-01-24,0,RETURNED
2269,1826,1470,2024-09-16,2024-09-30,,0,ISSUED
2270,1163,915,2023-07-03,2023-07-17,2023-07-15,0,RETURNED
2271,825,96,2024-07-14,2024-07-28,2024-07-25,0,RETURNED
2272,1930,1764,2023-12-28,2024-01-11,2024-01-07,0,RETURNED
2273,1382,1850,2024-03-14,2024-03-28,2024-03-29,5,RETURNED
2274,2445,1118,2024-08-07,2024-08-21,2024-08-19,0,RETURNED
2275,2471,1354,2024-03-28,2024-04-11,2024-04-13,10,RETURNED
2276,2449,1861,2023-09-16,2023-09-30,2023-10-10,50,RETURNED
2277,657,712,2024-09-15,2024-09-29,2024-10-08,45,RETURNED
2278,690,939,2024-04-23,2024-05-07,2024-05-16,45,RETURNED
2279,1557,1067,2023-02-27,2023-03-13,2023-03-22,45,RETURNED
2280,1808,523,2024-01-21,2024-02-04,,0,ISSUED
2281,1756,232,2024-09-17,2024-10-01,2024-10-01,0,RETURNED
2282,1740,1384,2023-08-17,2023-08-31,,0,OVERDUE
2283,2886,1010,2025-09-25,2025-10-09,,0,OVERDUE
2284,138,1593,2024-03-09,2024-03-23,,0,OVERDUE
2285,1450,608,2023-09-15,2023-09-29,2023-09-24,0,RETURNED
2286,2196,539,2023-12-13,2023-12-27,2024-01-05,45,RETURNED
2287,965,327,2023-07-27,2023-08-10,2023-08-07,0,RETURNED
2288,1052,1593,2025-07-25,2025-08-08,2025-08-03,0,RETURNED
2289,2665,381,2024-01-31,2024-02-14,2024-02-22,40,RETURNED
2290,2293,577,2024-12-22,2025-01-05,2025-01-12,35,RETURNED
2291,2241,1805,2024-12-05,2024-12-19,2024-12-26,35,RETURNED
2292,169,241,2023-03-12,2023-03-26,2023-03-21,0,RETURNED
2293,2456,1313,2025-10-24,2025-11-07,2025-11-03,0,RETURNED
2294,281,1007,2025-11-21,2025-12-05,2025-12-15,50,RETURNED
2295,915,29,2025-01-27,2025-02-10,,0,ISSUED
2296,919,811,2025-11-21,2025-12-05,2025-12-11,30,RETURNED
2297,823,449,2025-04-17,2025-05-01,2025-04-27,0,RETURNED
2298,988,1546,2025-12-02,2025-12-16,2025-12-12,0,RETURNED
2299,1249,1321,2023-11-22,2023-12-06,2023-12-05,0,RETURNED
2300,2727,1616,2025-06-26,2025-07-10,2025-07-08,0,RETURNED
2301,371,667,2025-03-13,2025-03-27,,0,OVERDUE
2302,514,101,2025-04-08,2025-04-22,2025-04-19,0,RETURNED
2303,2225,505,2025-09-17,2025-10-01,2025-10-01,0,RETURNED
2304,2000,861,2023-05-10,2023-05-24,,0,ISSUED
2305,2261,777,2025-01-31,2025-02-14,2025-02-23,45,RETURNED
2306,1041,729,2023-09-14,2023-09-28,2023-09-23,0,RETURNED
2307,467,1173,2024-10-09,2024-10-23,2024-10-25,10,RETURNED
2308,1155,1847,2023-02-16,2023-03-02,2023-03-01,0,RETURNED
2309,2648,1213,2025-02-15,2025-03-01,2025-03-01,0,RETURNED
2310,2556,1864,2025-12-15,2025-12-29,2025-12-30,5,RETURNED
2311,2664,1702,2025-06-18,2025-07-02,2025-06-29,0,RETURNED
2312,1347,1190,2025-04-12,2025-04-26,2025-04-24,0,RETURNED
2313,1696,377,2024-01-24,2024-02-07,2024-02-05,0,RETURNED
2314,2033,94,2025-01-18,2025-02-01,,0,OVERDUE
2315,31,1773,2024-08-15,2024-08-29,2024-09-01,15,RETURNED
2316,936,1405,2023-02-09,2023-02-23,2023-03-01,30,RETURNED
2317,2705,860,2024-04-30,2024-05-14,,0,ISSUED
2318,9,1005,2025-08-20,2025-09-03,2025-09-11,40,RETURNED
2319,264,278,2025-11-15,2025-11-29,,0,ISSUED
2320,266,628,2024-07-21,2024-08-04,,0,ISSUED
2321,2094,335,2024-08-08,2024-08-22,2024-08-26,20,RETURNED
2322,1589,926,2024-05-19,2024-06-02,2024-06-01,0,RETURNED
2323,459,1423,2023-05-05,2023-05-19,2023-05-24,25,RETURNED
2324,1218,407,2023-05-11,2023-05-25,2023-06-04,50,RETURNED
2325,893,1307,2023-10-04,2023-10-18,,0,ISSUED
2326,2685,1949,2023-06-14,2023-06-28,2023-06-25,0,RETURNED
2327,4,1664,2024-06-17,2024-07-01,2024-07-11,50,RETURNED
2328,2655,33,2025-09-19,2025-10-03,2025-10-01,0,RETURNED
2329,2101,648,2023-01-16,2023-01-30,,0,OVERDUE
2330,2004,900,2025-02-11,2025-02-25,2025-03-04,35,RETURNED
2331,2910,1048,2023-04-05,2023-04-19,,0,OVERDUE
2332,870,225,2025-09-21,2025-10-05,2025-10-11,30,RETURNED
2333,2518,282,2023-12-06,2023-12-20,2023-12-21,5,RETURNED
2334,857,1635,2024-07-08,2024-07-22,2024-07-31,45,RETURNED
2335,1078,1171,2023-09-02,2023-09-16,2023-09-20,20,RETURNED
2336,1395,664,2024-09-12,2024-09-26,2024-09-25,0,RETURNED
2337,1975,163,2023-11-19,2023-12-03,2023-12-02,0,RETURNED
2338,2995,1707,2024-06-19,2024-07-03,,0,ISSUED
2339,1774,772,2023-10-09,2023-10-23,,0,ISSUED
2340,1686,1108,2023-11-17,2023-12-01,2023-12-06,25,RETURNED
2341,2131,1199,2025-06-09,2025-06-23,2025-07-01,40,RETURNED
2342,2590,423,2024-08-06,2024-08-20,,0,OVERDUE
2343,1060,325,2024-07-14,2024-07-28,,0,OVERDUE
2344,2766,112,2024-03-21,2024-04-04,,0,ISSUED
2345,2630,1811,2023-09-27,2023-10-11,2023-10-16,25,RETURNED
2346,1022,1595,2025-02-26,2025-03-12,2025-03-15,15,RETURNED
2347,927,241,2023-07-01,2023-07-15,2023-07-20,25,RETURNED
2348,48,1508,2023-09-17,2023-10-01,,0,OVERDUE
2349,1030,1581,2023-05-27,2023-06-10,2023-06-12,10,RETURNED
2350,2666,1090,2023-04-15,2023-04-29,2023-05-08,45,RETURNED
2351,1188,926,2023-06-04,2023-06-18,2023-06-21,15,RETURNED
2352,2580,1321,2024-06-25,2024-07-09,2024-07-15,30,RETURNED
2353,1662,423,2025-02-25,2025-03-11,2025-03-14,15,RETURNED
2354,2019,71,2024-02-09,2024-02-23,2024-02-21,0,RETURNED
2355,1584,866,2023-07-19,2023-08-02,2023-07-29,0,RETURNED
2356,837,1797,2023-01-14,2023-01-28,2023-01-23,0,RETURNED
2357,1266,329,2024-05-01,2024-05-15,2024-05-20,25,RETURNED
2358,951,673,2023-10-19,2023-11-02,2023-11-05,15,RETURNED
2359,1240,354,2025-07-06,2025-07-20,2025-07-16,0,RETURNED
2360,2485,1739,2024-02-19,2024-03-04,,0,ISSUED
2361,890,1481,2025-02-25,2025-03-11,,0,OVERDUE
2362,2066,1795,2024-11-04,2024-11-18,2024-11-18,0,RETURNED
2363,750,920,2023-08-22,2023-09-05,,0,OVERDUE
2364,1561,1923,2024-01-12,2024-01-26,,0,ISSUED
2365,2819,449,2025-04-20,2025-05-04,,0,ISSUED
2366,272,826,2023-01-17,2023-01-31,,0,OVERDUE
2367,962,347,2025-06-10,2025-06-24,2025-06-25,5,RETURNED
2368,2939,1062,2025-12-23,2026-01-06,,0,ISSUED
2369,2100,269,2023-11-18,2023-12-02,,0,OVERDUE
2370,208,1161,2023-07-15,2023-07-29,2023-08-04,30,RETURNED
2371,2641,448,2023-06-18,2023-07-02,,0,OVERDUE
2372,1386,1399,2023-07-31,2023-08-14,2023-08-16,10,RETURNED
2373,75,442,2024-07-18,2024-08-01,2024-07-31,0,RETURNED
2374,905,1331,2025-03-12,2025-03-26,2025-03-28,10,RETURNED
2375,1095,1073,2024-04-03,2024-04-17,,0,OVERDUE
2376,1793,52,2024-12-09,2024-12-23,2025-01-02,50,RETURNED
2377,1447,1080,2023-04-11,2023-04-25,2023-04-22,0,RETURNED
2378,2512,1668,2025-09-16,2025-09-30,2025-09-27,0,RETURNED
2379,2553,1402,2024-10-03,2024-10-17,2024-10-22,25,RETURNED
2380,2347,371,2023-07-05,2023-07-19,2023-07-19,0,RETURNED
2381,2437,88,2025-05-07,2025-05-21,2025-05-17,0,RETURNED
2382,1131,1449,2023-12-06,2023-12-20,2023-12-19,0,RETURNED
2383,1620,1849,2025-05-12,2025-05-26,2025-06-03,40,RETURNED
2384,481,676,2024-10-27,2024-11-10,,0,ISSUED
2385,2561,1152,2024-10-05,2024-10-19,2024-10-28,45,RETURNED
2386,2349,1941,2025-06-23,2025-07-07,,0,ISSUED
2387,1787,130,2025-11-29,2025-12-13,2025-12-11,0,RETURNED
2388,165,1701,2025-03-03,2025-03-17,,0,OVERDUE
2389,1400,1689,2023-02-06,2023-02-20,2023-02-24,20,RETURNED
2390,1477,991,2023-07-17,2023-07-31,,0,OVERDUE
2391,1138,38,2024-11-20,2024-12-04,2024-12-07,15,RETURNED
2392,1490,797,2025-08-07,2025-08-21,2025-08-27,30,RETURNED
2393,902,1353,2023-08-13,2023-08-27,2023-08-25,0,RETURNED
2394,1601,1071,2025-07-02,2025-07-16,,0,ISSUED
2395,962,1341,2023-04-17,2023-05-01,2023-05-04,15,RETURNED
2396,353,53,2025-05-26,2025-06-09,2025-06-11,10,RETURNED
2397,1612,1133,2023-04-07,2023-04-21,2023-04-29,40,RETURNED
2398,2562,263,2024-08-17,2024-08-31,,0,ISSUED
2399,86,42,2024-05-15,2024-05-29,2024-06-08,50,RETURNED
2400,2287,885,2025-09-24,2025-10-08,,0,ISSUED
2401,2706,1729,2025-09-27,2025-10-11,2025-10-08,0,RETURNED
2402,2389,1343,2025-07-10,2025-07-24,2025-07-26,10,RETURNED
2403,602,1901,2024-08-08,2024-08-22,2024-08-23,5,RETURNED
2404,1314,1894,2023-01-08,2023-01-22,2023-01-21,0,RETURNED
2405,25,800,2023-06-05,2023-06-19,2023-06-19,0,RETURNED
2406,2419,1983,2025-06-05,2025-06-19,2025-06-22,15,RETURNED
2407,690,1258,2023-08-02,2023-08-16,,0,ISSUED
2408,1157,1627,2024-10-09,2024-10-23,,0,OVERDUE
2409,2731,431,2024-09-10,2024-09-24,2024-09-25,5,RETURNED
2410,1591,126,2023-06-18,2023-07-02,2023-07-07,25,RETURNED
2411,1356,1956,2025-02-11,2025-02-25,2025-03-01,20,RETURNED
2412,2465,1499,2025-09-06,2025-09-20,2025-09-16,0,RETURNED
2413,2916,943,2024-06-11,2024-06-25,2024-06-21,0,RETURNED
2414,2574,32,2025-06-07,2025-06-21,2025-06-16,0,RETURNED
2415,800,1927,2025-02-05,2025-02-19,,0,ISSUED
2416,1344,1570,2023-10-13,2023-10-27,2023-11-05,45,RETURNED
2417,463,1147,2023-05-12,2023-05-26,2023-05-26,0,RETURNED
2418,2791,1765,2024-01-06,2024-01-20,2024-01-29,45,RETURNED
2419,1044,1505,2024-02-15,2024-02-29,,0,ISSUED
2420,2791,1920,2023-12-10,2023-12-24,2024-01-02,45,RETURNED
2421,1833,699,2023-04-08,2023-04-22,2023-04-17,0,RETURNED
2422,1115,1220,2024-08-18,2024-09-01,2024-08-30,0,RETURNED
2423,2440,1622,2024-02-08,2024-02-22,2024-02-27,25,RETURNED
2424,2013,921,2023-07-09,2023-07-23,2023-07-18,0,RETURNED
2425,1886,773,2023-08-12,2023-08-26,,0,OVERDUE
2426,1149,1662,2024-04-14,2024-04-28,2024-05-07,45,RETURNED
2427,776,342,2023-03-14,2023-03-28,2023-04-06,45,RETURNED
2428,1974,192,2024-05-23,2024-06-06,2024-06-10,20,RETURNED
2429,187,79,2024-01-25,2024-02-08,2024-02-12,20,RETURNED
2430,1202,896,2023-05-20,2023-06-03,2023-06-05,10,RETURNED
2431,2417,802,2025-09-30,2025-10-14,2025-10-11,0,RETURNED
2432,2165,1427,2023-12-07,2023-12-21,2023-12-21,0,RETURNED
2433,524,655,2024-05-16,2024-05-30,2024-06-01,10,RETURNED
2434,1182,294,2023-02-14,2023-02-28,2023-02-26,0,RETURNED
2435,1327,599,2025-10-11,2025-10-25,2025-10-24,0,RETURNED
2436,1610,1481,2023-07-28,2023-08-11,2023-08-14,15,RETURNED
2437,2000,678,2023-03-03,2023-03-17,2023-03-21,20,RETURNED
2438,2036,1094,2024-01-29,2024-02-12,2024-02-14,10,RETURNED
2439,219,1659,2024-12-07,2024-12-21,,0,OVERDUE
2440,351,1947,2025-11-11,2025-11-25,,0,ISSUED
2441,488,1017,2023-01-09,2023-01-23,2023-01-27,20,RETURNED
2442,1820,1040,2025-02-11,2025-02-25,2025-02-24,0,RETURNED
2443,1357,234,2024-02-23,2024-03-08,,0,OVERDUE
2444,1572,161,2024-12-31,2025-01-14,2025-01-19,25,RETURNED
2445,392,216,2023-11-26,2023-12-10,2023-12-07,0,RETURNED
2446,182,901,2024-02-24,2024-03-09,2024-03-16,35,RETURNED
2447,672,1016,2025-09-02,2025-09-16,2025-09-12,0,RETURNED
2448,448,618,2024-11-13,2024-11-27,2024-11-24,0,RETURNED
2449,2755,919,2024-01-31,2024-02-14,,0,OVERDUE
2450,1491,1813,2024-11-06,2024-11-20,,0,OVERDUE
2451,2529,524,2025-02-22,2025-03-08,2025-03-05,0,RETURNED
2452,1521,1941,2025-09-16,2025-09-30,2025-10-02,10,RETURNED
2453,962,76,2025-07-10,2025-07-24,,0,OVERDUE
2454,2251,882,2024-11-09,2024-11-23,,0,ISSUED
2455,180,564,2023-02-24,2023-03-10,2023-03-16,30,RETURNED
2456,2873,287,2024-02-10,2024-02-24,2024-03-04,45,RETURNED
2457,1912,42,2025-07-18,2025-08-01,2025-07-30,0,RETURNED
2458,548,931,2024-07-19,2024-08-02,2024-07-30,0,RETURNED
2459,960,1956,2025-12-19,2026-01-02,2026-01-06,20,RETURNED
2460,2833,1767,2023-07-14,2023-07-28,,0,ISSUED
2461,130,822,2024-12-24,2025-01-07,2025-01-15,40,RETURNED
2462,2342,1237,2024-07-27,2024-08-10,,0,ISSUED
2463,986,465,2023-09-27,2023-10-11,2023-10-19,40,RETURNED
2464,1366,1597,2025-11-14,2025-11-28,2025-12-01,15,RETURNED
2465,2430,300,2024-11-28,2024-12-12,2024-12-09,0,RETURNED
2466,2318,853,2025-12-07,2025-12-21,,0,OVERDUE
2467,2539,674,2025-10-15,2025-10-29,2025-10-24,0,RETURNED
2468,2341,1015,2023-04-18,2023-05-02,2023-05-08,30,RETURNED
2469,1870,1445,2025-06-14,2025-06-28,2025-06-26,0,RETURNED
2470,157,1947,2024-03-10,2024-03-24,2024-03-22,0,RETURNED
2471,1444,812,2023-07-16,2023-07-30,,0,ISSUED
2472,1847,1069,2023-07-05,2023-07-19,2023-07-22,15,RETURNED
2473,1052,1332,2024-01-01,2024-01-15,2024-01-15,0,RETURNED
2474,1998,212,2025-10-25,2025-11-08,2025-11-03,0,RETURNED
2475,559,326,2025-05-13,2025-05-27,2025-05-23,0,RETURNED
2476,1139,1347,2023-12-08,2023-12-22,2023-12-25,15,RETURNED
2477,2343,150,2024-06-26,2024-07-10,2024-07-15,25,RETURNED
2478,1143,1140,2024-11-27,2024-12-11,2024-12-16,25,RETURNED
2479,1568,205,2024-08-03,2024-08-17,2024-08-14,0,RETURNED
2480,2123,1608,2024-10-05,2024-10-19,2024-10-24,25,RETURNED
2481,1784,404,2024-08-17,2024-08-31,2024-08-27,0,RETURNED
2482,2282,1533,2023-10-03,2023-10-17,,0,ISSUED
2483,1684,324,2024-01-20,2024-02-03,2024-02-10,35,RETURNED
2484,2091,1370,2023-08-29,2023-09-12,2023-09-13,5,RETURNED
2485,612,1719,2024-11-11,2024-11-25,,0,ISSUED
2486,2500,838,2023-09-17,2023-10-01,2023-10-03,10,RETURNED
2487,308,1853,2024-01-26,2024-02-09,,0,ISSUED
2488,1806,178,2023-04-14,2023-04-28,2023-05-08,50,RETURNED
2489,1606,1589,2025-10-18,2025-11-01,2025-10-29,0,RETURNED
2490,894,374,2023-03-17,2023-03-31,2023-03-28,0,RETURNED
2491,469,66,2024-07-25,2024-08-08,2024-08-14,30,RETURNED
2492,2985,1910,2023-01-15,2023-01-29,,0,ISSUED
2493,1648,1727,2023-01-12,2023-01-26,2023-02-02,35,RETURNED
2494,669,866,2025-03-06,2025-03-20,,0,OVERDUE
2495,770,1374,2024-09-07,2024-09-21,2024-09-20,0,RETURNED
2496,903,1156,2025-05-05,2025-05-19,2025-05-24,25,RETURNED
2497,1854,1991,2023-03-21,2023-04-04,2023-04-10,30,RETURNED
2498,1500,177,2024-12-03,2024-12-17,,0,OVERDUE
2499,554,81,2023-07-01,2023-07-15,2023-07-11,0,RETURNED
2500,346,1266,2023-02-28,2023-03-14,2023-03-10,0,RETURNED
2501,822,1537,2025-07-16,2025-07-30,2025-07-31,5,RETURNED
2502,2648,230,2025-10-28,2025-11-11,2025-11-19,40,RETURNED
2503,618,1617,2024-01-23,2024-02-06,,0,OVERDUE
2504,1737,114,2025-11-07,2025-11-21,2025-11-29,40,RETURNED
2505,100,1036,2025-12-11,2025-12-25,2025-12-29,20,RETURNED
2506,2522,438,2024-06-30,2024-07-14,2024-07-23,45,RETURNED
2507,2351,1318,2024-08-05,2024-08-19,2024-08-18,0,RETURNED
2508,610,1953,2023-10-08,2023-10-22,2023-10-25,15,RETURNED
2509,2651,490,2025-08-22,2025-09-05,,0,OVERDUE
2510,1834,1704,2025-01-17,2025-01-31,2025-01-26,0,RETURNED
2511,2358,1483,2024-09-12,2024-09-26,2024-09-24,0,RETURNED
2512,2458,1525,2024-11-19,2024-12-03,2024-12-12,45,RETURNED
2513,2901,1397,2025-03-19,2025-04-02,2025-04-03,5,RETURNED
2514,1800,244,2025-05-04,2025-05-18,2025-05-22,20,RETURNED
2515,1924,1711,2025-09-10,2025-09-24,2025-10-04,50,RETURNED
2516,148,851,2025-09-27,2025-10-11,,0,OVERDUE
2517,2987,1525,2025-04-11,2025-04-25,2025-05-02,35,RETURNED
2518,1567,73,2025-05-20,2025-06-03,2025-06-10,35,RETURNED
2519,2114,111,2024-10-23,2024-11-06,2024-11-05,0,RETURNED
2520,2569,1419,2023-08-17,2023-08-31,2023-09-03,15,RETURNED
2521,697,1676,2025-08-05,2025-08-19,,0,OVERDUE
2522,905,354,2023-09-14,2023-09-28,2023-09-24,0,RETURNED
2523,1788,1057,2025-03-08,2025-03-22,2025-03-17,0,RETURNED
2524,856,421,2025-08-27,2025-09-10,2025-09-19,45,RETURNED
2525,1023,128,2024-07-31,2024-08-14,,0,ISSUED
2526,2643,983,2024-10-10,2024-10-24,2024-11-02,45,RETURNED
2527,2522,1600,2023-11-30,2023-12-14,2023-12-21,35,RETURNED
2528,1213,1002,2024-02-28,2024-03-13,2024-03-13,0,RETURNED
2529,1168,288,2025-12-21,2026-01-04,2026-01-12,40,RETURNED
2530,1566,185,2025-12-17,2025-12-31,2025-12-28,0,RETURNED
2531,2454,964,2025-01-15,2025-01-29,2025-02-02,20,RETURNED
2532,1568,1712,2023-05-22,2023-06-05,,0,OVERDUE
2533,913,1379,2025-08-09,2025-08-23,2025-08-21,0,RETURNED
2534,2634,153,2024-03-07,2024-03-21,2024-03-31,50,RETURNED
2535,803,1787,2025-08-26,2025-09-09,2025-09-18,45,RETURNED
2536,1565,394,2024-09-17,2024-10-01,2024-10-11,50,RETURNED
2537,1416,374,2024-10-03,2024-10-17,2024-10-19,10,RETURNED
2538,886,934,2024-03-17,2024-03-31,2024-03-31,0,RETURNED
2539,606,1709,2025-03-26,2025-04-09,2025-04-18,45,RETURNED
2540,871,975,2023-01-08,2023-01-22,2023-01-25,15,RETURNED
2541,44,598,2023-03-27,2023-04-10,2023-04-10,0,RETURNED
2542,2111,663,2023-02-20,2023-03-06,,0,ISSUED
2543,2261,1132,2024-07-03,2024-07-17,2024-07-25,40,RETURNED
2544,535,1506,2025-11-17,2025-12-01,2025-11-26,0,RETURNED
2545,1476,936,2025-03-08,2025-03-22,2025-04-01,50,RETURNED
2546,2995,518,2023-10-22,2023-11-05,,0,ISSUED
2547,2566,294,2023-10-12,2023-10-26,2023-10-30,20,RETURNED
2548,518,1475,2023-11-07,2023-11-21,2023-11-24,15,RETURNED
2549,1069,1900,2024-02-23,2024-03-08,2024-03-04,0,RETURNED
2550,1208,1373,2025-03-09,2025-03-23,2025-03-23,0,RETURNED
2551,2702,1306,2024-08-20,2024-09-03,2024-09-08,25,RETURNED
2552,2390,528,2025-02-28,2025-03-14,2025-03-20,30,RETURNED
2553,1704,130,2024-03-20,2024-04-03,2024-04-04,5,RETURNED
2554,409,227,2023-06-02,2023-06-16,2023-06-18,10,RETURNED
2555,2034,583,2024-06-26,2024-07-10,2024-07-05,0,RETURNED
2556,1330,1450,2025-01-30,2025-02-13,,0,ISSUED
2557,948,857,2023-06-01,2023-06-15,,0,ISSUED
2558,644,1693,2025-06-02,2025-06-16,2025-06-26,50,RETURNED
2559,663,1284,2025-05-07,2025-05-21,2025-05-18,0,RETURNED
2560,2599,230,2025-08-05,2025-08-19,2025-08-29,50,RETURNED
2561,1161,1656,2023-05-06,2023-05-20,2023-05-29,45,RETURNED
2562,2901,1915,2024-09-29,2024-10-13,2024-10-11,0,RETURNED
2563,907,1530,2024-07-30,2024-08-13,2024-08-18,25,RETURNED
2564,2673,1640,2023-07-16,2023-07-30,2023-08-05,30,RETURNED
2565,2137,895,2024-12-05,2024-12-19,2024-12-26,35,RETURNED
2566,1269,703,2023-04-22,2023-05-06,2023-05-05,0,RETURNED
2567,2953,1731,2023-12-24,2024-01-07,2024-01-02,0,RETURNED
2568,1866,443,2024-11-05,2024-11-19,2024-11-15,0,RETURNED
2569,962,1910,2024-06-26,2024-07-10,2024-07-14,20,RETURNED
2570,2975,643,2023-05-23,2023-06-06,2023-06-14,40,RETURNED
2571,1646,1733,2024-11-27,2024-12-11,2024-12-19,40,RETURNED
2572,1929,300,2025-10-06,2025-10-20,2025-10-20,0,RETURNED
2573,1077,429,2024-05-16,2024-05-30,2024-05-31,5,RETURNED
2574,723,1488,2023-06-27,2023-07-11,2023-07-21,50,RETURNED
2575,1998,1027,2025-11-19,2025-12-03,,0,ISSUED
2576,2257,342,2025-09-01,2025-09-15,2025-09-20,25,RETURNED
2577,2229,813,2025-03-14,2025-03-28,2025-04-03,30,RETURNED
2578,1572,208,2024-11-24,2024-12-08,2024-12-07,0,RETURNED
2579,775,791,2023-02-24,2023-03-10,2023-03-05,0,RETURNED
2580,291,796,2023-05-23,2023-06-06,2023-06-06,0,RETURNED
2581,1270,775,2025-02-23,2025-03-09,2025-03-17,40,RETURNED
2582,2734,473,2023-04-04,2023-04-18,2023-04-19,5,RETURNED
2583,2651,1566,2024-05-02,2024-05-16,2024-05-12,0,RETURNED
2584,1017,562,2025-10-23,2025-11-06,2025-11-03,0,RETURNED
2585,1174,1335,2025-01-23,2025-02-06,2025-02-06,0,RETURNED
2586,2642,1423,2024-07-13,2024-07-27,2024-08-03,35,RETURNED
2587,1571,1803,2025-01-04,2025-01-18,,0,OVERDUE
2588,1341,316,2024-07-25,2024-08-08,2024-08-16,40,RETURNED
2589,2731,429,2023-08-13,2023-08-27,2023-08-24,0,RETURNED
2590,393,178,2024-08-10,2024-08-24,2024-08-28,20,RETURNED
2591,2670,1131,2024-12-06,2024-12-20,2024-12-28,40,RETURNED
2592,2331,890,2025-01-30,2025-02-13,2025-02-11,0,RETURNED
2593,2376,880,2025-05-24,2025-06-07,2025-06-12,25,RETURNED
2594,625,947,2024-05-21,2024-06-04,,0,ISSUED
2595,616,1303,2024-10-26,2024-11-09,2024-11-16,35,RETURNED
2596,607,869,2024-08-27,2024-09-10,2024-09-06,0,RETURNED
2597,524,1301,2025-11-12,2025-11-26,2025-11-28,10,RETURNED
2598,2589,1542,2023-09-09,2023-09-23,2023-09-24,5,RETURNED
2599,2158,933,2023-07-08,2023-07-22,2023-07-20,0,RETURNED
2600,1265,160,2025-01-08,2025-01-22,2025-01-25,15,RETURNED
2601,193,1082,2025-12-14,2025-12-28,2026-01-04,35,RETURNED
2602,1156,425,2024-08-22,2024-09-05,2024-09-07,10,RETURNED
2603,797,1534,2023-04-18,2023-05-02,2023-05-06,20,RETURNED
2604,2186,541,2023-01-23,2023-02-06,2023-02-08,10,RETURNED
2605,2282,661,2024-05-02,2024-05-16,2024-05-14,0,RETURNED
2606,1307,441,2024-10-28,2024-11-11,2024-11-20,45,RETURNED
2607,2087,1907,2024-02-20,2024-03-05,2024-03-07,10,RETURNED
2608,812,833,2024-08-04,2024-08-18,,0,OVERDUE
2609,2818,1254,2024-08-16,2024-08-30,,0,OVERDUE
2610,1610,968,2025-10-31,2025-11-14,2025-11-22,40,RETURNED
2611,1458,305,2025-10-30,2025-11-13,2025-11-21,40,RETURNED
2612,1374,1013,2024-08-09,2024-08-23,2024-08-20,0,RETURNED
2613,2910,1471,2024-06-23,2024-07-07,,0,OVERDUE
2614,1972,537,2023-12-24,2024-01-07,2024-01-14,35,RETURNED
2615,766,487,2025-12-30,2026-01-13,,0,ISSUED
2616,1609,6,2023-06-05,2023-06-19,2023-06-22,15,RETURNED
2617,1082,1565,2025-01-30,2025-02-13,,0,ISSUED
2618,873,1565,2025-04-19,2025-05-03,,0,ISSUED
2619,466,1094,2024-10-04,2024-10-18,2024-10-22,20,RETURNED
2620,1882,484,2025-07-30,2025-08-13,2025-08-22,45,RETURNED
2621,2761,709,2024-04-10,2024-04-24,2024-04-24,0,RETURNED
2622,2236,1214,2024-06-02,2024-06-16,2024-06-14,0,RETURNED
2623,1412,1218,2025-01-12,2025-01-26,2025-01-28,10,RETURNED
2624,2122,1500,2023-03-14,2023-03-28,2023-04-01,20,RETURNED
2625,30,1244,2023-10-01,2023-10-15,2023-10-25,50,RETURNED
2626,1992,1169,2025-05-08,2025-05-22,2025-05-18,0,RETURNED
2627,51,870,2024-02-24,2024-03-09,2024-03-04,0,RETURNED
2628,878,247,2025-04-13,2025-04-27,2025-05-03,30,RETURNED
2629,1592,203,2024-03-26,2024-04-09,2024-04-13,20,RETURNED
2630,26,643,2023-07-28,2023-08-11,,0,OVERDUE
2631,2016,745,2024-12-22,2025-01-05,2025-01-03,0,RETURNED
2632,1786,1673,2024-06-05,2024-06-19,2024-06-20,5,RETURNED
2633,1254,339,2024-12-21,2025-01-04,2025-01-05,5,RETURNED
2634,2344,1770,2024-07-23,2024-08-06,2024-08-01,0,RETURNED
2635,579,233,2023-12-07,2023-12-21,2023-12-30,45,RETURNED
2636,164,1052,2023-06-19,2023-07-03,2023-07-04,5,RETURNED
2637,2677,547,2025-02-16,2025-03-02,2025-02-28,0,RETURNED
2638,2977,1922,2025-08-19,2025-09-02,,0,OVERDUE
2639,1585,495,2023-08-01,2023-08-15,2023-08-10,0,RETURNED
2640,2697,1612,2024-03-28,2024-04-11,2024-04-10,0,RETURNED
2641,880,1449,2023-08-17,2023-08-31,2023-08-27,0,RETURNED
2642,831,1965,2024-01-05,2024-01-19,2024-01-26,35,RETURNED
2643,1055,1049,2024-01-16,2024-01-30,,0,ISSUED
2644,2401,1973,2024-09-15,2024-09-29,2024-09-30,5,RETURNED
2645,2014,1005,2025-08-29,2025-09-12,2025-09-21,45,RETURNED
2646,2199,1828,2024-06-01,2024-06-15,2024-06-23,40,RETURNED
2647,2427,1577,2023-01-15,2023-01-29,2023-02-02,20,RETURNED
2648,1613,1472,2024-05-04,2024-05-18,2024-05-14,0,RETURNED
2649,895,1025,2023-04-19,2023-05-03,2023-05-08,25,RETURNED
2650,1049,1790,2023-04-26,2023-05-10,2023-05-11,5,RETURNED
2651,1661,1992,2023-01-27,2023-02-10,2023-02-15,25,RETURNED
2652,2819,1520,2024-12-13,2024-12-27,2025-01-02,30,RETURNED
2653,2075,1221,2023-11-08,2023-11-22,,0,ISSUED
2654,2130,1352,2025-09-10,2025-09-24,,0,ISSUED
2655,465,1806,2023-03-06,2023-03-20,2023-03-27,35,RETURNED
2656,2078,1046,2023-02-07,2023-02-21,2023-02-28,35,RETURNED
2657,1428,1793,2025-03-24,2025-04-07,2025-04-06,0,RETURNED
2658,1306,637,2023-02-22,2023-03-08,2023-03-03,0,RETURNED
2659,2643,843,2025-06-27,2025-07-11,2025-07-12,5,RETURNED
2660,204,864,2025-11-12,2025-11-26,,0,OVERDUE
2661,667,52,2023-12-17,2023-12-31,2023-12-26,0,RETURNED
2662,2378,335,2024-06-19,2024-07-03,,0,ISSUED
2663,2665,777,2024-07-13,2024-07-27,,0,ISSUED
2664,684,713,2023-03-11,2023-03-25,2023-03-20,0,RETURNED
2665,673,136,2025-12-15,2025-12-29,2026-01-06,40,RETURNED
2666,2080,92,2025-02-14,2025-02-28,2025-03-07,35,RETURNED
2667,2756,1864,2025-04-21,2025-05-05,2025-05-02,0,RETURNED
2668,426,911,2023-10-20,2023-11-03,2023-11-07,20,RETURNED
2669,2916,1621,2024-03-27,2024-04-10,2024-04-12,10,RETURNED
2670,1922,1704,2025-01-16,2025-01-30,2025-02-02,15,RETURNED
2671,2100,446,2024-09-27,2024-10-11,2024-10-20,45,RETURNED
2672,1454,1932,2025-08-30,2025-09-13,2025-09-18,25,RETURNED
2673,2551,1693,2023-05-26,2023-06-09,2023-06-06,0,RETURNED
2674,2669,13,2024-02-20,2024-03-05,2024-03-04,0,RETURNED
2675,64,1175,2023-05-03,2023-05-17,2023-05-27,50,RETURNED
2676,2626,708,2023-12-22,2024-01-05,2024-01-11,30,RETURNED
2677,2723,1104,2024-07-18,2024-08-01,,0,ISSUED
2678,183,1429,2024-09-02,2024-09-16,,0,OVERDUE
2679,12,1367,2023-04-26,2023-05-10,2023-05-15,25,RETURNED
2680,2485,1040,2025-07-07,2025-07-21,2025-07-16,0,RETURNED
2681,2850,738,2024-05-07,2024-05-21,,0,OVERDUE
2682,2153,1684,2025-01-13,2025-01-27,2025-01-30,15,RETURNED
2683,1491,296,2025-02-15,2025-03-01,2025-02-25,0,RETURNED
2684,2184,1964,2024-04-06,2024-04-20,2024-04-16,0,RETURNED
2685,2569,1035,2023-10-31,2023-11-14,2023-11-13,0,RETURNED
2686,1102,712,2024-03-18,2024-04-01,2024-04-07,30,RETURNED
2687,722,1909,2024-07-21,2024-08-04,2024-08-13,45,RETURNED
2688,2588,1479,2023-01-22,2023-02-05,2023-02-01,0,RETURNED
2689,2109,1564,2024-09-23,2024-10-07,2024-10-03,0,RETURNED
2690,1085,60,2025-02-05,2025-02-19,,0,OVERDUE
2691,606,1797,2024-10-02,2024-10-16,2024-10-16,0,RETURNED
2692,2502,1595,2024-02-09,2024-02-23,2024-02-28,25,RETURNED
2693,105,268,2024-06-28,2024-07-12,2024-07-15,15,RETURNED
2694,262,375,2023-04-07,2023-04-21,2023-05-01,50,RETURNED
2695,139,193,2025-08-29,2025-09-12,2025-09-21,45,RETURNED
2696,1312,841,2025-10-20,2025-11-03,2025-11-08,25,RETURNED
2697,927,1585,2024-03-31,2024-04-14,2024-04-21,35,RETURNED
2698,2066,1020,2025-04-13,2025-04-27,,0,ISSUED
2699,2204,449,2025-06-10,2025-06-24,2025-06-23,0,RETURNED
2700,483,1205,2023-12-17,2023-12-31,2023-12-26,0,RETURNED
2701,68,1008,2024-02-16,2024-03-01,2024-02-29,0,RETURNED
2702,1367,1607,2025-05-08,2025-05-22,2025-05-26,20,RETURNED
2703,2734,234,2024-07-17,2024-07-31,2024-08-10,50,RETURNED
2704,1755,1135,2025-04-24,2025-05-08,,0,ISSUED
2705,131,882,2024-07-23,2024-08-06,2024-08-10,20,RETURNED
2706,2038,1988,2024-06-03,2024-06-17,,0,ISSUED
2707,2894,1587,2025-08-25,2025-09-08,2025-09-07,0,RETURNED
2708,2956,151,2025-01-11,2025-01-25,2025-02-01,35,RETURNED
2709,1171,989,2024-04-29,2024-05-13,2024-05-17,20,RETURNED
2710,1687,1691,2023-10-11,2023-10-25,2023-11-02,40,RETURNED
2711,95,1265,2024-05-03,2024-05-17,2024-05-25,40,RETURNED
2712,2954,707,2025-07-15,2025-07-29,2025-07-25,0,RETURNED
2713,2768,179,2023-11-07,2023-11-21,2023-11-27,30,RETURNED
2714,2863,772,2023-04-04,2023-04-18,,0,OVERDUE
2715,45,1469,2023-07-28,2023-08-11,2023-08-16,25,RETURNED
2716,574,490,2025-11-07,2025-11-21,2025-11-30,45,RETURNED
2717,1669,1299,2024-06-27,2024-07-11,2024-07-06,0,RETURNED
2718,2247,1517,2024-02-15,2024-02-29,,0,OVERDUE
2719,2681,559,2023-09-20,2023-10-04,2023-10-08,20,RETURNED
2720,2180,1129,2023-10-10,2023-10-24,,0,ISSUED
2721,2782,1463,2025-07-25,2025-08-08,2025-08-07,0,RETURNED
2722,1287,1838,2024-11-04,2024-11-18,,0,ISSUED
2723,2872,422,2024-05-28,2024-06-11,2024-06-16,25,RETURNED
2724,966,1501,2023-01-10,2023-01-24,2023-01-25,5,RETURNED
2725,501,129,2025-12-17,2025-12-31,2026-01-04,20,RETURNED
2726,2968,1351,2023-05-24,2023-06-07,2023-06-04,0,RETURNED
2727,624,57,2025-09-24,2025-10-08,2025-10-13,25,RETURNED
2728,1805,487,2025-10-28,2025-11-11,2025-11-20,45,RETURNED
2729,1734,1040,2023-02-14,2023-02-28,2023-02-23,0,RETURNED
2730,91,257,2023-12-28,2024-01-11,,0,ISSUED
2731,2197,6,2023-11-24,2023-12-08,2023-12-07,0,RETURNED
2732,2611,65,2024-01-23,2024-02-06,2024-02-10,20,RETURNED
2733,865,387,2025-05-25,2025-06-08,2025-06-04,0,RETURNED
2734,2273,769,2024-12-19,2025-01-02,2025-01-06,20,RETURNED
2735,978,1381,2025-02-06,2025-02-20,2025-02-17,0,RETURNED
2736,2107,322,2023-03-09,2023-03-23,2023-03-31,40,RETURNED
2737,2152,99,2024-02-25,2024-03-10,2024-03-06,0,RETURNED
2738,1489,78,2025-11-20,2025-12-04,2025-12-05,5,RETURNED
2739,182,1692,2025-06-04,2025-06-18,2025-06-19,5,RETURNED
2740,1040,877,2025-01-01,2025-01-15,,0,ISSUED
2741,2161,181,2025-09-21,2025-10-05,2025-10-04,0,RETURNED
2742,2260,1624,2023-07-13,2023-07-27,2023-07-24,0,RETURNED
2743,1404,1766,2025-11-20,2025-12-04,,0,OVERDUE
2744,1472,1513,2025-08-07,2025-08-21,2025-08-24,15,RETURNED
2745,1758,928,2023-03-15,2023-03-29,2023-04-08,50,RETURNED
2746,2240,263,2025-03-02,2025-03-16,,0,ISSUED
2747,1449,1338,2023-08-31,2023-09-14,,0,ISSUED
2748,2969,1411,2023-06-07,2023-06-21,2023-06-28,35,RETURNED
2749,1530,197,2025-11-26,2025-12-10,2025-12-08,0,RETURNED
2750,509,1903,2025-10-26,2025-11-09,2025-11-04,0,RETURNED
2751,959,1722,2024-12-01,2024-12-15,,0,OVERDUE
2752,1806,298,2023-10-24,2023-11-07,2023-11-07,0,RETURNED
2753,1839,259,2025-01-03,2025-01-17,2025-01-15,0,RETURNED
2754,2672,624,2025-10-29,2025-11-12,,0,ISSUED
2755,2819,1052,2024-01-17,2024-01-31,2024-01-27,0,RETURNED
2756,171,1325,2024-09-18,2024-10-02,,0,OVERDUE
2757,885,540,2025-12-13,2025-12-27,2025-12-31,20,RETURNED
2758,106,74,2025-04-08,2025-04-22,2025-04-29,35,RETURNED
2759,586,229,2025-09-03,2025-09-17,2025-09-12,0,RETURNED
2760,2410,1428,2025-08-30,2025-09-13,,0,OVERDUE
2761,2336,1774,2024-11-07,2024-11-21,2024-11-24,15,RETURNED
2762,5,1027,2025-04-18,2025-05-02,,0,OVERDUE
2763,1988,472,2025-11-20,2025-12-04,,0,OVERDUE
2764,1608,67,2024-11-26,2024-12-10,2024-12-06,0,RETURNED
2765,903,1262,2025-04-22,2025-05-06,2025-05-06,0,RETURNED
2766,586,424,2025-06-13,2025-06-27,2025-06-24,0,RETURNED
2767,2304,1236,2024-06-14,2024-06-28,2024-07-07,45,RETURNED
2768,1996,706,2024-05-08,2024-05-22,2024-05-24,10,RETURNED
2769,2184,1704,2024-05-16,2024-05-30,2024-05-27,0,RETURNED
2770,705,1310,2023-09-27,2023-10-11,,0,ISSUED
2771,1145,420,2024-12-04,2024-12-18,2024-12-28,50,RETURNED
2772,1715,450,2023-02-25,2023-03-11,2023-03-20,45,RETURNED
2773,2937,1072,2024-10-13,2024-10-27,,0,ISSUED
2774,2689,121,2025-02-21,2025-03-07,2025-03-16,45,RETURNED
2775,2275,1642,2025-12-22,2026-01-05,2026-01-04,0,RETURNED
2776,2289,1866,2023-07-11,2023-07-25,2023-07-30,25,RETURNED
2777,509,1936,2024-08-06,2024-08-20,2024-08-18,0,RETURNED
2778,21,1518,2024-12-23,2025-01-06,2025-01-05,0,RETURNED
2779,590,1117,2024-03-03,2024-03-17,2024-03-15,0,RETURNED
2780,2100,734,2024-01-12,2024-01-26,2024-02-01,30,RETURNED
2781,2423,528,2025-09-05,2025-09-19,2025-09-29,50,RETURNED
2782,964,1401,2024-07-25,2024-08-08,2024-08-12,20,RETURNED
2783,1827,1459,2025-06-16,2025-06-30,2025-07-01,5,RETURNED
2784,1417,1887,2025-01-19,2025-02-02,,0,ISSUED
2785,2307,780,2025-09-25,2025-10-09,,0,OVERDUE
2786,1073,613,2024-07-25,2024-08-08,2024-08-09,5,RETURNED
2787,2446,979,2024-04-30,2024-05-14,2024-05-09,0,RETURNED
2788,629,631,2025-08-20,2025-09-03,2025-09-03,0,RETURNED
2789,231,689,2025-05-03,2025-05-17,2025-05-27,50,RETURNED
2790,2295,1985,2025-12-13,2025-12-27,2026-01-01,25,RETURNED
2791,1243,1270,2025-06-13,2025-06-27,2025-06-30,15,RETURNED
2792,2031,954,2023-03-12,2023-03-26,,0,OVERDUE
2793,604,71,2024-05-02,2024-05-16,2024-05-26,50,RETURNED
2794,361,116,2023-12-11,2023-12-25,2024-01-03,45,RETURNED
2795,616,1660,2024-08-02,2024-08-16,2024-08-20,20,RETURNED
2796,1952,832,2023-11-15,2023-11-29,2023-12-07,40,RETURNED
2797,2190,1643,2023-12-10,2023-12-24,2023-12-22,0,RETURNED
2798,1512,1986,2025-08-05,2025-08-19,2025-08-15,0,RETURNED
2799,1833,1403,2024-09-23,2024-10-07,2024-10-05,0,RETURNED
2800,1434,1741,2024-07-18,2024-08-01,,0,ISSUED
2801,1926,92,2023-05-15,2023-05-29,2023-06-05,35,RETURNED
2802,1679,237,2023-10-21,2023-11-04,2023-11-12,40,RETURNED
2803,1958,741,2024-03-03,2024-03-17,2024-03-23,30,RETURNED
2804,1785,1139,2024-01-21,2024-02-04,2024-02-13,45,RETURNED
2805,1240,386,2025-08-03,2025-08-17,2025-08-24,35,RETURNED
2806,1528,310,2023-05-04,2023-05-18,2023-05-28,50,RETURNED
2807,1464,529,2024-04-10,2024-04-24,,0,ISSUED
2808,1519,1533,2023-09-26,2023-10-10,2023-10-11,5,RETURNED
2809,880,1824,2023-10-17,2023-10-31,2023-11-03,15,RETURNED
2810,766,1834,2024-04-28,2024-05-12,2024-05-13,5,RETURNED
2811,1779,29,2025-04-30,2025-05-14,2025-05-17,15,RETURNED
2812,2840,85,2025-10-24,2025-11-07,2025-11-15,40,RETURNED
2813,2020,268,2025-04-14,2025-04-28,2025-05-03,25,RETURNED
2814,1116,1050,2023-05-06,2023-05-20,2023-05-26,30,RETURNED
2815,2694,850,2024-06-22,2024-07-06,,0,OVERDUE
2816,1152,1947,2024-06-23,2024-07-07,2024-07-10,15,RETURNED
2817,2160,340,2025-12-07,2025-12-21,2025-12-23,10,RETURNED
2818,1879,1674,2023-02-09,2023-02-23,2023-02-28,25,RETURNED
2819,1287,40,2023-03-09,2023-03-23,2023-03-27,20,RETURNED
2820,2886,789,2024-06-28,2024-07-12,2024-07-20,40,RETURNED
2821,641,1631,2024-04-15,2024-04-29,,0,OVERDUE
2822,1112,875,2024-02-17,2024-03-02,,0,ISSUED
2823,2143,561,2023-07-27,2023-08-10,2023-08-05,0,RETURNED
2824,1082,456,2025-06-02,2025-06-16,2025-06-24,40,RETURNED
2825,993,1082,2023-03-29,2023-04-12,2023-04-15,15,RETURNED
2826,2273,1665,2025-07-22,2025-08-05,2025-08-15,50,RETURNED
2827,731,344,2024-02-19,2024-03-04,2024-03-10,30,RETURNED
2828,1060,549,2023-05-07,2023-05-21,2023-05-21,0,RETURNED
2829,2622,1779,2025-02-20,2025-03-06,2025-03-01,0,RETURNED
2830,121,166,2025-08-15,2025-08-29,2025-09-01,15,RETURNED
2831,1586,1588,2023-12-06,2023-12-20,2023-12-19,0,RETURNED
2832,2100,334,2025-06-02,2025-06-16,2025-06-11,0,RETURNED
2833,1346,1516,2024-01-14,2024-01-28,2024-01-25,0,RETURNED
2834,1522,1858,2025-06-29,2025-07-13,2025-07-16,15,RETURNED
2835,70,351,2023-03-12,2023-03-26,,0,ISSUED
2836,625,1672,2025-03-26,2025-04-09,2025-04-18,45,RETURNED
2837,1431,1698,2024-05-03,2024-05-17,2024-05-13,0,RETURNED
2838,2925,1971,2024-08-12,2024-08-26,,0,ISSUED
2839,1528,842,2023-04-29,2023-05-13,,0,ISSUED
2840,1858,370,2024-02-28,2024-03-13,,0,OVERDUE
2841,1203,1106,2025-07-03,2025-07-17,2025-07-22,25,RETURNED
2842,270,1467,2025-03-09,2025-03-23,2025-03-27,20,RETURNED
2843,2326,1099,2025-11-20,2025-12-04,2025-12-12,40,RETURNED
2844,840,467,2023-10-16,2023-10-30,,0,OVERDUE
2845,448,386,2024-09-15,2024-09-29,2024-10-05,30,RETURNED
2846,1108,1824,2024-04-25,2024-05-09,,0,OVERDUE
2847,1758,828,2024-02-18,2024-03-03,2024-03-07,20,RETURNED
2848,1908,1306,2023-06-04,2023-06-18,2023-06-15,0,RETURNED
2849,1033,1012,2025-07-13,2025-07-27,2025-07-25,0,RETURNED
2850,2795,1915,2025-09-12,2025-09-26,2025-10-01,25,RETURNED
2851,33,1624,2024-12-06,2024-12-20,2024-12-21,5,RETURNED
2852,2434,1859,2025-06-18,2025-07-02,2025-07-01,0,RETURNED
2853,1017,732,2025-09-27,2025-10-11,2025-10-21,50,RETURNED
2854,2373,1805,2024-01-01,2024-01-15,2024-01-17,10,RETURNED
2855,1816,1208,2025-09-26,2025-10-10,2025-10-14,20,RETURNED
2856,1687,691,2024-01-27,2024-02-10,2024-02-19,45,RETURNED
2857,1944,911,2025-01-04,2025-01-18,2025-01-16,0,RETURNED
2858,266,1770,2025-04-19,2025-05-03,,0,ISSUED
2859,1455,429,2025-11-12,2025-11-26,2025-11-26,0,RETURNED
2860,1522,253,2025-06-06,2025-06-20,2025-06-28,40,RETURNED
2861,755,1231,2025-03-07,2025-03-21,2025-03-22,5,RETURNED
2862,2305,195,2024-07-05,2024-07-19,2024-07-23,20,RETURNED
2863,1671,354,2025-09-21,2025-10-05,2025-10-06,5,RETURNED
2864,1805,1031,2024-10-07,2024-10-21,2024-10-16,0,RETURNED
2865,158,915,2024-09-03,2024-09-17,2024-09-12,0,RETURNED
2866,1042,626,2025-01-07,2025-01-21,2025-01-17,0,RETURNED
2867,1972,191,2024-03-11,2024-03-25,2024-04-01,35,RETURNED
2868,909,1634,2023-04-25,2023-05-09,2023-05-05,0,RETURNED
2869,1618,491,2024-01-10,2024-01-24,2024-01-23,0,RETURNED
2870,422,1908,2024-05-29,2024-06-12,,0,OVERDUE
2871,74,1312,2025-07-23,2025-08-06,2025-08-16,50,RETURNED
2872,2439,1035,2023-05-22,2023-06-05,2023-06-06,5,RETURNED
2873,1935,895,2023-03-31,2023-04-14,,0,OVERDUE
2874,2431,270,2025-09-25,2025-10-09,,0,ISSUED
2875,2626,942,2024-11-07,2024-11-21,2024-11-18,0,RETURNED
2876,626,1601,2025-11-23,2025-12-07,2025-12-10,15,RETURNED
2877,2872,396,2024-01-09,2024-01-23,,0,ISSUED
2878,1119,57,2024-09-17,2024-10-01,2024-10-11,50,RETURNED
2879,1870,1124,2023-05-24,2023-06-07,,0,OVERDUE
2880,2067,1117,2025-08-30,2025-09-13,,0,OVERDUE
2881,1360,1724,2023-03-14,2023-03-28,2023-03-28,0,RETURNED
2882,716,1969,2024-03-28,2024-04-11,2024-04-20,45,RETURNED
2883,2343,429,2023-10-25,2023-11-08,,0,ISSUED
2884,2976,78,2025-03-17,2025-03-31,2025-04-02,10,RETURNED
2885,2882,1373,2024-07-29,2024-08-12,2024-08-22,50,RETURNED
2886,978,1498,2024-11-23,2024-12-07,,0,ISSUED
2887,118,824,2025-01-20,2025-02-03,2025-01-29,0,RETURNED
2888,2682,568,2025-08-14,2025-08-28,2025-09-06,45,RETURNED
2889,1063,178,2023-07-07,2023-07-21,,0,OVERDUE
2890,2178,671,2024-01-06,2024-01-20,,0,OVERDUE
2891,671,354,2025-01-02,2025-01-16,2025-01-23,35,RETURNED
2892,1531,1764,2024-03-01,2024-03-15,2024-03-18,15,RETURNED
2893,2024,1920,2025-08-12,2025-08-26,2025-09-02,35,RETURNED
2894,2075,1988,2023-04-29,2023-05-13,2023-05-22,45,RETURNED
2895,2244,1841,2023-08-16,2023-08-30,,0,OVERDUE
2896,142,1658,2023-03-14,2023-03-28,2023-04-01,20,RETURNED
2897,1424,603,2023-01-13,2023-01-27,2023-01-22,0,RETURNED
2898,2802,1685,2023-07-12,2023-07-26,,0,OVERDUE
2899,797,462,2024-04-27,2024-05-11,2024-05-09,0,RETURNED
2900,2936,1030,2024-10-14,2024-10-28,2024-10-28,0,RETURNED
2901,2720,1272,2025-12-11,2025-12-25,2025-12-29,20,RETURNED
2902,511,1027,2024-07-14,2024-07-28,2024-08-07,50,RETURNED
2903,1330,1335,2024-05-03,2024-05-17,2024-05-12,0,RETURNED
2904,2041,1481,2025-04-11,2025-04-25,2025-05-05,50,RETURNED
2905,1184,1278,2025-09-04,2025-09-18,2025-09-17,0,RETURNED
2906,2431,400,2024-12-12,2024-12-26,2024-12-22,0,RETURNED
2907,1103,1242,2023-02-17,2023-03-03,,0,OVERDUE
2908,1026,1921,2024-08-05,2024-08-19,2024-08-20,5,RETURNED
2909,2283,1300,2023-06-18,2023-07-02,2023-06-29,0,RETURNED
2910,2738,104,2025-10-04,2025-10-18,2025-10-16,0,RETURNED
2911,2819,1287,2025-08-04,2025-08-18,2025-08-19,5,RETURNED
2912,424,685,2023-09-04,2023-09-18,2023-09-18,0,RETURNED
2913,559,1541,2023-05-07,2023-05-21,2023-05-24,15,RETURNED
2914,787,1169,2025-11-17,2025-12-01,,0,ISSUED
2915,1461,91,2024-06-02,2024-06-16,2024-06-17,5,RETURNED
2916,960,1735,2024-02-28,2024-03-13,2024-03-21,40,RETURNED
2917,2492,336,2023-02-20,2023-03-06,2023-03-13,35,RETURNED
2918,1029,1138,2024-06-27,2024-07-11,2024-07-09,0,RETURNED
2919,2300,552,2024-06-24,2024-07-08,2024-07-14,30,RETURNED
2920,159,1674,2025-02-01,2025-02-15,2025-02-17,10,RETURNED
2921,2861,1131,2025-02-15,2025-03-01,2025-02-28,0,RETURNED
2922,1587,1917,2023-12-19,2024-01-02,2023-12-31,0,RETURNED
2923,2825,1102,2023-05-26,2023-06-09,2023-06-11,10,RETURNED
2924,2517,449,2024-06-30,2024-07-14,,0,ISSUED
2925,626,340,2023-11-03,2023-11-17,2023-11-16,0,RETURNED
2926,1359,524,2025-02-07,2025-02-21,2025-02-21,0,RETURNED
2927,164,1331,2023-09-12,2023-09-26,,0,ISSUED
2928,489,73,2024-10-16,2024-10-30,,0,ISSUED
2929,1853,1833,2023-09-03,2023-09-17,2023-09-27,50,RETURNED
2930,2591,379,2024-05-17,2024-05-31,2024-06-09,45,RETURNED
2931,1738,927,2023-11-28,2023-12-12,2023-12-08,0,RETURNED
2932,2651,854,2024-02-17,2024-03-02,,0,OVERDUE
2933,232,407,2023-06-02,2023-06-16,2023-06-13,0,RETURNED
2934,984,1095,2025-10-08,2025-10-22,2025-10-19,0,RETURNED
2935,2882,84,2024-01-20,2024-02-03,2024-01-29,0,RETURNED
2936,1954,46,2023-12-16,2023-12-30,,0,OVERDUE
2937,1879,1659,2023-11-29,2023-12-13,2023-12-11,0,RETURNED
2938,2954,1440,2025-10-04,2025-10-18,,0,ISSUED
2939,2246,456,2024-01-18,2024-02-01,2024-02-01,0,RETURNED
2940,1815,1047,2025-12-23,2026-01-06,2026-01-14,40,RETURNED
2941,1166,465,2025-02-03,2025-02-17,,0,OVERDUE
2942,2131,266,2024-08-29,2024-09-12,2024-09-16,20,RETURNED
2943,1188,1830,2025-03-16,2025-03-30,2025-03-25,0,RETURNED
2944,1435,1530,2023-11-27,2023-12-11,2023-12-07,0,RETURNED
2945,2823,848,2023-05-25,2023-06-08,,0,OVERDUE
2946,2388,210,2025-06-13,2025-06-27,2025-06-28,5,RETURNED
2947,559,1724,2025-01-10,2025-01-24,2025-01-20,0,RETURNED
2948,1514,1288,2025-07-08,2025-07-22,2025-07-28,30,RETURNED
2949,552,1473,2025-12-05,2025-12-19,,0,ISSUED
2950,2250,1781,2025-12-31,2026-01-14,2026-01-20,30,RETURNED
2951,2545,814,2025-08-16,2025-08-30,2025-08-30,0,RETURNED
2952,374,341,2023-03-20,2023-04-03,2023-04-09,30,RETURNED
2953,2428,1071,2023-01-11,2023-01-25,2023-01-23,0,RETURNED
2954,1205,1870,2024-01-16,2024-01-30,2024-01-29,0,RETURNED
2955,184,525,2025-08-30,2025-09-13,2025-09-18,25,RETURNED
2956,2953,1445,2025-10-27,2025-11-10,2025-11-15,25,RETURNED
2957,677,894,2024-03-19,2024-04-02,2024-04-04,10,RETURNED
2958,2839,692,2025-02-23,2025-03-09,2025-03-04,0,RETURNED
2959,843,357,2024-05-05,2024-05-19,,0,ISSUED
2960,2309,1105,2025-01-30,2025-02-13,,0,ISSUED
2961,2950,945,2025-03-25,2025-04-08,2025-04-08,0,RETURNED
2962,1019,1798,2023-09-04,2023-09-18,2023-09-22,20,RETURNED
2963,579,263,2023-07-15,2023-07-29,2023-07-26,0,RETURNED
2964,93,1549,2023-05-30,2023-06-13,,0,ISSUED
2965,1278,171,2025-07-12,2025-07-26,2025-07-21,0,RETURNED
2966,1938,890,2023-07-25,2023-08-08,2023-08-08,0,RETURNED
2967,1980,390,2024-10-22,2024-11-05,2024-11-11,30,RETURNED
2968,5,37,2023-12-17,2023-12-31,2023-12-28,0,RETURNED
2969,2197,68,2025-12-26,2026-01-09,2026-01-19,50,RETURNED
2970,2553,879,2024-08-16,2024-08-30,,0,OVERDUE
2971,2842,1479,2025-05-22,2025-06-05,2025-06-15,50,RETURNED
2972,967,876,2023-03-20,2023-04-03,2023-04-08,25,RETURNED
2973,170,432,2025-09-04,2025-09-18,2025-09-25,35,RETURNED
2974,652,598,2024-05-29,2024-06-12,2024-06-20,40,RETURNED
2975,673,963,2024-12-02,2024-12-16,2024-12-13,0,RETURNED
2976,2281,433,2025-05-28,2025-06-11,2025-06-11,0,RETURNED
2977,2749,1783,2023-05-02,2023-05-16,,0,OVERDUE
2978,691,934,2023-06-10,2023-06-24,,0,ISSUED
2979,1192,1078,2025-01-02,2025-01-16,2025-01-25,45,RETURNED
2980,1972,674,2024-07-25,2024-08-08,2024-08-16,40,RETURNED
2981,391,498,2023-09-22,2023-10-06,2023-10-14,40,RETURNED
2982,2901,26,2024-03-19,2024-04-02,2024-04-09,35,RETURNED
2983,1370,275,2025-06-24,2025-07-08,2025-07-06,0,RETURNED
2984,2688,1562,2024-06-26,2024-07-10,2024-07-16,30,RETURNED
2985,1195,572,2023-09-16,2023-09-30,2023-09-25,0,RETURNED
2986,1758,678,2025-11-28,2025-12-12,2025-12-17,25,RETURNED
2987,1361,88,2025-12-29,2026-01-12,2026-01-10,0,RETURNED
2988,2126,1125,2023-12-09,2023-12-23,2023-12-30,35,RETURNED
2989,2027,146,2023-11-04,2023-11-18,2023-11-19,5,RETURNED
2990,2239,200,2025-08-30,2025-09-13,2025-09-16,15,RETURNED
2991,487,621,2025-10-31,2025-11-14,2025-11-21,35,RETURNED
2992,104,760,2024-01-03,2024-01-17,2024-01-26,45,RETURNED
2993,108,694,2024-01-22,2024-02-05,2024-02-10,25,RETURNED
2994,1742,448,2025-12-16,2025-12-30,,0,ISSUED
2995,2397,1545,2025-04-20,2025-05-04,2025-04-29,0,RETURNED
2996,2019,943,2023-08-15,2023-08-29,2023-09-04,30,RETURNED
2997,1356,1457,2023-01-01,2023-01-15,2023-01-25,50,RETURNED
2998,1005,64,2024-10-27,2024-11-10,2024-11-16,30,RETURNED
2999,1599,1425,2023-05-14,2023-05-28,2023-06-01,20,RETURNED
3000,723,122,2025-09-06,2025-09-20,2025-09-22,10,RETURNED
3001,392,1848,2023-01-06,2023-01-20,2023-01-25,25,RETURNED
3002,794,210,2024-03-25,2024-04-08,2024-04-03,0,RETURNED
3003,1534,1350,2025-10-31,2025-11-14,,0,OVERDUE
3004,284,590,2024-10-26,2024-11-09,,0,ISSUED
3005,1427,226,2024-10-20,2024-11-03,,0,OVERDUE
3006,1682,766,2024-04-12,2024-04-26,2024-05-06,50,RETURNED
3007,1950,682,2023-04-23,2023-05-07,2023-05-12,25,RETURNED
3008,1501,811,2025-01-06,2025-01-20,,0,OVERDUE
3009,435,490,2024-01-20,2024-02-03,2024-02-08,25,RETURNED
3010,2634,400,2025-09-12,2025-09-26,2025-10-02,30,RETURNED
3011,241,1320,2023-10-03,2023-10-17,2023-10-20,15,RETURNED
3012,929,1126,2025-05-08,2025-05-22,2025-05-27,25,RETURNED
3013,795,1526,2024-08-21,2024-09-04,2024-09-14,50,RETURNED
3014,1938,1188,2024-12-08,2024-12-22,,0,ISSUED
3015,2026,1756,2025-06-15,2025-06-29,,0,OVERDUE
3016,611,527,2023-04-12,2023-04-26,2023-04-28,10,RETURNED
3017,1432,489,2024-02-29,2024-03-14,2024-03-19,25,RETURNED
3018,280,814,2023-06-01,2023-06-15,,0,ISSUED
3019,296,1663,2024-06-21,2024-07-05,,0,ISSUED
3020,1276,513,2023-08-19,2023-09-02,2023-09-06,20,RETURNED
3021,762,702,2025-11-16,2025-11-30,,0,ISSUED
3022,2514,293,2023-05-01,2023-05-15,2023-05-15,0,RETURNED
3023,2810,1170,2025-07-07,2025-07-21,2025-07-22,5,RETURNED
3024,1468,711,2024-03-17,2024-03-31,2024-03-28,0,RETURNED
3025,1666,684,2024-09-19,2024-10-03,2024-09-29,0,RETURNED
3026,2692,120,2024-09-15,2024-09-29,2024-10-06,35,RETURNED
3027,1633,218,2023-06-25,2023-07-09,2023-07-06,0,RETURNED
3028,1343,1994,2024-04-04,2024-04-18,,0,OVERDUE
3029,197,417,2025-01-15,2025-01-29,2025-02-06,40,RETURNED
3030,1157,1439,2023-11-27,2023-12-11,,0,OVERDUE
3031,1209,1048,2025-04-01,2025-04-15,2025-04-11,0,RETURNED
3032,1748,1776,2023-06-17,2023-07-01,2023-07-04,15,RETURNED
3033,2442,1067,2025-03-16,2025-03-30,,0,OVERDUE
3034,2855,1044,2023-08-10,2023-08-24,2023-08-22,0,RETURNED
3035,1457,233,2023-10-05,2023-10-19,2023-10-25,30,RETURNED
3036,2649,153,2024-01-02,2024-01-16,2024-01-24,40,RETURNED
3037,396,1223,2025-06-10,2025-06-24,,0,OVERDUE
3038,177,1760,2024-06-02,2024-06-16,2024-06-18,10,RETURNED
3039,253,1606,2024-05-04,2024-05-18,2024-05-22,20,RETURNED
3040,1287,384,2024-07-22,2024-08-05,2024-08-02,0,RETURNED
3041,2023,168,2025-03-02,2025-03-16,2025-03-22,30,RETURNED
3042,2018,621,2025-12-31,2026-01-14,2026-01-09,0,RETURNED
3043,1452,460,2023-01-16,2023-01-30,2023-02-01,10,RETURNED
3044,2862,846,2023-07-25,2023-08-08,2023-08-06,0,RETURNED
3045,1182,1983,2023-03-28,2023-04-11,2023-04-11,0,RETURNED
3046,2168,1875,2025-12-13,2025-12-27,2026-01-04,40,RETURNED
3047,1980,988,2024-07-05,2024-07-19,2024-07-16,0,RETURNED
3048,1102,1800,2024-05-17,2024-05-31,,0,OVERDUE
3049,1041,712,2025-06-09,2025-06-23,2025-06-29,30,RETURNED
3050,696,1066,2023-06-03,2023-06-17,2023-06-22,25,RETURNED
3051,92,1114,2023-08-22,2023-09-05,2023-09-02,0,RETURNED
3052,906,1958,2024-09-19,2024-10-03,2024-10-10,35,RETURNED
3053,1385,1566,2025-10-07,2025-10-21,,0,OVERDUE
3054,1615,1872,2023-03-24,2023-04-07,2023-04-17,50,RETURNED
3055,2790,5,2023-06-08,2023-06-22,2023-06-26,20,RETURNED
3056,1316,215,2024-04-21,2024-05-05,2024-05-03,0,RETURNED
3057,1259,278,2023-07-22,2023-08-05,2023-08-01,0,RETURNED
3058,592,1358,2023-04-09,2023-04-23,,0,ISSUED
3059,733,121,2023-03-16,2023-03-30,2023-03-29,0,RETURNED
3060,2004,743,2025-10-22,2025-11-05,2025-11-03,0,RETURNED
3061,908,202,2024-10-22,2024-11-05,2024-11-08,15,RETURNED
3062,818,1939,2025-11-16,2025-11-30,2025-11-26,0,RETURNED
3063,2826,733,2024-02-25,2024-03-10,2024-03-18,40,RETURNED
3064,2270,218,2025-07-06,2025-07-20,2025-07-20,0,RETURNED
3065,651,1427,2023-04-19,2023-05-03,2023-05-03,0,RETURNED
3066,1560,258,2025-06-20,2025-07-04,2025-06-30,0,RETURNED
3067,158,1602,2025-02-10,2025-02-24,2025-02-22,0,RETURNED
3068,2803,673,2025-12-12,2025-12-26,2025-12-22,0,RETURNED
3069,2860,788,2023-01-06,2023-01-20,2023-01-24,20,RETURNED
3070,1054,362,2023-06-13,2023-06-27,2023-07-07,50,RETURNED
3071,1602,1694,2023-07-10,2023-07-24,2023-08-01,40,RETURNED
3072,587,152,2024-12-19,2025-01-02,2025-01-10,40,RETURNED
3073,2993,538,2025-11-02,2025-11-16,2025-11-22,30,RETURNED
3074,531,361,2023-07-15,2023-07-29,2023-07-29,0,RETURNED
3075,580,67,2025-09-10,2025-09-24,2025-09-20,0,RETURNED
3076,142,856,2024-07-09,2024-07-23,,0,ISSUED
3077,844,763,2025-02-13,2025-02-27,2025-02-26,0,RETURNED
3078,2497,838,2025-03-13,2025-03-27,2025-03-30,15,RETURNED
3079,1798,433,2025-09-04,2025-09-18,2025-09-21,15,RETURNED
3080,832,443,2023-05-17,2023-05-31,2023-05-27,0,RETURNED
3081,368,937,2025-03-27,2025-04-10,2025-04-07,0,RETURNED
3082,549,872,2023-01-14,2023-01-28,,0,ISSUED
3083,2130,1788,2023-11-13,2023-11-27,2023-12-02,25,RETURNED
3084,1125,1494,2023-08-15,2023-08-29,2023-09-01,15,RETURNED
3085,1352,507,2025-09-18,2025-10-02,2025-09-29,0,RETURNED
3086,1492,1968,2025-09-13,2025-09-27,2025-10-06,45,RETURNED
3087,642,443,2025-01-29,2025-02-12,2025-02-11,0,RETURNED
3088,2387,1394,2023-02-03,2023-02-17,2023-02-21,20,RETURNED
3089,930,376,2024-11-20,2024-12-04,2024-12-05,5,RETURNED
3090,182,408,2025-06-11,2025-06-25,2025-07-05,50,RETURNED
3091,352,770,2024-05-28,2024-06-11,2024-06-19,40,RETURNED
3092,1424,108,2023-08-25,2023-09-08,2023-09-07,0,RETURNED
3093,2145,1316,2023-11-27,2023-12-11,2023-12-17,30,RETURNED
3094,2275,1950,2025-05-08,2025-05-22,,0,OVERDUE
3095,2859,1369,2023-12-10,2023-12-24,2023-12-21,0,RETURNED
3096,2606,261,2025-06-22,2025-07-06,2025-07-13,35,RETURNED
3097,427,1423,2025-03-13,2025-03-27,2025-03-22,0,RETURNED
3098,2057,897,2023-02-27,2023-03-13,2023-03-11,0,RETURNED
3099,1731,1387,2025-09-11,2025-09-25,2025-10-04,45,RETURNED
3100,823,1752,2025-01-02,2025-01-16,2025-01-13,0,RETURNED
3101,1932,401,2024-03-20,2024-04-03,2024-04-02,0,RETURNED
3102,2265,785,2025-01-07,2025-01-21,2025-01-24,15,RETURNED
3103,751,1383,2023-06-20,2023-07-04,,0,OVERDUE
3104,2692,635,2024-11-17,2024-12-01,2024-11-28,0,RETURNED
3105,962,1593,2024-07-08,2024-07-22,2024-07-18,0,RETURNED
3106,48,1367,2024-02-11,2024-02-25,2024-03-03,35,RETURNED
3107,210,382,2025-11-23,2025-12-07,2025-12-04,0,RETURNED
3108,1104,1198,2025-08-03,2025-08-17,,0,ISSUED
3109,2741,1434,2025-10-07,2025-10-21,2025-10-28,35,RETURNED
3110,1966,1043,2024-09-15,2024-09-29,,0,ISSUED
3111,798,1017,2025-06-09,2025-06-23,2025-06-28,25,RETURNED
3112,1072,755,2025-06-03,2025-06-17,2025-06-26,45,RETURNED
3113,2860,1934,2023-12-27,2024-01-10,2024-01-08,0,RETURNED
3114,963,121,2023-02-05,2023-02-19,2023-02-22,15,RETURNED
3115,2068,662,2024-11-24,2024-12-08,,0,ISSUED
3116,1611,1094,2024-11-15,2024-11-29,2024-11-29,0,RETURNED
3117,1310,473,2024-01-27,2024-02-10,2024-02-12,10,RETURNED
3118,2235,1600,2023-12-15,2023-12-29,,0,ISSUED
3119,1690,1029,2023-11-07,2023-11-21,2023-12-01,50,RETURNED
3120,2738,361,2024-11-25,2024-12-09,2024-12-10,5,RETURNED
3121,1280,1648,2025-03-14,2025-03-28,2025-03-27,0,RETURNED
3122,891,1255,2024-02-26,2024-03-11,2024-03-08,0,RETURNED
3123,1305,746,2023-08-16,2023-08-30,2023-08-30,0,RETURNED
3124,395,605,2024-11-14,2024-11-28,2024-12-03,25,RETURNED
3125,2600,1378,2025-01-03,2025-01-17,,0,ISSUED
3126,1331,839,2025-12-07,2025-12-21,2025-12-29,40,RETURNED
3127,1339,677,2024-01-19,2024-02-02,2024-01-29,0,RETURNED
3128,642,190,2025-07-17,2025-07-31,2025-08-10,50,RETURNED
3129,1495,1753,2023-01-15,2023-01-29,2023-01-25,0,RETURNED
3130,1788,1989,2023-11-04,2023-11-18,2023-11-22,20,RETURNED
3131,2733,35,2024-09-20,2024-10-04,2024-10-10,30,RETURNED
3132,2722,393,2025-11-02,2025-11-16,,0,ISSUED
3133,816,1862,2025-06-27,2025-07-11,,0,ISSUED
3134,969,1445,2025-04-01,2025-04-15,2025-04-16,5,RETURNED
3135,2026,916,2025-10-27,2025-11-10,2025-11-19,45,RETURNED
3136,1886,1208,2024-02-05,2024-02-19,2024-02-22,15,RETURNED
3137,1661,1630,2024-09-29,2024-10-13,2024-10-11,0,RETURNED
3138,1598,86,2023-03-08,2023-03-22,2023-03-20,0,RETURNED
3139,2626,1757,2024-10-07,2024-10-21,2024-10-17,0,RETURNED
3140,692,1988,2023-10-22,2023-11-05,2023-11-04,0,RETURNED
3141,377,1013,2025-03-02,2025-03-16,2025-03-11,0,RETURNED
3142,682,1354,2024-05-26,2024-06-09,2024-06-07,0,RETURNED
3143,2601,1156,2023-08-11,2023-08-25,2023-08-28,15,RETURNED
3144,2314,1416,2025-01-27,2025-02-10,,0,OVERDUE
3145,784,473,2023-02-01,2023-02-15,2023-02-22,35,RETURNED
3146,910,1374,2023-02-07,2023-02-21,,0,ISSUED
3147,338,1109,2024-07-31,2024-08-14,2024-08-19,25,RETURNED
3148,1659,1788,2024-07-17,2024-07-31,2024-08-02,10,RETURNED
3149,1358,120,2025-09-11,2025-09-25,2025-09-23,0,RETURNED
3150,2103,444,2025-01-11,2025-01-25,2025-01-28,15,RETURNED
3151,1055,131,2025-04-08,2025-04-22,2025-04-27,25,RETURNED
3152,622,1754,2024-06-10,2024-06-24,2024-06-20,0,RETURNED
3153,1146,1633,2024-06-06,2024-06-20,2024-06-19,0,RETURNED
3154,335,1647,2023-09-26,2023-10-10,2023-10-11,5,RETURNED
3155,137,1805,2024-02-18,2024-03-03,2024-03-13,50,RETURNED
3156,2593,1578,2025-02-25,2025-03-11,2025-03-10,0,RETURNED
3157,831,1867,2024-08-13,2024-08-27,2024-09-06,50,RETURNED
3158,500,1636,2023-05-04,2023-05-18,2023-05-27,45,RETURNED
3159,2853,1765,2025-03-31,2025-04-14,,0,OVERDUE
3160,1015,110,2024-01-03,2024-01-17,2024-01-15,0,RETURNED
3161,506,654,2025-04-17,2025-05-01,2025-04-29,0,RETURNED
3162,1836,766,2023-05-11,2023-05-25,2023-05-26,5,RETURNED
3163,2879,221,2023-03-01,2023-03-15,,0,OVERDUE
3164,2272,35,2025-04-25,2025-05-09,2025-05-05,0,RETURNED
3165,568,28,2025-08-05,2025-08-19,2025-08-17,0,RETURNED
3166,408,172,2025-06-24,2025-07-08,2025-07-17,45,RETURNED
3167,2331,414,2025-01-01,2025-01-15,2025-01-11,0,RETURNED
3168,1965,183,2024-11-18,2024-12-02,2024-12-12,50,RETURNED
3169,2189,62,2023-10-07,2023-10-21,2023-10-24,15,RETURNED
3170,1630,1911,2024-12-06,2024-12-20,2024-12-30,50,RETURNED
3171,207,385,2023-10-14,2023-10-28,2023-10-26,0,RETURNED
3172,366,756,2023-07-09,2023-07-23,2023-08-01,45,RETURNED
3173,2493,328,2024-10-25,2024-11-08,,0,ISSUED
3174,958,495,2023-03-12,2023-03-26,,0,ISSUED
3175,2153,953,2025-06-24,2025-07-08,2025-07-10,10,RETURNED
3176,1587,1025,2025-06-27,2025-07-11,,0,ISSUED
3177,1367,1345,2023-07-19,2023-08-02,2023-07-30,0,RETURNED
3178,290,462,2025-06-22,2025-07-06,2025-07-07,5,RETURNED
3179,1992,1440,2023-03-03,2023-03-17,2023-03-15,0,RETURNED
3180,2700,591,2023-07-18,2023-08-01,2023-07-28,0,RETURNED
3181,2901,661,2025-04-07,2025-04-21,2025-04-20,0,RETURNED
3182,2965,437,2023-05-23,2023-06-06,2023-06-12,30,RETURNED
3183,359,1361,2025-10-23,2025-11-06,,0,OVERDUE
3184,85,359,2023-12-11,2023-12-25,2023-12-21,0,RETURNED
3185,432,1641,2025-09-12,2025-09-26,2025-10-04,40,RETURNED
3186,2598,1219,2024-09-26,2024-10-10,2024-10-16,30,RETURNED
3187,1723,171,2025-05-14,2025-05-28,2025-05-25,0,RETURNED
3188,1529,1911,2023-03-29,2023-04-12,2023-04-18,30,RETURNED
3189,297,1021,2023-08-11,2023-08-25,,0,ISSUED
3190,38,1375,2025-12-24,2026-01-07,2026-01-03,0,RETURNED
3191,2643,1652,2023-11-21,2023-12-05,2023-12-01,0,RETURNED
3192,1027,43,2023-07-28,2023-08-11,2023-08-16,25,RETURNED
3193,1443,1252,2025-01-26,2025-02-09,2025-02-19,50,RETURNED
3194,412,1803,2025-06-07,2025-06-21,2025-06-27,30,RETURNED
3195,2220,1506,2024-12-09,2024-12-23,2024-12-30,35,RETURNED
3196,2344,1629,2023-08-21,2023-09-04,,0,ISSUED
3197,1204,966,2023-09-07,2023-09-21,,0,ISSUED
3198,1814,1947,2025-08-28,2025-09-11,,0,OVERDUE
3199,2825,1127,2025-07-23,2025-08-06,2025-08-01,0,RETURNED
3200,1673,12,2024-01-29,2024-02-12,2024-02-08,0,RETURNED
3201,834,189,2024-04-29,2024-05-13,2024-05-09,0,RETURNED
3202,2906,1479,2023-09-05,2023-09-19,2023-09-25,30,RETURNED
3203,51,1045,2024-03-21,2024-04-04,2024-04-13,45,RETURNED
3204,1522,237,2025-06-08,2025-06-22,2025-06-19,0,RETURNED
3205,1580,890,2024-10-28,2024-11-11,2024-11-14,15,RETURNED
3206,1750,236,2023-12-29,2024-01-12,2024-01-14,10,RETURNED
3207,2334,809,2024-08-24,2024-09-07,2024-09-04,0,RETURNED
3208,703,823,2024-03-30,2024-04-13,,0,OVERDUE
3209,606,995,2024-05-28,2024-06-11,2024-06-10,0,RETURNED
3210,821,555,2025-01-21,2025-02-04,2025-02-12,40,RETURNED
3211,309,1651,2023-07-05,2023-07-19,2023-07-17,0,RETURNED
3212,803,767,2023-03-24,2023-04-07,2023-04-06,0,RETURNED
3213,1118,709,2023-04-10,2023-04-24,2023-04-25,5,RETURNED
3214,2586,1884,2025-02-23,2025-03-09,2025-03-06,0,RETURNED
3215,1677,182,2024-05-03,2024-05-17,,0,OVERDUE
3216,1664,275,2024-03-11,2024-03-25,,0,OVERDUE
3217,829,391,2023-09-08,2023-09-22,2023-09-27,25,RETURNED
3218,2694,1228,2025-11-19,2025-12-03,,0,ISSUED
3219,2586,472,2023-08-04,2023-08-18,2023-08-28,50,RETURNED
3220,1647,946,2023-09-29,2023-10-13,2023-10-12,0,RETURNED
3221,2035,735,2025-11-15,2025-11-29,2025-11-29,0,RETURNED
3222,2333,206,2025-10-05,2025-10-19,,0,OVERDUE
3223,701,1183,2024-01-11,2024-01-25,2024-02-02,40,RETURNED
3224,2080,686,2023-05-07,2023-05-21,2023-05-23,10,RETURNED
3225,1082,1014,2025-09-13,2025-09-27,2025-09-22,0,RETURNED
3226,1470,1684,2023-09-16,2023-09-30,2023-10-04,20,RETURNED
3227,927,1405,2023-10-06,2023-10-20,,0,ISSUED
3228,71,580,2023-01-28,2023-02-11,2023-02-15,20,RETURNED
3229,826,694,2024-03-02,2024-03-16,2024-03-19,15,RETURNED
3230,1401,241,2025-09-18,2025-10-02,2025-09-29,0,RETURNED
3231,2725,94,2024-07-11,2024-07-25,2024-07-31,30,RETURNED
3232,2090,635,2023-10-25,2023-11-08,2023-11-06,0,RETURNED
3233,2502,451,2023-12-25,2024-01-08,,0,ISSUED
3234,2771,1364,2023-12-15,2023-12-29,,0,OVERDUE
3235,504,1257,2024-07-26,2024-08-09,2024-08-17,40,RETURNED
3236,2781,710,2024-08-09,2024-08-23,2024-08-30,35,RETURNED
3237,1457,1327,2025-06-08,2025-06-22,,0,OVERDUE
3238,1223,1771,2024-06-30,2024-07-14,2024-07-11,0,RETURNED
3239,1440,306,2024-05-31,2024-06-14,2024-06-11,0,RETURNED
3240,304,1228,2024-04-03,2024-04-17,2024-04-25,40,RETURNED
3241,2842,1519,2023-06-05,2023-06-19,2023-06-27,40,RETURNED
3242,2033,76,2024-09-06,2024-09-20,,0,ISSUED
3243,785,1897,2023-07-30,2023-08-13,2023-08-15,10,RETURNED
3244,1937,1350,2025-05-22,2025-06-05,2025-06-04,0,RETURNED
3245,403,1118,2024-12-05,2024-12-19,2024-12-28,45,RETURNED
3246,818,155,2025-07-25,2025-08-08,,0,OVERDUE
3247,1011,1761,2025-12-03,2025-12-17,2025-12-14,0,RETURNED
3248,1473,1536,2025-10-07,2025-10-21,2025-10-23,10,RETURNED
3249,934,540,2025-12-25,2026-01-08,2026-01-12,20,RETURNED
3250,2812,1591,2024-03-28,2024-04-11,2024-04-08,0,RETURNED
3251,1487,90,2023-06-06,2023-06-20,2023-06-22,10,RETURNED
3252,1471,27,2023-11-01,2023-11-15,2023-11-17,10,RETURNED
3253,1959,1762,2024-09-28,2024-10-12,2024-10-13,5,RETURNED
3254,2169,1084,2025-05-10,2025-05-24,2025-05-26,10,RETURNED
3255,1865,1631,2024-09-05,2024-09-19,,0,OVERDUE
3256,2571,836,2024-07-06,2024-07-20,2024-07-22,10,RETURNED
3257,317,467,2025-09-11,2025-09-25,2025-10-05,50,RETURNED
3258,825,1954,2025-03-17,2025-03-31,2025-04-04,20,RETURNED
3259,2221,165,2025-10-12,2025-10-26,2025-10-28,10,RETURNED
3260,612,1193,2023-03-31,2023-04-14,2023-04-15,5,RETURNED
3261,1706,367,2025-10-31,2025-11-14,2025-11-23,45,RETURNED
3262,2078,1929,2023-11-02,2023-11-16,,0,OVERDUE
3263,1566,1418,2024-01-03,2024-01-17,2024-01-27,50,RETURNED
3264,2864,275,2025-11-03,2025-11-17,2025-11-24,35,RETURNED
3265,347,97,2024-07-17,2024-07-31,2024-08-04,20,RETURNED
3266,1857,1093,2024-05-31,2024-06-14,,0,OVERDUE
3267,2880,481,2023-08-04,2023-08-18,2023-08-14,0,RETURNED
3268,2048,182,2024-06-27,2024-07-11,2024-07-18,35,RETURNED
3269,2361,1109,2025-05-01,2025-05-15,2025-05-10,0,RETURNED
3270,2990,707,2025-05-11,2025-05-25,2025-05-28,15,RETURNED
3271,1140,1615,2024-10-05,2024-10-19,2024-10-27,40,RETURNED
3272,777,67,2024-05-28,2024-06-11,2024-06-07,0,RETURNED
3273,1811,1589,2023-07-20,2023-08-03,2023-08-07,20,RETURNED
3274,2919,1822,2023-05-11,2023-05-25,2023-06-03,45,RETURNED
3275,1865,549,2024-10-06,2024-10-20,,0,OVERDUE
3276,248,677,2024-03-15,2024-03-29,2024-03-28,0,RETURNED
3277,2220,1744,2023-01-27,2023-02-10,2023-02-16,30,RETURNED
3278,747,798,2025-07-31,2025-08-14,2025-08-20,30,RETURNED
3279,2948,749,2024-03-08,2024-03-22,,0,OVERDUE
3280,533,963,2025-12-03,2025-12-17,2025-12-18,5,RETURNED
3281,1458,1800,2024-12-30,2025-01-13,2025-01-19,30,RETURNED
3282,950,1801,2023-08-24,2023-09-07,2023-09-16,45,RETURNED
3283,1198,405,2025-08-27,2025-09-10,2025-09-16,30,RETURNED
3284,638,1084,2025-06-04,2025-06-18,2025-06-24,30,RETURNED
3285,151,624,2023-02-21,2023-03-07,2023-03-14,35,RETURNED
3286,819,790,2025-12-15,2025-12-29,2025-12-24,0,RETURNED
3287,2668,1368,2024-02-16,2024-03-01,2024-03-03,10,RETURNED
3288,1164,1567,2023-06-04,2023-06-18,2023-06-25,35,RETURNED
3289,2757,339,2023-04-29,2023-05-13,2023-05-12,0,RETURNED
3290,1896,709,2023-03-17,2023-03-31,,0,OVERDUE
3291,2940,1013,2025-10-12,2025-10-26,2025-10-24,0,RETURNED
3292,566,1536,2023-09-13,2023-09-27,,0,ISSUED
3293,1255,1945,2023-04-19,2023-05-03,,0,OVERDUE
3294,712,1611,2023-11-04,2023-11-18,,0,ISSUED
3295,2525,1255,2023-12-11,2023-12-25,,0,OVERDUE
3296,2092,388,2025-04-11,2025-04-25,2025-04-25,0,RETURNED
3297,2784,1301,2025-10-15,2025-10-29,2025-10-28,0,RETURNED
3298,778,1193,2024-08-29,2024-09-12,2024-09-10,0,RETURNED
3299,2995,1386,2025-01-28,2025-02-11,2025-02-20,45,RETURNED
3300,2449,705,2025-08-15,2025-08-29,2025-09-07,45,RETURNED
3301,1325,1587,2025-03-03,2025-03-17,,0,OVERDUE
3302,496,1525,2023-05-14,2023-05-28,2023-06-02,25,RETURNED
3303,2791,718,2023-11-10,2023-11-24,2023-12-04,50,RETURNED
3304,753,52,2025-09-01,2025-09-15,,0,ISSUED
3305,227,500,2023-08-22,2023-09-05,2023-09-14,45,RETURNED
3306,2990,1284,2023-07-29,2023-08-12,,0,OVERDUE
3307,959,1510,2025-05-06,2025-05-20,2025-05-28,40,RETURNED
3308,1603,386,2024-09-27,2024-10-11,2024-10-18,35,RETURNED
3309,1422,586,2024-10-28,2024-11-11,,0,ISSUED
3310,674,1626,2025-01-14,2025-01-28,,0,OVERDUE
3311,1508,198,2025-11-08,2025-11-22,,0,OVERDUE
3312,493,670,2024-02-17,2024-03-02,,0,OVERDUE
3313,989,1691,2025-04-05,2025-04-19,,0,ISSUED
3314,202,1128,2023-09-15,2023-09-29,2023-10-02,15,RETURNED
3315,1993,416,2025-04-04,2025-04-18,2025-04-27,45,RETURNED
3316,2849,1385,2025-02-20,2025-03-06,2025-03-15,45,RETURNED
3317,116,1180,2025-10-11,2025-10-25,2025-10-27,10,RETURNED
3318,1455,1476,2025-02-18,2025-03-04,,0,OVERDUE
3319,824,1977,2025-01-22,2025-02-05,,0,ISSUED
3320,2866,1893,2024-10-29,2024-11-12,2024-11-12,0,RETURNED
3321,1102,940,2023-02-05,2023-02-19,,0,ISSUED
3322,351,1047,2023-11-15,2023-11-29,2023-11-24,0,RETURNED
3323,444,565,2024-04-21,2024-05-05,2024-05-07,10,RETURNED
3324,214,1580,2025-08-17,2025-08-31,,0,ISSUED
3325,1904,919,2025-09-21,2025-10-05,2025-10-15,50,RETURNED
3326,229,1952,2023-06-14,2023-06-28,,0,OVERDUE
3327,1178,79,2025-04-14,2025-04-28,2025-04-23,0,RETURNED
3328,2260,1457,2023-06-16,2023-06-30,2023-07-04,20,RETURNED
3329,1086,1970,2025-11-24,2025-12-08,2025-12-05,0,RETURNED
3330,2395,664,2024-09-14,2024-09-28,2024-09-27,0,RETURNED
3331,2373,1628,2024-04-26,2024-05-10,2024-05-10,0,RETURNED
3332,494,1265,2023-11-23,2023-12-07,2023-12-16,45,RETURNED
3333,2788,1097,2023-09-02,2023-09-16,2023-09-13,0,RETURNED
3334,241,242,2025-10-11,2025-10-25,2025-10-26,5,RETURNED
3335,2081,1461,2025-08-03,2025-08-17,2025-08-13,0,RETURNED
3336,1091,871,2024-10-01,2024-10-15,2024-10-19,20,RETURNED
3337,745,199,2024-09-18,2024-10-02,2024-10-04,10,RETURNED
3338,2501,384,2024-09-02,2024-09-16,2024-09-23,35,RETURNED
3339,1943,1322,2024-01-24,2024-02-07,2024-02-17,50,RETURNED
3340,736,1721,2023-08-31,2023-09-14,2023-09-13,0,RETURNED
3341,2220,945,2023-04-24,2023-05-08,2023-05-05,0,RETURNED
3342,2430,1530,2023-06-19,2023-07-03,2023-07-10,35,RETURNED
3343,1860,595,2025-06-23,2025-07-07,,0,ISSUED
3344,681,551,2023-01-12,2023-01-26,2023-02-01,30,RETURNED
3345,1100,270,2025-11-03,2025-11-17,2025-11-23,30,RETURNED
3346,2250,568,2023-11-26,2023-12-10,2023-12-14,20,RETURNED
3347,1519,446,2024-07-03,2024-07-17,,0,ISSUED
3348,356,1081,2023-09-29,2023-10-13,,0,OVERDUE
3349,2760,1537,2024-08-26,2024-09-09,2024-09-15,30,RETURNED
3350,2806,768,2025-03-23,2025-04-06,,0,ISSUED
3351,722,171,2023-10-09,2023-10-23,2023-10-18,0,RETURNED
3352,2085,1157,2023-06-29,2023-07-13,2023-07-21,40,RETURNED
3353,1245,1762,2023-06-08,2023-06-22,2023-06-23,5,RETURNED
3354,1109,1750,2025-05-07,2025-05-21,2025-05-24,15,RETURNED
3355,2105,1802,2024-01-20,2024-02-03,2024-02-13,50,RETURNED
3356,1507,117,2023-12-24,2024-01-07,2024-01-07,0,RETURNED
3357,2531,1653,2025-01-16,2025-01-30,2025-02-05,30,RETURNED
3358,2701,718,2025-07-08,2025-07-22,2025-07-24,10,RETURNED
3359,2080,596,2025-11-04,2025-11-18,2025-11-17,0,RETURNED
3360,975,705,2024-08-17,2024-08-31,2024-08-29,0,RETURNED
3361,1972,1680,2023-01-02,2023-01-16,2023-01-13,0,RETURNED
3362,2470,1023,2023-05-18,2023-06-01,,0,OVERDUE
3363,1850,124,2024-02-20,2024-03-05,2024-03-10,25,RETURNED
3364,1286,1082,2025-11-13,2025-11-27,2025-12-03,30,RETURNED
3365,2090,1904,2025-08-10,2025-08-24,2025-09-01,40,RETURNED
3366,1139,1481,2024-11-04,2024-11-18,2024-11-26,40,RETURNED
3367,302,1931,2025-03-12,2025-03-26,2025-03-27,5,RETURNED
3368,1113,658,2024-05-09,2024-05-23,,0,ISSUED
3369,1547,917,2025-11-11,2025-11-25,,0,OVERDUE
3370,169,789,2024-12-06,2024-12-20,2024-12-23,15,RETURNED
3371,1037,549,2023-01-20,2023-02-03,2023-02-08,25,RETURNED
3372,603,1668,2025-08-10,2025-08-24,2025-08-27,15,RETURNED
3373,1264,312,2025-06-02,2025-06-16,,0,ISSUED
3374,1154,983,2024-11-20,2024-12-04,2024-12-02,0,RETURNED
3375,2773,1606,2023-07-11,2023-07-25,2023-07-24,0,RETURNED
3376,2819,992,2025-09-15,2025-09-29,2025-09-29,0,RETURNED
3377,1751,19,2025-07-27,2025-08-10,2025-08-09,0,RETURNED
3378,2274,946,2023-04-14,2023-04-28,2023-04-24,0,RETURNED
3379,2367,364,2024-05-04,2024-05-18,2024-05-24,30,RETURNED
3380,1654,1693,2024-11-10,2024-11-24,2024-11-21,0,RETURNED
3381,343,1366,2025-11-14,2025-11-28,2025-11-29,5,RETURNED
3382,2999,1403,2024-12-24,2025-01-07,,0,OVERDUE
3383,120,784,2023-05-24,2023-06-07,2023-06-11,20,RETURNED
3384,2451,1626,2025-10-01,2025-10-15,2025-10-11,0,RETURNED
3385,2633,1887,2023-03-04,2023-03-18,,0,ISSUED
3386,1087,121,2023-11-29,2023-12-13,2023-12-17,20,RETURNED
3387,1179,738,2025-04-09,2025-04-23,2025-05-01,40,RETURNED
3388,1705,783,2023-09-04,2023-09-18,,0,OVERDUE
3389,2114,1602,2024-07-16,2024-07-30,2024-07-30,0,RETURNED
3390,1302,1625,2023-06-06,2023-06-20,2023-06-26,30,RETURNED
3391,2560,266,2024-08-15,2024-08-29,,0,OVERDUE
3392,622,1505,2024-05-01,2024-05-15,2024-05-19,20,RETURNED
3393,417,869,2024-11-18,2024-12-02,,0,ISSUED
3394,2933,1528,2025-04-02,2025-04-16,2025-04-15,0,RETURNED
3395,2962,327,2024-08-14,2024-08-28,,0,OVERDUE
3396,2792,937,2025-08-15,2025-08-29,,0,ISSUED
3397,824,954,2024-05-09,2024-05-23,2024-05-26,15,RETURNED
3398,2995,1501,2025-01-26,2025-02-09,2025-02-11,10,RETURNED
3399,1991,307,2025-07-12,2025-07-26,2025-08-05,50,RETURNED
3400,2003,1325,2024-09-06,2024-09-20,2024-09-15,0,RETURNED
3401,829,772,2023-08-15,2023-08-29,2023-09-01,15,RETURNED
3402,1102,1729,2023-02-17,2023-03-03,2023-03-05,10,RETURNED
3403,2821,807,2024-08-21,2024-09-04,2024-09-11,35,RETURNED
3404,2814,95,2024-11-13,2024-11-27,2024-12-02,25,RETURNED
3405,1181,97,2023-12-16,2023-12-30,2023-12-28,0,RETURNED
3406,2763,1784,2023-05-08,2023-05-22,2023-05-26,20,RETURNED
3407,2581,1823,2024-06-21,2024-07-05,2024-07-08,15,RETURNED
3408,2715,1796,2024-08-28,2024-09-11,2024-09-12,5,RETURNED
3409,437,251,2025-12-17,2025-12-31,,0,ISSUED
3410,1211,456,2023-08-13,2023-08-27,2023-09-05,45,RETURNED
3411,124,1019,2025-01-08,2025-01-22,2025-01-19,0,RETURNED
3412,699,486,2024-07-30,2024-08-13,2024-08-15,10,RETURNED
3413,2788,474,2023-04-25,2023-05-09,2023-05-12,15,RETURNED
3414,1660,1042,2025-08-20,2025-09-03,2025-08-31,0,RETURNED
3415,2561,697,2025-12-20,2026-01-03,2026-01-05,10,RETURNED
3416,1528,1856,2025-08-22,2025-09-05,2025-09-10,25,RETURNED
3417,1520,284,2024-01-10,2024-01-24,2024-01-22,0,RETURNED
3418,2913,563,2024-09-21,2024-10-05,2024-10-04,0,RETURNED
3419,122,753,2023-11-01,2023-11-15,2023-11-14,0,RETURNED
3420,255,1564,2023-01-23,2023-02-06,2023-02-15,45,RETURNED
3421,1617,1900,2024-11-19,2024-12-03,2024-11-28,0,RETURNED
3422,796,1515,2025-08-29,2025-09-12,2025-09-18,30,RETURNED
3423,1201,1795,2025-02-25,2025-03-11,2025-03-16,25,RETURNED
3424,2594,1997,2024-07-02,2024-07-16,2024-07-12,0,RETURNED
3425,2101,803,2025-01-01,2025-01-15,2025-01-21,30,RETURNED
3426,2755,1055,2025-03-16,2025-03-30,,0,ISSUED
3427,778,184,2024-10-23,2024-11-06,2024-11-14,40,RETURNED
3428,874,1536,2025-05-19,2025-06-02,2025-06-04,10,RETURNED
3429,985,1704,2023-08-25,2023-09-08,2023-09-04,0,RETURNED
3430,2064,356,2024-05-29,2024-06-12,2024-06-08,0,RETURNED
3431,1098,573,2023-12-07,2023-12-21,2023-12-24,15,RETURNED
3432,2690,1234,2024-04-14,2024-04-28,2024-04-25,0,RETURNED
3433,1238,109,2024-03-27,2024-04-10,2024-04-20,50,RETURNED
3434,2104,91,2023-06-09,2023-06-23,2023-06-20,0,RETURNED
3435,785,1246,2023-05-05,2023-05-19,2023-05-21,10,RETURNED
3436,2517,1079,2023-03-31,2023-04-14,2023-04-15,5,RETURNED
3437,1022,37,2024-02-13,2024-02-27,2024-02-28,5,RETURNED
3438,1590,337,2025-02-26,2025-03-12,,0,ISSUED
3439,1744,731,2025-02-06,2025-02-20,2025-02-27,35,RETURNED
3440,2900,490,2023-11-24,2023-12-08,2023-12-03,0,RETURNED
3441,2991,1336,2024-06-07,2024-06-21,,0,ISSUED
3442,1737,371,2025-01-07,2025-01-21,,0,OVERDUE
3443,570,1239,2025-08-11,2025-08-25,2025-08-26,5,RETURNED
3444,2727,1475,2023-07-12,2023-07-26,2023-07-27,5,RETURNED
3445,1691,656,2025-05-09,2025-05-23,2025-05-27,20,RETURNED
3446,2497,1288,2023-05-20,2023-06-03,,0,ISSUED
3447,713,82,2025-07-25,2025-08-08,2025-08-18,50,RETURNED
3448,2480,1983,2023-04-02,2023-04-16,2023-04-13,0,RETURNED
3449,1351,430,2024-09-24,2024-10-08,2024-10-14,30,RETURNED
3450,2857,888,2025-12-28,2026-01-11,,0,ISSUED
3451,2727,706,2023-08-19,2023-09-02,2023-09-08,30,RETURNED
3452,2427,261,2024-02-01,2024-02-15,2024-02-18,15,RETURNED
3453,615,1975,2025-06-08,2025-06-22,2025-06-20,0,RETURNED
3454,1923,1769,2024-04-18,2024-05-02,2024-04-30,0,RETURNED
3455,1174,1055,2024-07-07,2024-07-21,2024-07-23,10,RETURNED
3456,536,1469,2024-07-26,2024-08-09,2024-08-04,0,RETURNED
3457,2694,1820,2025-07-17,2025-07-31,,0,ISSUED
3458,1676,980,2024-06-15,2024-06-29,,0,ISSUED
3459,2995,1381,2024-02-20,2024-03-05,,0,OVERDUE
3460,749,1122,2024-12-19,2025-01-02,2025-01-08,30,RETURNED
3461,669,1415,2025-12-22,2026-01-05,2026-01-04,0,RETURNED
3462,2236,127,2023-05-19,2023-06-02,2023-06-01,0,RETURNED
3463,1562,1672,2024-12-29,2025-01-12,,0,OVERDUE
3464,1355,929,2023-05-10,2023-05-24,,0,ISSUED
3465,2716,1953,2025-11-15,2025-11-29,2025-12-05,30,RETURNED
3466,1850,1841,2025-05-24,2025-06-07,2025-06-07,0,RETURNED
3467,2477,164,2024-08-18,2024-09-01,2024-09-05,20,RETURNED
3468,65,1018,2023-06-16,2023-06-30,,0,ISSUED
3469,1349,337,2023-08-25,2023-09-08,2023-09-06,0,RETURNED
3470,1387,307,2025-09-13,2025-09-27,2025-09-26,0,RETURNED
3471,2050,367,2025-01-06,2025-01-20,2025-01-26,30,RETURNED
3472,373,1703,2025-04-28,2025-05-12,2025-05-19,35,RETURNED
3473,1342,645,2025-05-13,2025-05-27,2025-06-02,30,RETURNED
3474,1630,789,2024-10-13,2024-10-27,2024-11-01,25,RETURNED
3475,2790,62,2024-08-26,2024-09-09,2024-09-16,35,RETURNED
3476,580,1039,2025-05-06,2025-05-20,2025-05-18,0,RETURNED
3477,1795,1613,2023-03-04,2023-03-18,2023-03-13,0,RETURNED
3478,417,189,2023-08-25,2023-09-08,,0,OVERDUE
3479,2564,1816,2023-12-29,2024-01-12,,0,ISSUED
3480,2150,1119,2024-09-11,2024-09-25,2024-09-27,10,RETURNED
3481,2596,975,2025-12-17,2025-12-31,2025-12-30,0,RETURNED
3482,449,1717,2025-06-18,2025-07-02,,0,OVERDUE
3483,929,97,2023-04-14,2023-04-28,2023-04-24,0,RETURNED
3484,1525,1079,2023-12-25,2024-01-08,2024-01-07,0,RETURNED
3485,1268,1048,2024-02-08,2024-02-22,2024-02-29,35,RETURNED
3486,1870,1437,2023-07-19,2023-08-02,,0,ISSUED
3487,101,62,2024-08-13,2024-08-27,2024-08-30,15,RETURNED
3488,748,1248,2025-05-02,2025-05-16,2025-05-12,0,RETURNED
3489,585,6,2024-07-31,2024-08-14,2024-08-15,5,RETURNED
3490,2724,1357,2025-04-26,2025-05-10,2025-05-11,5,RETURNED
3491,1603,1672,2025-11-09,2025-11-23,2025-11-28,25,RETURNED
3492,2449,469,2025-05-04,2025-05-18,2025-05-19,5,RETURNED
3493,2052,280,2024-06-19,2024-07-03,2024-07-08,25,RETURNED
3494,2893,955,2024-06-03,2024-06-17,2024-06-22,25,RETURNED
3495,2326,584,2024-09-01,2024-09-15,2024-09-21,30,RETURNED
3496,242,908,2025-01-27,2025-02-10,2025-02-05,0,RETURNED
3497,2922,241,2023-09-10,2023-09-24,2023-09-25,5,RETURNED
3498,1301,602,2023-06-25,2023-07-09,,0,OVERDUE
3499,1577,1408,2025-11-26,2025-12-10,2025-12-19,45,RETURNED
3500,152,1450,2024-12-05,2024-12-19,2024-12-15,0,RETURNED
3501,93,255,2023-08-14,2023-08-28,2023-08-27,0,RETURNED
3502,1365,200,2023-04-10,2023-04-24,2023-04-22,0,RETURNED
3503,1894,454,2023-05-26,2023-06-09,2023-06-12,15,RETURNED
3504,2251,823,2023-05-26,2023-06-09,,0,ISSUED
3505,2749,598,2025-04-24,2025-05-08,,0,ISSUED
3506,2941,1429,2023-11-16,2023-11-30,,0,OVERDUE
3507,1505,962,2023-12-13,2023-12-27,2023-12-31,20,RETURNED
3508,75,1841,2025-05-05,2025-05-19,2025-05-21,10,RETURNED
3509,2346,963,2024-01-27,2024-02-10,2024-02-09,0,RETURNED
3510,1653,1093,2023-11-11,2023-11-25,2023-12-05,50,RETURNED
3511,2003,1405,2023-07-16,2023-07-30,2023-07-29,0,RETURNED
3512,116,94,2025-10-11,2025-10-25,2025-11-03,45,RETURNED
3513,126,878,2024-08-28,2024-09-11,2024-09-14,15,RETURNED
3514,2427,1204,2024-10-11,2024-10-25,2024-10-28,15,RETURNED
3515,1292,1157,2025-01-08,2025-01-22,2025-01-20,0,RETURNED
3516,318,1039,2023-12-09,2023-12-23,2023-12-21,0,RETURNED
3517,1475,700,2025-03-06,2025-03-20,2025-03-29,45,RETURNED
3518,2695,1886,2025-09-15,2025-09-29,2025-10-02,15,RETURNED
3519,876,1083,2024-12-13,2024-12-27,2025-01-03,35,RETURNED
3520,1935,294,2023-07-05,2023-07-19,,0,ISSUED
3521,2331,6,2025-03-12,2025-03-26,,0,ISSUED
3522,949,102,2023-09-15,2023-09-29,2023-09-29,0,RETURNED
3523,778,964,2025-05-26,2025-06-09,2025-06-07,0,RETURNED
3524,1253,1006,2024-11-20,2024-12-04,2024-12-01,0,RETURNED
3525,2400,1895,2023-12-13,2023-12-27,2024-01-05,45,RETURNED
3526,2611,1948,2023-04-17,2023-05-01,2023-04-29,0,RETURNED
3527,2564,129,2024-05-25,2024-06-08,2024-06-08,0,RETURNED
3528,2602,210,2023-01-08,2023-01-22,2023-01-27,25,RETURNED
3529,990,1906,2025-03-12,2025-03-26,,0,OVERDUE
3530,1308,484,2025-12-17,2025-12-31,2026-01-01,5,RETURNED
3531,1260,451,2025-08-04,2025-08-18,,0,ISSUED
3532,2294,1984,2025-08-21,2025-09-04,2025-08-30,0,RETURNED
3533,609,458,2023-08-24,2023-09-07,,0,OVERDUE
3534,2354,1044,2024-07-24,2024-08-07,2024-08-09,10,RETURNED
3535,1609,1218,2023-12-29,2024-01-12,,0,OVERDUE
3536,1510,706,2024-03-12,2024-03-26,2024-03-26,0,RETURNED
3537,463,978,2024-07-02,2024-07-16,,0,OVERDUE
3538,2014,553,2023-04-06,2023-04-20,,0,ISSUED
3539,1641,486,2023-08-13,2023-08-27,2023-08-25,0,RETURNED
3540,1032,214,2025-02-14,2025-02-28,2025-03-08,40,RETURNED
3541,1394,839,2024-09-13,2024-09-27,2024-10-04,35,RETURNED
3542,837,1818,2025-07-05,2025-07-19,2025-07-17,0,RETURNED
3543,119,1108,2023-10-05,2023-10-19,,0,ISSUED
3544,215,1035,2025-04-17,2025-05-01,2025-04-30,0,RETURNED
3545,2431,984,2025-12-14,2025-12-28,2026-01-05,40,RETURNED
3546,952,1819,2023-06-07,2023-06-21,2023-06-22,5,RETURNED
3547,1620,1375,2025-05-10,2025-05-24,2025-05-26,10,RETURNED
3548,1168,454,2024-11-24,2024-12-08,2024-12-12,20,RETURNED
3549,2000,822,2023-07-12,2023-07-26,2023-07-31,25,RETURNED
3550,2886,135,2023-10-06,2023-10-20,2023-10-16,0,RETURNED
3551,2803,1104,2023-06-18,2023-07-02,2023-07-12,50,RETURNED
3552,2221,1767,2024-11-17,2024-12-01,2024-11-28,0,RETURNED
3553,1676,1318,2023-03-10,2023-03-24,2023-03-30,30,RETURNED
3554,2161,739,2023-04-01,2023-04-15,2023-04-14,0,RETURNED
3555,1773,107,2024-11-25,2024-12-09,,0,ISSUED
3556,686,343,2025-07-25,2025-08-08,,0,OVERDUE
3557,800,1423,2025-02-15,2025-03-01,2025-03-03,10,RETURNED
3558,866,1836,2025-04-15,2025-04-29,,0,ISSUED
3559,178,1084,2024-07-09,2024-07-23,2024-08-02,50,RETURNED
3560,379,1985,2024-10-24,2024-11-07,2024-11-16,45,RETURNED
3561,1736,786,2024-12-08,2024-12-22,2025-01-01,50,RETURNED
3562,2083,99,2025-08-14,2025-08-28,,0,ISSUED
3563,1767,105,2025-12-05,2025-12-19,2025-12-19,0,RETURNED
3564,2123,839,2024-10-16,2024-10-30,2024-11-02,15,RETURNED
3565,1117,1852,2025-09-04,2025-09-18,2025-09-25,35,RETURNED
3566,1159,1531,2023-07-17,2023-07-31,,0,OVERDUE
3567,1728,356,2024-09-28,2024-10-12,2024-10-17,25,RETURNED
3568,1106,520,2024-06-29,2024-07-13,2024-07-11,0,RETURNED
3569,2400,1660,2024-02-12,2024-02-26,2024-02-28,10,RETURNED
3570,282,1868,2023-03-15,2023-03-29,2023-03-25,0,RETURNED
3571,302,486,2023-04-13,2023-04-27,2023-05-02,25,RETURNED
3572,355,92,2024-09-13,2024-09-27,2024-10-05,40,RETURNED
3573,2491,1664,2025-11-17,2025-12-01,2025-12-06,25,RETURNED
3574,1139,1311,2024-11-23,2024-12-07,2024-12-17,50,RETURNED
3575,1683,567,2024-09-25,2024-10-09,,0,ISSUED
3576,1002,1057,2024-07-04,2024-07-18,2024-07-27,45,RETURNED
3577,2757,169,2024-07-06,2024-07-20,,0,ISSUED
3578,50,329,2025-02-15,2025-03-01,2025-03-09,40,RETURNED
3579,2724,184,2024-12-07,2024-12-21,2024-12-20,0,RETURNED
3580,1066,1234,2024-11-28,2024-12-12,2024-12-11,0,RETURNED
3581,1977,1968,2023-07-07,2023-07-21,2023-07-27,30,RETURNED
3582,960,15,2025-07-01,2025-07-15,2025-07-17,10,RETURNED
3583,2254,1113,2024-10-15,2024-10-29,,0,OVERDUE
3584,276,1229,2023-03-07,2023-03-21,2023-03-17,0,RETURNED
3585,498,372,2023-05-13,2023-05-27,2023-06-05,45,RETURNED
3586,2294,1805,2025-10-14,2025-10-28,,0,OVERDUE
3587,1549,13,2024-09-07,2024-09-21,2024-09-16,0,RETURNED
3588,2285,1602,2023-01-23,2023-02-06,,0,OVERDUE
3589,2458,1379,2024-02-26,2024-03-11,2024-03-08,0,RETURNED
3590,2137,782,2025-02-07,2025-02-21,2025-02-16,0,RETURNED
3591,1159,256,2023-11-13,2023-11-27,2023-11-24,0,RETURNED
3592,2762,1371,2023-05-04,2023-05-18,2023-05-22,20,RETURNED
3593,2545,1479,2024-05-15,2024-05-29,2024-05-25,0,RETURNED
3594,2736,830,2023-01-11,2023-01-25,,0,ISSUED
3595,2093,617,2025-10-10,2025-10-24,2025-10-28,20,RETURNED
3596,1519,28,2024-03-22,2024-04-05,2024-04-13,40,RETURNED
3597,2932,429,2024-07-11,2024-07-25,2024-07-29,20,RETURNED
3598,849,1158,2025-05-16,2025-05-30,2025-06-01,10,RETURNED
3599,761,1364,2023-06-01,2023-06-15,2023-06-15,0,RETURNED
3600,1426,48,2023-02-07,2023-02-21,2023-02-27,30,RETURNED
3601,2683,1210,2023-11-01,2023-11-15,2023-11-16,5,RETURNED
3602,940,1518,2025-05-19,2025-06-02,,0,ISSUED
3603,2229,1842,2024-01-20,2024-02-03,2024-02-09,30,RETURNED
3604,657,844,2024-11-04,2024-11-18,,0,OVERDUE
3605,1386,590,2023-09-30,2023-10-14,2023-10-15,5,RETURNED
3606,2197,325,2025-05-27,2025-06-10,2025-06-12,10,RETURNED
3607,1362,1769,2025-07-08,2025-07-22,,0,OVERDUE
3608,2206,540,2023-07-30,2023-08-13,2023-08-19,30,RETURNED
3609,2910,23,2024-03-02,2024-03-16,2024-03-22,30,RETURNED
3610,2139,409,2025-04-11,2025-04-25,2025-04-28,15,RETURNED
3611,2861,1624,2024-04-11,2024-04-25,,0,ISSUED
3612,2253,29,2024-08-07,2024-08-21,2024-08-18,0,RETURNED
3613,814,1217,2025-04-12,2025-04-26,,0,ISSUED
3614,1599,637,2023-07-23,2023-08-06,2023-08-01,0,RETURNED
3615,630,115,2025-05-26,2025-06-09,2025-06-17,40,RETURNED
3616,736,1558,2025-09-21,2025-10-05,2025-10-03,0,RETURNED
3617,1306,1381,2024-01-01,2024-01-15,2024-01-10,0,RETURNED
3618,2056,366,2024-03-12,2024-03-26,2024-03-22,0,RETURNED
3619,578,432,2025-12-18,2026-01-01,2025-12-31,0,RETURNED
3620,2735,642,2023-05-03,2023-05-17,2023-05-27,50,RETURNED
3621,1608,597,2024-07-01,2024-07-15,2024-07-19,20,RETURNED
3622,103,87,2025-08-03,2025-08-17,2025-08-22,25,RETURNED
3623,304,1964,2023-05-07,2023-05-21,2023-05-26,25,RETURNED
3624,829,1573,2023-07-09,2023-07-23,,0,ISSUED
3625,111,1210,2024-03-31,2024-04-14,2024-04-23,45,RETURNED
3626,538,151,2024-01-31,2024-02-14,2024-02-10,0,RETURNED
3627,2272,1652,2024-08-26,2024-09-09,2024-09-07,0,RETURNED
3628,1989,1548,2023-11-15,2023-11-29,,0,OVERDUE
3629,1950,221,2023-04-06,2023-04-20,2023-04-23,15,RETURNED
3630,1058,1508,2023-07-14,2023-07-28,2023-07-31,15,RETURNED
3631,2145,1742,2024-04-04,2024-04-18,2024-04-17,0,RETURNED
3632,803,822,2024-05-06,2024-05-20,2024-05-24,20,RETURNED
3633,404,67,2023-05-19,2023-06-02,2023-05-30,0,RETURNED
3634,2678,1281,2024-11-26,2024-12-10,2024-12-12,10,RETURNED
3635,2781,1408,2023-08-22,2023-09-05,,0,ISSUED
3636,936,1419,2023-04-13,2023-04-27,2023-04-25,0,RETURNED
3637,526,684,2024-11-30,2024-12-14,2024-12-23,45,RETURNED
3638,2506,1785,2024-10-30,2024-11-13,,0,ISSUED
3639,847,1348,2024-03-26,2024-04-09,2024-04-14,25,RETURNED
3640,64,1083,2023-07-22,2023-08-05,2023-08-04,0,RETURNED
3641,2368,723,2025-02-24,2025-03-10,,0,OVERDUE
3642,2012,765,2025-05-17,2025-05-31,,0,OVERDUE
3643,1024,1756,2023-10-25,2023-11-08,,0,ISSUED
3644,2624,1397,2024-07-24,2024-08-07,2024-08-06,0,RETURNED
3645,252,1451,2025-04-04,2025-04-18,2025-04-20,10,RETURNED
3646,694,507,2025-01-14,2025-01-28,2025-01-26,0,RETURNED
3647,775,1632,2023-10-28,2023-11-11,2023-11-08,0,RETURNED
3648,2387,1145,2023-07-13,2023-07-27,,0,OVERDUE
3649,2665,1593,2025-04-14,2025-04-28,2025-05-06,40,RETURNED
3650,2282,1618,2024-06-01,2024-06-15,2024-06-16,5,RETURNED
3651,1814,1551,2025-03-17,2025-03-31,2025-04-05,25,RETURNED
3652,2118,1432,2024-06-11,2024-06-25,2024-06-26,5,RETURNED
3653,815,1871,2024-06-21,2024-07-05,,0,ISSUED
3654,1751,223,2024-05-16,2024-05-30,2024-05-29,0,RETURNED
3655,1320,95,2024-04-24,2024-05-08,2024-05-08,0,RETURNED
3656,2053,1172,2025-10-29,2025-11-12,2025-11-13,5,RETURNED
3657,2824,174,2024-08-11,2024-08-25,2024-08-29,20,RETURNED
3658,516,503,2025-02-21,2025-03-07,2025-03-17,50,RETURNED
3659,2111,1290,2025-07-25,2025-08-08,2025-08-08,0,RETURNED
3660,168,1817,2025-07-18,2025-08-01,2025-08-07,30,RETURNED
3661,2327,1210,2023-08-23,2023-09-06,2023-09-02,0,RETURNED
3662,2913,1606,2024-12-04,2024-12-18,2024-12-15,0,RETURNED
3663,518,486,2023-05-15,2023-05-29,2023-06-05,35,RETURNED
3664,268,38,2023-08-22,2023-09-05,2023-09-10,25,RETURNED
3665,1251,249,2025-01-19,2025-02-02,2025-01-28,0,RETURNED
3666,2786,1108,2025-01-31,2025-02-14,,0,OVERDUE
3667,2082,1122,2024-03-15,2024-03-29,,0,ISSUED
3668,589,212,2025-09-03,2025-09-17,2025-09-18,5,RETURNED
3669,504,1974,2023-12-15,2023-12-29,2024-01-04,30,RETURNED
3670,432,1262,2025-05-17,2025-05-31,,0,OVERDUE
3671,2478,272,2024-02-12,2024-02-26,2024-02-24,0,RETURNED
3672,1641,669,2025-08-29,2025-09-12,2025-09-14,10,RETURNED
3673,112,878,2023-10-20,2023-11-03,2023-11-13,50,RETURNED
3674,1389,1509,2025-03-02,2025-03-16,2025-03-22,30,RETURNED
3675,2881,976,2023-11-04,2023-11-18,2023-11-21,15,RETURNED
3676,1946,1658,2025-03-25,2025-04-08,2025-04-05,0,RETURNED
3677,892,151,2023-06-05,2023-06-19,2023-06-19,0,RETURNED
3678,1970,475,2025-03-11,2025-03-25,2025-03-25,0,RETURNED
3679,1599,687,2023-01-07,2023-01-21,2023-01-17,0,RETURNED
3680,2828,339,2023-07-16,2023-07-30,2023-08-09,50,RETURNED
3681,718,616,2024-05-07,2024-05-21,,0,OVERDUE
3682,1483,1261,2023-11-22,2023-12-06,2023-12-08,10,RETURNED
3683,735,1095,2024-05-14,2024-05-28,2024-05-24,0,RETURNED
3684,2384,995,2025-06-18,2025-07-02,2025-06-30,0,RETURNED
3685,70,1817,2024-11-23,2024-12-07,,0,ISSUED
3686,501,1908,2025-09-24,2025-10-08,2025-10-10,10,RETURNED
3687,2851,86,2025-01-03,2025-01-17,2025-01-14,0,RETURNED
3688,2507,1760,2024-06-28,2024-07-12,2024-07-10,0,RETURNED
3689,2359,1252,2023-04-02,2023-04-16,,0,ISSUED
3690,247,245,2024-07-15,2024-07-29,2024-08-05,35,RETURNED
3691,2511,274,2025-03-28,2025-04-11,2025-04-16,25,RETURNED
3692,1351,902,2025-04-20,2025-05-04,2025-05-09,25,RETURNED
3693,2309,1641,2025-02-02,2025-02-16,,0,OVERDUE
3694,1763,1020,2025-08-31,2025-09-14,2025-09-22,40,RETURNED
3695,975,179,2023-03-28,2023-04-11,2023-04-11,0,RETURNED
3696,2012,1663,2023-03-29,2023-04-12,2023-04-11,0,RETURNED
3697,2147,36,2024-09-19,2024-10-03,2024-10-03,0,RETURNED
3698,2328,1727,2023-02-16,2023-03-02,2023-03-02,0,RETURNED
3699,290,137,2023-08-29,2023-09-12,2023-09-07,0,RETURNED
3700,975,77,2024-09-08,2024-09-22,2024-09-30,40,RETURNED
3701,629,47,2024-09-17,2024-10-01,2024-10-11,50,RETURNED
3702,1439,1833,2025-12-16,2025-12-30,2026-01-05,30,RETURNED
3703,1186,1623,2023-02-01,2023-02-15,2023-02-23,40,RETURNED
3704,397,760,2024-11-22,2024-12-06,2024-12-02,0,RETURNED
3705,2311,246,2024-08-18,2024-09-01,2024-08-29,0,RETURNED
3706,2456,1310,2024-03-26,2024-04-09,2024-04-09,0,RETURNED
3707,2982,50,2023-08-06,2023-08-20,2023-08-30,50,RETURNED
3708,883,740,2024-07-05,2024-07-19,2024-07-22,15,RETURNED
3709,2341,370,2024-11-17,2024-12-01,2024-12-02,5,RETURNED
3710,2171,324,2025-06-01,2025-06-15,,0,ISSUED
3711,2963,369,2023-11-06,2023-11-20,2023-11-23,15,RETURNED
3712,1679,1844,2024-03-26,2024-04-09,2024-04-13,20,RETURNED
3713,1345,1741,2025-09-14,2025-09-28,2025-09-29,5,RETURNED
3714,2377,922,2023-08-19,2023-09-02,2023-09-12,50,RETURNED
3715,2822,763,2024-06-26,2024-07-10,2024-07-18,40,RETURNED
3716,381,1524,2023-11-06,2023-11-20,,0,OVERDUE
3717,29,1671,2025-03-15,2025-03-29,2025-03-31,10,RETURNED
3718,1423,891,2023-07-04,2023-07-18,2023-07-14,0,RETURNED
3719,1758,1846,2023-02-22,2023-03-08,2023-03-07,0,RETURNED
3720,1131,1441,2023-12-01,2023-12-15,2023-12-24,45,RETURNED
3721,1169,711,2025-05-18,2025-06-01,2025-06-03,10,RETURNED
3722,476,1943,2025-05-27,2025-06-10,2025-06-07,0,RETURNED
3723,2966,279,2024-09-24,2024-10-08,2024-10-09,5,RETURNED
3724,2406,160,2023-10-17,2023-10-31,,0,OVERDUE
3725,2911,1004,2025-09-04,2025-09-18,2025-09-27,45,RETURNED
3726,835,401,2025-01-25,2025-02-08,2025-02-06,0,RETURNED
3727,2989,869,2023-10-20,2023-11-03,2023-10-31,0,RETURNED
3728,994,836,2023-06-04,2023-06-18,2023-06-13,0,RETURNED
3729,415,1206,2023-11-19,2023-12-03,2023-11-30,0,RETURNED
3730,1468,1295,2024-08-06,2024-08-20,2024-08-29,45,RETURNED
3731,81,940,2024-08-17,2024-08-31,2024-08-28,0,RETURNED
3732,1271,1705,2025-03-04,2025-03-18,2025-03-17,0,RETURNED
3733,1196,1126,2023-02-28,2023-03-14,2023-03-19,25,RETURNED
3734,313,969,2025-06-10,2025-06-24,,0,ISSUED
3735,252,1624,2023-04-02,2023-04-16,2023-04-15,0,RETURNED
3736,782,325,2023-09-22,2023-10-06,2023-10-08,10,RETURNED
3737,218,783,2023-11-20,2023-12-04,2023-12-13,45,RETURNED
3738,1499,52,2025-04-23,2025-05-07,2025-05-12,25,RETURNED
3739,1203,809,2024-07-04,2024-07-18,2024-07-17,0,RETURNED
3740,1376,1363,2024-12-22,2025-01-05,2025-01-04,0,RETURNED
3741,2816,1096,2024-10-27,2024-11-10,2024-11-20,50,RETURNED
3742,2026,65,2024-07-22,2024-08-05,2024-08-12,35,RETURNED
3743,91,193,2023-06-29,2023-07-13,2023-07-13,0,RETURNED
3744,752,1534,2023-03-15,2023-03-29,,0,ISSUED
3745,2749,409,2025-12-18,2026-01-01,2026-01-07,30,RETURNED
3746,2808,799,2023-08-14,2023-08-28,2023-08-31,15,RETURNED
3747,2848,1119,2024-07-25,2024-08-08,2024-08-14,30,RETURNED
3748,992,1887,2025-07-30,2025-08-13,2025-08-17,20,RETURNED
3749,1383,1380,2024-03-16,2024-03-30,2024-04-08,45,RETURNED
3750,1307,514,2025-10-05,2025-10-19,2025-10-19,0,RETURNED
3751,2343,1438,2023-05-02,2023-05-16,,0,ISSUED
3752,912,1938,2023-11-08,2023-11-22,2023-11-22,0,RETURNED
3753,466,716,2024-09-30,2024-10-14,2024-10-12,0,RETURNED
3754,656,1515,2024-07-10,2024-07-24,2024-07-28,20,RETURNED
3755,1993,742,2025-03-03,2025-03-17,2025-03-26,45,RETURNED
3756,1655,1838,2023-02-27,2023-03-13,2023-03-18,25,RETURNED
3757,1187,1724,2024-08-19,2024-09-02,,0,ISSUED
3758,347,1123,2024-12-01,2024-12-15,2024-12-12,0,RETURNED
3759,1006,1419,2025-10-15,2025-10-29,2025-10-26,0,RETURNED
3760,1681,1342,2023-07-01,2023-07-15,2023-07-23,40,RETURNED
3761,2711,1818,2023-02-13,2023-02-27,2023-03-07,40,RETURNED
3762,2936,1892,2024-06-29,2024-07-13,2024-07-10,0,RETURNED
3763,554,542,2024-07-19,2024-08-02,,0,ISSUED
3764,2285,25,2024-12-17,2024-12-31,2024-12-27,0,RETURNED
3765,1551,755,2024-07-31,2024-08-14,2024-08-17,15,RETURNED
3766,2890,1873,2025-04-15,2025-04-29,2025-04-28,0,RETURNED
3767,2165,711,2025-04-10,2025-04-24,2025-04-26,10,RETURNED
3768,2080,810,2024-08-02,2024-08-16,2024-08-25,45,RETURNED
3769,2275,461,2024-03-21,2024-04-04,2024-04-01,0,RETURNED
3770,1981,1867,2023-02-17,2023-03-03,2023-03-10,35,RETURNED
3771,2587,1853,2025-08-09,2025-08-23,2025-09-02,50,RETURNED
3772,2260,1458,2024-03-27,2024-04-10,,0,OVERDUE
3773,1387,598,2024-12-13,2024-12-27,2024-12-23,0,RETURNED
3774,633,1675,2024-05-15,2024-05-29,2024-06-05,35,RETURNED
3775,22,420,2024-07-07,2024-07-21,,0,OVERDUE
3776,1765,1795,2023-06-14,2023-06-28,2023-07-08,50,RETURNED
3777,2913,1339,2024-06-09,2024-06-23,2024-06-22,0,RETURNED
3778,2616,656,2024-01-28,2024-02-11,2024-02-16,25,RETURNED
3779,903,153,2024-10-26,2024-11-09,,0,ISSUED
3780,443,1151,2024-06-30,2024-07-14,2024-07-12,0,RETURNED
3781,1329,1459,2023-06-05,2023-06-19,2023-06-18,0,RETURNED
3782,1396,884,2024-09-10,2024-09-24,2024-09-23,0,RETURNED
3783,2268,1936,2024-12-28,2025-01-11,2025-01-07,0,RETURNED
3784,1981,1617,2023-11-27,2023-12-11,,0,ISSUED
3785,2166,1005,2025-02-18,2025-03-04,2025-03-13,45,RETURNED
3786,2174,1267,2023-05-06,2023-05-20,2023-05-25,25,RETURNED
3787,2167,422,2023-01-10,2023-01-24,2023-02-01,40,RETURNED
3788,831,1289,2024-10-25,2024-11-08,2024-11-06,0,RETURNED
3789,2071,1376,2023-06-02,2023-06-16,2023-06-15,0,RETURNED
3790,2277,1937,2025-08-18,2025-09-01,2025-09-05,20,RETURNED
3791,1588,1617,2024-10-07,2024-10-21,,0,ISSUED
3792,1973,1013,2024-11-23,2024-12-07,2024-12-04,0,RETURNED
3793,2176,215,2023-03-02,2023-03-16,2023-03-17,5,RETURNED
3794,2693,18,2023-09-16,2023-09-30,2023-10-06,30,RETURNED
3795,2906,900,2023-12-21,2024-01-04,2024-01-07,15,RETURNED
3796,2237,1721,2024-07-25,2024-08-08,2024-08-05,0,RETURNED
3797,194,1540,2024-08-01,2024-08-15,2024-08-24,45,RETURNED
3798,2256,1095,2024-04-05,2024-04-19,2024-04-18,0,RETURNED
3799,922,1261,2024-07-05,2024-07-19,2024-07-24,25,RETURNED
3800,1691,985,2024-09-06,2024-09-20,2024-09-24,20,RETURNED
3801,2696,370,2024-06-19,2024-07-03,2024-07-10,35,RETURNED
3802,1325,1467,2023-09-09,2023-09-23,,0,OVERDUE
3803,2551,1145,2024-01-23,2024-02-06,2024-02-14,40,RETURNED
3804,321,58,2023-11-15,2023-11-29,2023-11-27,0,RETURNED
3805,2723,662,2023-06-01,2023-06-15,2023-06-19,20,RETURNED
3806,80,841,2024-06-21,2024-07-05,2024-07-06,5,RETURNED
3807,1492,1758,2024-02-08,2024-02-22,2024-02-27,25,RETURNED
3808,2275,1519,2025-04-25,2025-05-09,2025-05-15,30,RETURNED
3809,2066,172,2023-12-20,2024-01-03,2024-01-13,50,RETURNED
3810,913,1911,2023-03-14,2023-03-28,2023-04-01,20,RETURNED
3811,300,241,2023-07-09,2023-07-23,,0,ISSUED
3812,839,360,2023-11-29,2023-12-13,2023-12-16,15,RETURNED
3813,1106,230,2024-01-08,2024-01-22,,0,OVERDUE
3814,211,1601,2025-05-13,2025-05-27,2025-06-01,25,RETURNED
3815,1429,1740,2024-09-30,2024-10-14,2024-10-10,0,RETURNED
3816,1840,943,2024-09-25,2024-10-09,2024-10-09,0,RETURNED
3817,2104,323,2024-02-07,2024-02-21,2024-02-20,0,RETURNED
3818,1848,1924,2023-01-01,2023-01-15,2023-01-11,0,RETURNED
3819,249,1985,2025-09-22,2025-10-06,2025-10-05,0,RETURNED
3820,387,1523,2023-10-02,2023-10-16,2023-10-21,25,RETURNED
3821,593,1967,2024-03-19,2024-04-02,2024-04-10,40,RETURNED
3822,59,805,2024-02-16,2024-03-01,2024-02-26,0,RETURNED
3823,1267,1361,2024-03-30,2024-04-13,2024-04-16,15,RETURNED
3824,2398,241,2023-04-03,2023-04-17,2023-04-18,5,RETURNED
3825,963,1486,2023-03-20,2023-04-03,2023-04-08,25,RETURNED
3826,2503,1617,2023-06-10,2023-06-24,,0,ISSUED
3827,1747,1286,2025-12-13,2025-12-27,2026-01-04,40,RETURNED
3828,949,1758,2024-09-05,2024-09-19,,0,OVERDUE
3829,212,1280,2023-02-17,2023-03-03,2023-03-10,35,RETURNED
3830,757,965,2023-05-26,2023-06-09,2023-06-19,50,RETURNED
3831,1087,838,2025-11-09,2025-11-23,2025-12-03,50,RETURNED
3832,2067,824,2023-01-12,2023-01-26,2023-01-28,10,RETURNED
3833,240,515,2023-09-19,2023-10-03,2023-10-02,0,RETURNED
3834,469,303,2025-04-10,2025-04-24,2025-05-02,40,RETURNED
3835,1823,267,2025-12-18,2026-01-01,2026-01-06,25,RETURNED
3836,1912,478,2024-03-23,2024-04-06,2024-04-06,0,RETURNED
3837,2912,1102,2023-07-06,2023-07-20,2023-07-19,0,RETURNED
3838,2081,852,2023-09-11,2023-09-25,2023-09-22,0,RETURNED
3839,2169,1993,2023-10-30,2023-11-13,2023-11-19,30,RETURNED
3840,2534,1393,2024-07-16,2024-07-30,2024-08-05,30,RETURNED
3841,2398,879,2024-11-02,2024-11-16,,0,ISSUED
3842,2307,833,2023-11-09,2023-11-23,2023-11-29,30,RETURNED
3843,776,1728,2025-04-14,2025-04-28,2025-05-03,25,RETURNED
3844,2043,626,2023-09-26,2023-10-10,2023-10-17,35,RETURNED
3845,2573,617,2024-04-26,2024-05-10,2024-05-12,10,RETURNED
3846,1069,1875,2023-08-11,2023-08-25,,0,OVERDUE
3847,2505,881,2023-11-01,2023-11-15,,0,ISSUED
3848,65,972,2025-07-02,2025-07-16,2025-07-21,25,RETURNED
3849,2749,379,2025-11-19,2025-12-03,2025-12-01,0,RETURNED
3850,2801,828,2025-03-04,2025-03-18,2025-03-20,10,RETURNED
3851,2711,152,2023-09-06,2023-09-20,2023-09-27,35,RETURNED
3852,1444,1149,2025-01-31,2025-02-14,2025-02-12,0,RETURNED
3853,943,632,2024-11-30,2024-12-14,,0,ISSUED
3854,676,1053,2024-04-13,2024-04-27,,0,ISSUED
3855,1639,694,2024-07-21,2024-08-04,2024-08-04,0,RETURNED
3856,357,378,2024-11-04,2024-11-18,2024-11-20,10,RETURNED
3857,2657,1036,2023-05-17,2023-05-31,2023-06-09,45,RETURNED
3858,2064,1438,2025-04-28,2025-05-12,2025-05-13,5,RETURNED
3859,2950,607,2023-11-06,2023-11-20,2023-11-22,10,RETURNED
3860,1350,826,2024-05-29,2024-06-12,2024-06-18,30,RETURNED
3861,2154,1796,2023-07-09,2023-07-23,2023-07-20,0,RETURNED
3862,1026,50,2023-01-17,2023-01-31,,0,ISSUED
3863,1693,381,2025-02-19,2025-03-05,2025-03-14,45,RETURNED
3864,2273,327,2024-05-19,2024-06-02,2024-06-01,0,RETURNED
3865,234,643,2023-06-13,2023-06-27,,0,OVERDUE
3866,1062,1127,2023-01-14,2023-01-28,2023-02-01,20,RETURNED
3867,56,331,2024-12-03,2024-12-17,2024-12-16,0,RETURNED
3868,1983,1973,2023-12-13,2023-12-27,2024-01-05,45,RETURNED
3869,350,1743,2024-06-16,2024-06-30,2024-07-08,40,RETURNED
3870,2345,137,2023-02-15,2023-03-01,2023-03-11,50,RETURNED
3871,510,1039,2023-12-16,2023-12-30,,0,ISSUED
3872,2107,333,2024-01-27,2024-02-10,,0,ISSUED
3873,2541,999,2023-11-20,2023-12-04,2023-11-30,0,RETURNED
3874,954,882,2025-06-04,2025-06-18,2025-06-22,20,RETURNED
3875,2558,1163,2025-01-22,2025-02-05,2025-01-31,0,RETURNED
3876,2199,1282,2025-04-20,2025-05-04,2025-05-01,0,RETURNED
3877,2598,1652,2023-12-11,2023-12-25,2023-12-20,0,RETURNED
3878,2401,1185,2023-04-26,2023-05-10,2023-05-15,25,RETURNED
3879,741,1299,2023-03-26,2023-04-09,2023-04-14,25,RETURNED
3880,2949,21,2023-05-24,2023-06-07,2023-06-12,25,RETURNED
3881,2688,715,2025-07-03,2025-07-17,2025-07-26,45,RETURNED
3882,804,1786,2023-10-10,2023-10-24,,0,OVERDUE
3883,294,742,2024-06-30,2024-07-14,2024-07-09,0,RETURNED
3884,1319,1673,2024-09-22,2024-10-06,2024-10-15,45,RETURNED
3885,2770,558,2023-01-20,2023-02-03,2023-02-10,35,RETURNED
3886,1142,645,2023-05-01,2023-05-15,2023-05-19,20,RETURNED
3887,1678,535,2025-03-16,2025-03-30,2025-04-01,10,RETURNED
3888,208,1665,2023-10-18,2023-11-01,,0,ISSUED
3889,1119,1290,2023-07-28,2023-08-11,2023-08-10,0,RETURNED
3890,912,1979,2024-09-23,2024-10-07,2024-10-13,30,RETURNED
3891,2794,1317,2025-12-26,2026-01-09,2026-01-15,30,RETURNED
3892,1160,1383,2024-11-13,2024-11-27,2024-11-28,5,RETURNED
3893,2139,872,2025-03-24,2025-04-07,2025-04-16,45,RETURNED
3894,1753,1436,2024-11-01,2024-11-15,,0,ISSUED
3895,2514,601,2025-04-22,2025-05-06,2025-05-13,35,RETURNED
3896,64,1793,2025-01-15,2025-01-29,2025-02-04,30,RETURNED
3897,2797,1212,2023-05-05,2023-05-19,2023-05-29,50,RETURNED
3898,942,587,2023-02-26,2023-03-12,2023-03-20,40,RETURNED
3899,1014,1761,2025-06-24,2025-07-08,,0,ISSUED
3900,266,1489,2023-04-28,2023-05-12,2023-05-22,50,RETURNED
3901,2121,1227,2024-04-13,2024-04-27,2024-05-07,50,RETURNED
3902,290,1991,2024-04-23,2024-05-07,2024-05-06,0,RETURNED
3903,2409,1351,2023-09-15,2023-09-29,2023-10-07,40,RETURNED
3904,1977,1773,2024-06-15,2024-06-29,2024-07-02,15,RETURNED
3905,1623,997,2024-06-05,2024-06-19,,0,ISSUED
3906,1523,206,2025-02-02,2025-02-16,2025-02-14,0,RETURNED
3907,421,1479,2024-02-24,2024-03-09,2024-03-04,0,RETURNED
3908,1190,979,2025-04-27,2025-05-11,,0,OVERDUE
3909,614,1001,2024-11-04,2024-11-18,,0,ISSUED
3910,248,779,2024-09-22,2024-10-06,2024-10-08,10,RETURNED
3911,1218,1056,2024-11-20,2024-12-04,,0,ISSUED
3912,723,1897,2025-04-27,2025-05-11,2025-05-19,40,RETURNED
3913,553,164,2023-11-22,2023-12-06,2023-12-09,15,RETURNED
3914,278,1514,2024-12-31,2025-01-14,2025-01-23,45,RETURNED
3915,1384,1495,2023-01-01,2023-01-15,,0,ISSUED
3916,278,609,2024-05-03,2024-05-17,2024-05-23,30,RETURNED
3917,862,669,2025-08-24,2025-09-07,2025-09-09,10,RETURNED
3918,871,1938,2025-05-25,2025-06-08,2025-06-03,0,RETURNED
3919,1203,1537,2023-03-13,2023-03-27,,0,OVERDUE
3920,2838,551,2025-02-03,2025-02-17,2025-02-24,35,RETURNED
3921,1812,965,2024-04-19,2024-05-03,2024-05-05,10,RETURNED
3922,1910,969,2024-07-01,2024-07-15,2024-07-17,10,RETURNED
3923,2504,111,2023-01-24,2023-02-07,2023-02-14,35,RETURNED
3924,2213,1917,2023-02-24,2023-03-10,2023-03-05,0,RETURNED
3925,2913,662,2023-08-21,2023-09-04,2023-09-14,50,RETURNED
3926,1244,1210,2025-10-17,2025-10-31,2025-11-04,20,RETURNED
3927,43,480,2025-08-11,2025-08-25,2025-08-22,0,RETURNED
3928,165,52,2024-05-08,2024-05-22,2024-05-24,10,RETURNED
3929,2202,1314,2024-04-07,2024-04-21,,0,OVERDUE
3930,146,920,2025-07-27,2025-08-10,2025-08-05,0,RETURNED
3931,698,81,2025-09-15,2025-09-29,2025-10-03,20,RETURNED
3932,1413,220,2025-02-25,2025-03-11,2025-03-16,25,RETURNED
3933,1206,392,2025-07-15,2025-07-29,2025-08-02,20,RETURNED
3934,1084,730,2025-07-17,2025-07-31,,0,ISSUED
3935,1246,991,2023-08-10,2023-08-24,,0,OVERDUE
3936,844,1649,2025-04-19,2025-05-03,2025-05-03,0,RETURNED
3937,977,1937,2024-09-27,2024-10-11,2024-10-15,20,RETURNED
3938,1142,906,2025-05-18,2025-06-01,2025-05-31,0,RETURNED
3939,899,213,2025-02-23,2025-03-09,2025-03-16,35,RETURNED
3940,344,470,2023-06-02,2023-06-16,2023-06-13,0,RETURNED
3941,101,1568,2023-02-01,2023-02-15,2023-02-22,35,RETURNED
3942,974,916,2025-06-08,2025-06-22,2025-06-17,0,RETURNED
3943,2782,132,2023-11-05,2023-11-19,,0,OVERDUE
3944,812,867,2024-04-12,2024-04-26,2024-04-26,0,RETURNED
3945,647,1397,2024-07-12,2024-07-26,2024-07-27,5,RETURNED
3946,695,967,2024-08-18,2024-09-01,,0,OVERDUE
3947,1629,816,2024-10-28,2024-11-11,2024-11-17,30,RETURNED
3948,1037,1465,2024-03-08,2024-03-22,,0,ISSUED
3949,2796,907,2024-07-17,2024-07-31,2024-08-03,15,RETURNED
3950,1500,834,2025-03-12,2025-03-26,,0,OVERDUE
3951,1658,1842,2025-06-21,2025-07-05,,0,ISSUED
3952,1357,872,2024-06-06,2024-06-20,2024-06-20,0,RETURNED
3953,1581,217,2023-04-29,2023-05-13,2023-05-14,5,RETURNED
3954,1423,775,2025-08-10,2025-08-24,,0,OVERDUE
3955,1337,269,2025-08-03,2025-08-17,2025-08-25,40,RETURNED
3956,1481,726,2025-11-14,2025-11-28,2025-11-30,10,RETURNED
3957,1369,1057,2024-04-23,2024-05-07,2024-05-09,10,RETURNED
3958,1760,297,2023-04-10,2023-04-24,2023-05-01,35,RETURNED
3959,1270,1170,2023-07-19,2023-08-02,2023-07-30,0,RETURNED
3960,229,1935,2024-02-19,2024-03-04,2024-03-14,50,RETURNED
3961,345,291,2023-02-16,2023-03-02,2023-03-04,10,RETURNED
3962,804,1528,2025-12-15,2025-12-29,2026-01-03,25,RETURNED
3963,365,1097,2023-04-18,2023-05-02,2023-05-02,0,RETURNED
3964,294,1324,2025-12-30,2026-01-13,2026-01-13,0,RETURNED
3965,2386,1062,2024-02-07,2024-02-21,2024-02-21,0,RETURNED
3966,1102,252,2023-04-07,2023-04-21,,0,ISSUED
3967,1679,430,2024-08-16,2024-08-30,2024-08-31,5,RETURNED
3968,841,764,2024-05-28,2024-06-11,2024-06-15,20,RETURNED
3969,2487,958,2025-02-22,2025-03-08,2025-03-06,0,RETURNED
3970,2168,1037,2025-09-25,2025-10-09,2025-10-14,25,RETURNED
3971,2101,459,2023-01-28,2023-02-11,2023-02-15,20,RETURNED
3972,354,364,2024-02-16,2024-03-01,2024-03-02,5,RETURNED
3973,1841,752,2023-08-12,2023-08-26,2023-08-30,20,RETURNED
3974,1058,1382,2023-04-27,2023-05-11,2023-05-08,0,RETURNED
3975,2988,31,2025-04-06,2025-04-20,2025-04-30,50,RETURNED
3976,801,1629,2025-11-13,2025-11-27,,0,ISSUED
3977,2184,342,2025-09-13,2025-09-27,2025-09-25,0,RETURNED
3978,2157,582,2025-09-21,2025-10-05,,0,OVERDUE
3979,1109,226,2023-01-12,2023-01-26,2023-01-27,5,RETURNED
3980,181,1449,2024-11-10,2024-11-24,2024-11-20,0,RETURNED
3981,2150,973,2025-03-09,2025-03-23,2025-03-18,0,RETURNED
3982,1314,1209,2023-10-11,2023-10-25,2023-11-03,45,RETURNED
3983,366,151,2024-02-05,2024-02-19,2024-02-28,45,RETURNED
3984,1908,107,2025-05-13,2025-05-27,2025-05-31,20,RETURNED
3985,2025,216,2023-01-16,2023-01-30,2023-02-05,30,RETURNED
3986,1259,165,2023-12-28,2024-01-11,2024-01-18,35,RETURNED
3987,1525,348,2025-11-20,2025-12-04,2025-12-10,30,RETURNED
3988,422,807,2023-06-14,2023-06-28,,0,ISSUED
3989,538,532,2025-03-29,2025-04-12,2025-04-20,40,RETURNED
3990,678,254,2025-09-14,2025-09-28,2025-09-23,0,RETURNED
3991,753,214,2025-01-16,2025-01-30,2025-01-25,0,RETURNED
3992,1565,626,2025-01-20,2025-02-03,2025-02-05,10,RETURNED
3993,1694,1238,2023-11-11,2023-11-25,2023-11-26,5,RETURNED
3994,1613,501,2023-12-10,2023-12-24,2023-12-30,30,RETURNED
3995,2648,450,2025-09-15,2025-09-29,2025-10-06,35,RETURNED
3996,1382,252,2023-12-27,2024-01-10,2024-01-16,30,RETURNED
3997,2796,1972,2024-09-18,2024-10-02,,0,ISSUED
3998,1212,876,2023-05-21,2023-06-04,2023-06-12,40,RETURNED
3999,2831,1785,2024-10-13,2024-10-27,2024-10-23,0,RETURNED
4000,1081,110,2023-11-29,2023-12-13,2023-12-21,40,RETURNED
4001,2268,1639,2025-05-20,2025-06-03,2025-06-03,0,RETURNED
4002,2323,541,2024-07-01,2024-07-15,,0,OVERDUE
4003,215,116,2023-07-27,2023-08-10,2023-08-08,0,RETURNED
4004,2722,117,2025-01-25,2025-02-08,2025-02-11,15,RETURNED
4005,591,1106,2024-07-14,2024-07-28,2024-07-24,0,RETURNED
4006,799,1630,2023-08-20,2023-09-03,2023-09-02,0,RETURNED
4007,1537,164,2024-06-27,2024-07-11,2024-07-10,0,RETURNED
4008,2428,429,2024-10-30,2024-11-13,2024-11-18,25,RETURNED
4009,1775,1157,2023-08-27,2023-09-10,2023-09-20,50,RETURNED
4010,95,1361,2024-07-05,2024-07-19,2024-07-28,45,RETURNED
4011,284,450,2023-10-17,2023-10-31,2023-11-02,10,RETURNED
4012,2910,623,2025-08-01,2025-08-15,2025-08-21,30,RETURNED
4013,1015,444,2024-03-01,2024-03-15,2024-03-19,20,RETURNED
4014,1930,1929,2023-05-01,2023-05-15,2023-05-14,0,RETURNED
4015,1806,265,2023-07-17,2023-07-31,2023-07-29,0,RETURNED
4016,103,882,2023-08-12,2023-08-26,2023-09-04,45,RETURNED
4017,1293,61,2023-03-07,2023-03-21,,0,OVERDUE
4018,1194,1446,2024-03-31,2024-04-14,2024-04-22,40,RETURNED
4019,339,1204,2023-06-04,2023-06-18,2023-06-21,15,RETURNED
4020,2981,1373,2025-02-13,2025-02-27,2025-02-22,0,RETURNED
4021,1830,825,2025-12-04,2025-12-18,,0,OVERDUE
4022,1855,99,2023-11-13,2023-11-27,2023-12-01,20,RETURNED
4023,211,1025,2025-11-12,2025-11-26,,0,ISSUED
4024,27,1779,2024-09-08,2024-09-22,2024-09-27,25,RETURNED
4025,2264,1630,2023-04-10,2023-04-24,2023-04-27,15,RETURNED
4026,1209,1657,2023-05-31,2023-06-14,2023-06-22,40,RETURNED
4027,2068,355,2025-08-31,2025-09-14,,0,ISSUED
4028,649,261,2024-06-09,2024-06-23,2024-06-25,10,RETURNED
4029,788,1167,2024-05-19,2024-06-02,,0,ISSUED
4030,868,531,2023-10-11,2023-10-25,2023-11-01,35,RETURNED
4031,2048,379,2023-03-23,2023-04-06,2023-04-01,0,RETURNED
4032,1623,683,2024-06-25,2024-07-09,,0,ISSUED
4033,1918,681,2025-12-02,2025-12-16,,0,OVERDUE
4034,1661,1273,2025-10-22,2025-11-05,2025-11-06,5,RETURNED
4035,63,143,2024-12-21,2025-01-04,,0,ISSUED
4036,2532,487,2023-08-09,2023-08-23,2023-08-22,0,RETURNED
4037,1938,215,2023-10-28,2023-11-11,2023-11-21,50,RETURNED
4038,198,33,2023-05-24,2023-06-07,,0,ISSUED
4039,152,1096,2023-01-18,2023-02-01,2023-02-04,15,RETURNED
4040,712,1236,2023-09-20,2023-10-04,2023-10-12,40,RETURNED
4041,2742,1067,2024-05-25,2024-06-08,,0,OVERDUE
4042,2119,359,2025-02-19,2025-03-05,2025-03-14,45,RETURNED
4043,361,1355,2024-03-14,2024-03-28,2024-04-01,20,RETURNED
4044,1030,532,2023-12-29,2024-01-12,2024-01-13,5,RETURNED
4045,392,1874,2023-10-09,2023-10-23,2023-10-25,10,RETURNED
4046,2274,734,2025-01-06,2025-01-20,2025-01-15,0,RETURNED
4047,1464,1593,2025-12-08,2025-12-22,2025-12-26,20,RETURNED
4048,2245,1407,2023-08-13,2023-08-27,2023-08-29,10,RETURNED
4049,806,758,2025-09-05,2025-09-19,2025-09-17,0,RETURNED
4050,1792,1623,2023-09-17,2023-10-01,2023-09-26,0,RETURNED
4051,1452,1596,2024-02-24,2024-03-09,2024-03-17,40,RETURNED
4052,2165,1719,2024-02-18,2024-03-03,2024-02-28,0,RETURNED
4053,309,1580,2023-05-03,2023-05-17,,0,OVERDUE
4054,2708,797,2025-03-22,2025-04-05,,0,OVERDUE
4055,2829,1842,2023-01-22,2023-02-05,,0,OVERDUE
4056,2101,1873,2023-01-23,2023-02-06,2023-02-15,45,RETURNED
4057,586,350,2023-04-28,2023-05-12,2023-05-11,0,RETURNED
4058,2911,359,2023-07-10,2023-07-24,2023-07-30,30,RETURNED
4059,1241,502,2025-10-20,2025-11-03,,0,ISSUED
4060,2563,425,2024-10-31,2024-11-14,,0,OVERDUE
4061,2457,1778,2024-06-03,2024-06-17,,0,OVERDUE
4062,2373,1884,2025-01-16,2025-01-30,,0,ISSUED
4063,2994,352,2023-09-13,2023-09-27,2023-09-26,0,RETURNED
4064,1130,1506,2025-02-23,2025-03-09,,0,ISSUED
4065,935,1976,2025-07-09,2025-07-23,2025-07-19,0,RETURNED
4066,401,457,2025-07-01,2025-07-15,,0,ISSUED
4067,1322,150,2025-12-22,2026-01-05,2026-01-01,0,RETURNED
4068,1043,72,2024-05-23,2024-06-06,,0,ISSUED
4069,1783,1198,2023-03-31,2023-04-14,2023-04-14,0,RETURNED
4070,110,675,2023-01-02,2023-01-16,2023-01-22,30,RETURNED
4071,788,1115,2025-05-04,2025-05-18,2025-05-23,25,RETURNED
4072,1999,166,2023-09-23,2023-10-07,,0,OVERDUE
4073,1588,164,2023-01-27,2023-02-10,,0,OVERDUE
4074,1422,337,2023-07-05,2023-07-19,,0,ISSUED
4075,2353,1127,2024-01-05,2024-01-19,2024-01-23,20,RETURNED
4076,2640,232,2023-01-11,2023-01-25,,0,ISSUED
4077,1538,583,2024-12-01,2024-12-15,2024-12-18,15,RETURNED
4078,2588,1698,2024-06-22,2024-07-06,2024-07-11,25,RETURNED
4079,2323,1919,2023-04-05,2023-04-19,,0,ISSUED
4080,262,1051,2024-10-10,2024-10-24,2024-10-28,20,RETURNED
4081,1525,284,2024-04-22,2024-05-06,2024-05-13,35,RETURNED
4082,1739,1843,2025-05-19,2025-06-02,2025-06-01,0,RETURNED
4083,1267,1903,2025-06-22,2025-07-06,2025-07-10,20,RETURNED
4084,2003,875,2024-04-19,2024-05-03,2024-05-05,10,RETURNED
4085,285,1797,2024-02-17,2024-03-02,2024-03-11,45,RETURNED
4086,7,207,2025-09-26,2025-10-10,2025-10-16,30,RETURNED
4087,247,494,2023-03-10,2023-03-24,2023-04-01,40,RETURNED
4088,1401,501,2023-12-23,2024-01-06,2024-01-06,0,RETURNED
4089,590,450,2025-07-04,2025-07-18,2025-07-22,20,RETURNED
4090,2820,1520,2023-07-13,2023-07-27,2023-07-25,0,RETURNED
4091,2078,1366,2024-02-21,2024-03-06,2024-03-04,0,RETURNED
4092,2689,1505,2024-03-19,2024-04-02,2024-04-10,40,RETURNED
4093,2863,557,2024-05-16,2024-05-30,2024-06-06,35,RETURNED
4094,651,1790,2023-08-09,2023-08-23,2023-08-19,0,RETURNED
4095,1358,1079,2023-11-12,2023-11-26,2023-12-03,35,RETURNED
4096,1619,1210,2023-04-22,2023-05-06,,0,ISSUED
4097,1588,1063,2024-09-20,2024-10-04,,0,OVERDUE
4098,2325,415,2023-11-10,2023-11-24,2023-12-03,45,RETURNED
4099,216,145,2024-02-03,2024-02-17,2024-02-22,25,RETURNED
4100,10,1446,2024-09-06,2024-09-20,2024-09-27,35,RETURNED
4101,1257,1435,2023-02-17,2023-03-03,,0,OVERDUE
4102,2254,929,2024-10-19,2024-11-02,2024-11-11,45,RETURNED
4103,658,928,2023-04-20,2023-05-04,2023-05-02,0,RETURNED
4104,2757,843,2025-07-29,2025-08-12,2025-08-09,0,RETURNED
4105,1764,1380,2025-07-08,2025-07-22,2025-07-31,45,RETURNED
4106,1405,809,2024-05-07,2024-05-21,2024-05-16,0,RETURNED
4107,870,431,2025-05-30,2025-06-13,2025-06-09,0,RETURNED
4108,2491,555,2023-07-17,2023-07-31,2023-07-30,0,RETURNED
4109,1961,1541,2024-11-17,2024-12-01,2024-12-05,20,RETURNED
4110,718,1576,2023-04-13,2023-04-27,2023-05-03,30,RETURNED
4111,2325,5,2025-07-16,2025-07-30,2025-07-25,0,RETURNED
4112,2203,1315,2025-12-12,2025-12-26,2025-12-23,0,RETURNED
4113,2822,1145,2025-10-20,2025-11-03,,0,ISSUED
4114,366,1473,2025-09-06,2025-09-20,,0,OVERDUE
4115,2876,1977,2023-12-17,2023-12-31,2024-01-04,20,RETURNED
4116,2233,679,2023-01-05,2023-01-19,2023-01-24,25,RETURNED
4117,595,333,2025-10-26,2025-11-09,,0,ISSUED
4118,871,1047,2025-01-21,2025-02-04,2025-02-06,10,RETURNED
4119,2453,1992,2025-09-27,2025-10-11,2025-10-15,20,RETURNED
4120,2857,463,2024-06-23,2024-07-07,2024-07-07,0,RETURNED
4121,599,896,2023-09-05,2023-09-19,2023-09-22,15,RETURNED
4122,147,471,2023-01-16,2023-01-30,2023-02-02,15,RETURNED
4123,2513,50,2025-06-22,2025-07-06,2025-07-02,0,RETURNED
4124,776,102,2023-02-23,2023-03-09,2023-03-14,25,RETURNED
4125,2028,1907,2023-05-20,2023-06-03,2023-06-07,20,RETURNED
4126,1518,1607,2025-05-07,2025-05-21,2025-05-17,0,RETURNED
4127,1343,950,2024-09-03,2024-09-17,2024-09-18,5,RETURNED
4128,1749,1168,2025-08-25,2025-09-08,2025-09-12,20,RETURNED
4129,988,771,2025-09-13,2025-09-27,,0,ISSUED
4130,1471,366,2024-04-17,2024-05-01,2024-05-04,15,RETURNED
4131,1547,86,2023-02-12,2023-02-26,2023-02-23,0,RETURNED
4132,1231,158,2025-03-27,2025-04-10,2025-04-07,0,RETURNED
4133,297,201,2025-10-14,2025-10-28,2025-10-31,15,RETURNED
4134,1253,1950,2024-10-07,2024-10-21,,0,ISSUED
4135,2486,1101,2023-07-20,2023-08-03,2023-08-09,30,RETURNED
4136,2436,1839,2023-05-24,2023-06-07,2023-06-02,0,RETURNED
4137,1899,1890,2023-03-06,2023-03-20,,0,OVERDUE
4138,1848,1280,2024-11-13,2024-11-27,2024-11-27,0,RETURNED
4139,1917,146,2024-11-16,2024-11-30,2024-12-10,50,RETURNED
4140,2602,911,2023-05-22,2023-06-05,,0,ISSUED
4141,695,1875,2024-03-12,2024-03-26,,0,OVERDUE
4142,2215,1209,2024-11-28,2024-12-12,2024-12-22,50,RETURNED
4143,2189,1079,2025-07-23,2025-08-06,,0,ISSUED
4144,1846,1806,2023-07-17,2023-07-31,2023-07-29,0,RETURNED
4145,2453,350,2025-08-11,2025-08-25,2025-08-25,0,RETURNED
4146,1244,939,2023-11-05,2023-11-19,,0,ISSUED
4147,2063,353,2024-07-02,2024-07-16,,0,OVERDUE
4148,3000,619,2024-02-26,2024-03-11,2024-03-11,0,RETURNED
4149,1295,665,2023-09-06,2023-09-20,2023-09-25,25,RETURNED
4150,1459,667,2023-07-26,2023-08-09,2023-08-08,0,RETURNED
4151,335,836,2023-07-11,2023-07-25,2023-07-25,0,RETURNED
4152,2336,1891,2023-04-14,2023-04-28,2023-05-04,30,RETURNED
4153,179,1545,2024-05-25,2024-06-08,2024-06-11,15,RETURNED
4154,1276,4,2024-08-09,2024-08-23,2024-08-28,25,RETURNED
4155,2876,159,2023-10-03,2023-10-17,2023-10-22,25,RETURNED
4156,2545,337,2024-02-11,2024-02-25,2024-02-28,15,RETURNED
4157,1276,1430,2023-03-11,2023-03-25,,0,OVERDUE
4158,1547,1042,2025-03-14,2025-03-28,2025-03-24,0,RETURNED
4159,1665,1726,2024-04-26,2024-05-10,2024-05-10,0,RETURNED
4160,920,1649,2024-05-21,2024-06-04,,0,ISSUED
4161,732,560,2023-09-18,2023-10-02,2023-10-03,5,RETURNED
4162,1283,290,2023-02-06,2023-02-20,2023-02-17,0,RETURNED
4163,2773,188,2023-02-20,2023-03-06,2023-03-02,0,RETURNED
4164,2880,661,2023-01-21,2023-02-04,2023-02-03,0,RETURNED
4165,1637,1278,2024-10-28,2024-11-11,2024-11-08,0,RETURNED
4166,946,713,2024-03-19,2024-04-02,2024-04-08,30,RETURNED
4167,2019,22,2024-04-25,2024-05-09,2024-05-12,15,RETURNED
4168,1501,1858,2024-05-26,2024-06-09,2024-06-16,35,RETURNED
4169,303,458,2024-09-03,2024-09-17,2024-09-27,50,RETURNED
4170,2272,1069,2024-02-25,2024-03-10,2024-03-18,40,RETURNED
4171,1052,1319,2024-02-23,2024-03-08,2024-03-08,0,RETURNED
4172,1037,1619,2024-09-18,2024-10-02,2024-09-28,0,RETURNED
4173,1151,716,2024-02-11,2024-02-25,,0,ISSUED
4174,1546,630,2023-09-23,2023-10-07,2023-10-02,0,RETURNED
4175,436,1392,2025-10-30,2025-11-13,2025-11-10,0,RETURNED
4176,1576,255,2023-09-23,2023-10-07,2023-10-02,0,RETURNED
4177,1626,672,2023-02-21,2023-03-07,,0,OVERDUE
4178,2349,1080,2023-05-16,2023-05-30,2023-06-06,35,RETURNED
4179,2893,901,2025-11-17,2025-12-01,2025-12-01,0,RETURNED
4180,883,472,2023-04-17,2023-05-01,2023-05-06,25,RETURNED
4181,1582,1535,2024-03-03,2024-03-17,2024-03-15,0,RETURNED
4182,1075,176,2025-09-29,2025-10-13,,0,OVERDUE
4183,1252,1637,2025-09-23,2025-10-07,,0,ISSUED
4184,641,940,2025-12-05,2025-12-19,2025-12-14,0,RETURNED
4185,822,305,2025-12-13,2025-12-27,2025-12-27,0,RETURNED
4186,1213,1558,2025-04-04,2025-04-18,,0,OVERDUE
4187,949,1405,2023-09-22,2023-10-06,2023-10-12,30,RETURNED
4188,1208,695,2024-01-07,2024-01-21,2024-01-19,0,RETURNED
4189,570,629,2024-07-10,2024-07-24,2024-07-28,20,RETURNED
4190,2245,1281,2025-03-24,2025-04-07,2025-04-10,15,RETURNED
4191,1866,965,2024-01-31,2024-02-14,2024-02-15,5,RETURNED
4192,562,75,2023-08-27,2023-09-10,,0,ISSUED
4193,2028,70,2023-02-04,2023-02-18,2023-02-27,45,RETURNED
4194,1241,292,2023-02-06,2023-02-20,2023-02-21,5,RETURNED
4195,1472,1485,2023-02-12,2023-02-26,2023-02-22,0,RETURNED
4196,1230,903,2025-04-20,2025-05-04,2025-05-04,0,RETURNED
4197,2841,812,2023-09-16,2023-09-30,2023-10-07,35,RETURNED
4198,691,250,2024-02-11,2024-02-25,2024-02-27,10,RETURNED
4199,2352,674,2024-07-29,2024-08-12,2024-08-21,45,RETURNED
4200,465,517,2025-10-09,2025-10-23,,0,OVERDUE
4201,758,51,2023-11-03,2023-11-17,2023-11-16,0,RETURNED
4202,1558,1160,2025-05-11,2025-05-25,2025-05-21,0,RETURNED
4203,936,1575,2023-10-16,2023-10-30,2023-11-08,45,RETURNED
4204,1354,1516,2023-07-28,2023-08-11,2023-08-10,0,RETURNED
4205,1739,1555,2024-11-03,2024-11-17,2024-11-27,50,RETURNED
4206,1086,122,2023-10-22,2023-11-05,2023-11-09,20,RETURNED
4207,2322,923,2025-09-09,2025-09-23,2025-10-01,40,RETURNED
4208,536,1327,2024-06-20,2024-07-04,2024-06-30,0,RETURNED
4209,2115,1909,2025-02-03,2025-02-17,2025-02-21,20,RETURNED
4210,2431,409,2024-12-19,2025-01-02,2025-01-08,30,RETURNED
4211,1933,344,2024-11-23,2024-12-07,2024-12-06,0,RETURNED
4212,394,1426,2024-07-22,2024-08-05,2024-08-11,30,RETURNED
4213,889,501,2024-08-05,2024-08-19,2024-08-14,0,RETURNED
4214,1082,73,2024-10-05,2024-10-19,2024-10-14,0,RETURNED
4215,1793,287,2024-08-05,2024-08-19,,0,OVERDUE
4216,2549,843,2025-01-27,2025-02-10,2025-02-10,0,RETURNED
4217,1406,1532,2023-12-17,2023-12-31,2023-12-27,0,RETURNED
4218,2539,1772,2025-10-18,2025-11-01,2025-11-08,35,RETURNED
4219,78,86,2024-01-14,2024-01-28,,0,ISSUED
4220,2247,1432,2025-10-20,2025-11-03,2025-11-01,0,RETURNED
4221,424,1901,2025-01-29,2025-02-12,2025-02-09,0,RETURNED
4222,2893,1303,2023-08-22,2023-09-05,2023-09-09,20,RETURNED
4223,638,1292,2025-02-20,2025-03-06,2025-03-03,0,RETURNED
4224,824,486,2024-09-11,2024-09-25,,0,OVERDUE
4225,2035,995,2023-04-28,2023-05-12,2023-05-16,20,RETURNED
4226,2910,1582,2024-10-31,2024-11-14,,0,ISSUED
4227,2721,654,2025-09-01,2025-09-15,2025-09-11,0,RETURNED
4228,630,1220,2023-09-27,2023-10-11,2023-10-11,0,RETURNED
4229,1314,825,2024-02-16,2024-03-01,,0,ISSUED
4230,1010,1819,2023-01-23,2023-02-06,,0,ISSUED
4231,275,532,2023-06-01,2023-06-15,2023-06-25,50,RETURNED
4232,1967,1915,2023-10-08,2023-10-22,2023-10-22,0,RETURNED
4233,211,1333,2023-06-26,2023-07-10,2023-07-06,0,RETURNED
4234,341,776,2023-12-24,2024-01-07,2024-01-14,35,RETURNED
4235,1051,796,2024-08-07,2024-08-21,2024-08-18,0,RETURNED
4236,1914,1272,2025-10-06,2025-10-20,2025-10-21,5,RETURNED
4237,2844,333,2025-06-28,2025-07-12,2025-07-16,20,RETURNED
4238,302,136,2024-12-16,2024-12-30,,0,OVERDUE
4239,2758,1334,2024-01-06,2024-01-20,2024-01-18,0,RETURNED
4240,1249,1432,2023-08-23,2023-09-06,2023-09-07,5,RETURNED
4241,8,112,2024-10-05,2024-10-19,2024-10-17,0,RETURNED
4242,1528,1306,2025-09-10,2025-09-24,2025-09-27,15,RETURNED
4243,1180,614,2023-01-22,2023-02-05,2023-02-11,30,RETURNED
4244,913,1325,2024-07-23,2024-08-06,2024-08-12,30,RETURNED
4245,2432,832,2024-12-06,2024-12-20,2024-12-25,25,RETURNED
4246,1855,1058,2025-10-13,2025-10-27,,0,ISSUED
4247,2850,853,2023-10-15,2023-10-29,2023-10-26,0,RETURNED
4248,651,214,2024-02-03,2024-02-17,2024-02-18,5,RETURNED
4249,1669,532,2025-02-05,2025-02-19,2025-02-27,40,RETURNED
4250,2709,1606,2023-10-05,2023-10-19,,0,OVERDUE
4251,646,1420,2024-08-05,2024-08-19,2024-08-22,15,RETURNED
4252,2675,1955,2023-03-21,2023-04-04,,0,ISSUED
4253,1805,1295,2025-09-12,2025-09-26,2025-10-03,35,RETURNED
4254,1926,102,2024-08-23,2024-09-06,2024-09-06,0,RETURNED
4255,185,1037,2023-02-11,2023-02-25,2023-02-22,0,RETURNED
4256,2354,1412,2024-02-08,2024-02-22,2024-03-01,40,RETURNED
4257,1022,170,2025-06-23,2025-07-07,2025-07-05,0,RETURNED
4258,1731,81,2025-03-31,2025-04-14,2025-04-11,0,RETURNED
4259,618,1440,2024-10-04,2024-10-18,2024-10-26,40,RETURNED
4260,436,1424,2024-01-15,2024-01-29,2024-01-24,0,RETURNED
4261,2707,786,2024-12-25,2025-01-08,2025-01-18,50,RETURNED
4262,1387,190,2025-02-25,2025-03-11,2025-03-18,35,RETURNED
4263,2613,805,2025-07-04,2025-07-18,2025-07-18,0,RETURNED
4264,1251,316,2024-04-27,2024-05-11,2024-05-06,0,RETURNED
4265,1378,957,2023-07-26,2023-08-09,2023-08-17,40,RETURNED
4266,1200,719,2024-07-03,2024-07-17,2024-07-26,45,RETURNED
4267,2927,470,2025-06-12,2025-06-26,2025-06-24,0,RETURNED
4268,504,1454,2023-11-22,2023-12-06,,0,OVERDUE
4269,436,1579,2024-04-07,2024-04-21,,0,OVERDUE
4270,2847,183,2023-01-21,2023-02-04,2023-01-30,0,RETURNED
4271,962,197,2024-04-08,2024-04-22,,0,OVERDUE
4272,1567,1069,2025-12-01,2025-12-15,2025-12-11,0,RETURNED
4273,2634,1241,2024-09-29,2024-10-13,2024-10-22,45,RETURNED
4274,2798,1391,2025-12-22,2026-01-05,2026-01-06,5,RETURNED
4275,2840,573,2023-06-12,2023-06-26,2023-06-28,10,RETURNED
4276,145,1183,2024-01-28,2024-02-11,2024-02-12,5,RETURNED
4277,2292,468,2025-11-29,2025-12-13,2025-12-23,50,RETURNED
4278,2309,141,2024-10-03,2024-10-17,2024-10-22,25,RETURNED
4279,2706,1448,2025-05-11,2025-05-25,,0,OVERDUE
4280,2308,546,2024-01-26,2024-02-09,2024-02-08,0,RETURNED
4281,2733,1163,2024-03-02,2024-03-16,,0,OVERDUE
4282,107,984,2024-12-12,2024-12-26,2024-12-21,0,RETURNED
4283,2836,166,2025-07-18,2025-08-01,2025-08-07,30,RETURNED
4284,1330,1468,2023-11-13,2023-11-27,2023-11-27,0,RETURNED
4285,3,1739,2024-09-21,2024-10-05,,0,OVERDUE
4286,464,710,2023-05-31,2023-06-14,2023-06-12,0,RETURNED
4287,2361,930,2025-12-16,2025-12-30,,0,ISSUED
4288,1047,1906,2025-01-27,2025-02-10,2025-02-14,20,RETURNED
4289,2141,1445,2023-01-12,2023-01-26,,0,ISSUED
4290,725,418,2024-05-21,2024-06-04,2024-06-02,0,RETURNED
4291,460,799,2023-11-24,2023-12-08,2023-12-13,25,RETURNED
4292,242,1952,2025-09-11,2025-09-25,2025-09-20,0,RETURNED
4293,2745,1434,2023-10-06,2023-10-20,2023-10-30,50,RETURNED
4294,1399,1427,2025-01-22,2025-02-05,2025-02-14,45,RETURNED
4295,2047,369,2024-02-25,2024-03-10,2024-03-13,15,RETURNED
4296,1441,736,2024-05-19,2024-06-02,,0,ISSUED
4297,1535,1111,2023-08-17,2023-08-31,2023-08-26,0,RETURNED
4298,230,1195,2023-12-09,2023-12-23,,0,OVERDUE
4299,2355,940,2024-11-30,2024-12-14,2024-12-18,20,RETURNED
4300,1301,1173,2025-08-06,2025-08-20,2025-08-23,15,RETURNED
4301,335,1320,2024-03-09,2024-03-23,2024-03-28,25,RETURNED
4302,810,1652,2023-01-30,2023-02-13,2023-02-17,20,RETURNED
4303,1170,312,2024-08-02,2024-08-16,2024-08-19,15,RETURNED
4304,1224,1016,2024-08-16,2024-08-30,2024-09-02,15,RETURNED
4305,2711,573,2025-08-22,2025-09-05,2025-09-14,45,RETURNED
4306,530,636,2023-01-19,2023-02-02,,0,OVERDUE
4307,777,1480,2025-08-03,2025-08-17,2025-08-20,15,RETURNED
4308,2280,831,2024-08-21,2024-09-04,2024-08-31,0,RETURNED
4309,770,1824,2023-02-27,2023-03-13,2023-03-11,0,RETURNED
4310,704,1984,2023-05-19,2023-06-02,2023-05-28,0,RETURNED
4311,1233,506,2024-03-26,2024-04-09,2024-04-05,0,RETURNED
4312,555,958,2023-04-15,2023-04-29,,0,OVERDUE
4313,1946,1290,2024-10-07,2024-10-21,2024-10-29,40,RETURNED
4314,2142,1538,2024-11-20,2024-12-04,2024-12-14,50,RETURNED
4315,2588,1503,2024-02-04,2024-02-18,,0,OVERDUE
4316,526,1265,2023-05-03,2023-05-17,2023-05-24,35,RETURNED
4317,2252,1953,2023-01-27,2023-02-10,2023-02-06,0,RETURNED
4318,2998,1141,2025-06-05,2025-06-19,2025-06-21,10,RETURNED
4319,2651,1747,2024-10-12,2024-10-26,2024-10-22,0,RETURNED
4320,1369,187,2024-04-20,2024-05-04,,0,ISSUED
4321,2348,1246,2025-11-20,2025-12-04,2025-12-06,10,RETURNED
4322,371,907,2025-10-11,2025-10-25,2025-10-29,20,RETURNED
4323,837,1709,2025-02-16,2025-03-02,2025-03-06,20,RETURNED
4324,729,640,2024-02-14,2024-02-28,2024-03-07,40,RETURNED
4325,319,658,2024-01-19,2024-02-02,2024-02-11,45,RETURNED
4326,1319,1333,2023-08-15,2023-08-29,2023-09-08,50,RETURNED
4327,2571,752,2024-09-01,2024-09-15,2024-09-20,25,RETURNED
4328,530,221,2025-07-03,2025-07-17,2025-07-20,15,RETURNED
4329,2802,845,2024-01-21,2024-02-04,2024-02-14,50,RETURNED
4330,1621,1335,2024-10-14,2024-10-28,2024-11-01,20,RETURNED
4331,887,625,2023-02-14,2023-02-28,2023-03-05,25,RETURNED
4332,2752,83,2024-02-17,2024-03-02,2024-03-07,25,RETURNED
4333,2880,1015,2023-12-20,2024-01-03,2024-01-12,45,RETURNED
4334,1232,554,2023-06-02,2023-06-16,2023-06-12,0,RETURNED
4335,966,1673,2025-02-19,2025-03-05,,0,ISSUED
4336,662,1351,2025-05-18,2025-06-01,,0,OVERDUE
4337,2902,1661,2025-02-20,2025-03-06,2025-03-11,25,RETURNED
4338,352,604,2024-08-23,2024-09-06,,0,OVERDUE
4339,627,1151,2025-02-17,2025-03-03,,0,ISSUED
4340,1269,1665,2023-10-11,2023-10-25,2023-11-03,45,RETURNED
4341,2849,728,2023-04-13,2023-04-27,,0,ISSUED
4342,1570,862,2024-05-06,2024-05-20,2024-05-26,30,RETURNED
4343,1094,535,2023-09-16,2023-09-30,,0,ISSUED
4344,2378,1796,2023-02-01,2023-02-15,2023-02-15,0,RETURNED
4345,280,1923,2025-12-21,2026-01-04,2026-01-13,45,RETURNED
4346,1576,1508,2025-09-30,2025-10-14,2025-10-14,0,RETURNED
4347,2511,1311,2023-03-30,2023-04-13,2023-04-22,45,RETURNED
4348,2160,1817,2023-01-25,2023-02-08,2023-02-15,35,RETURNED
4349,2101,1566,2024-03-03,2024-03-17,2024-03-12,0,RETURNED
4350,785,1416,2024-09-29,2024-10-13,2024-10-12,0,RETURNED
4351,739,75,2023-12-29,2024-01-12,2024-01-14,10,RETURNED
4352,783,449,2025-04-06,2025-04-20,,0,OVERDUE
4353,1149,1261,2024-01-20,2024-02-03,2024-01-31,0,RETURNED
4354,1103,980,2023-11-21,2023-12-05,2023-12-08,15,RETURNED
4355,44,1850,2025-04-29,2025-05-13,2025-05-20,35,RETURNED
4356,1553,515,2024-02-02,2024-02-16,,0,ISSUED
4357,1667,709,2025-06-25,2025-07-09,2025-07-05,0,RETURNED
4358,1384,1670,2025-07-31,2025-08-14,2025-08-17,15,RETURNED
4359,2662,3,2025-05-07,2025-05-21,2025-05-31,50,RETURNED
4360,2915,418,2025-01-11,2025-01-25,2025-01-30,25,RETURNED
4361,2505,771,2025-11-19,2025-12-03,2025-12-01,0,RETURNED
4362,293,892,2023-10-19,2023-11-02,2023-11-03,5,RETURNED
4363,2437,43,2024-05-21,2024-06-04,2024-06-14,50,RETURNED
4364,316,1400,2025-02-18,2025-03-04,2025-03-01,0,RETURNED
4365,588,1517,2024-03-21,2024-04-04,2024-04-07,15,RETURNED
4366,2203,485,2024-01-11,2024-01-25,2024-01-30,25,RETURNED
4367,1507,61,2023-07-31,2023-08-14,2023-08-24,50,RETURNED
4368,1829,1008,2025-03-11,2025-03-25,2025-03-23,0,RETURNED
4369,1366,788,2025-10-02,2025-10-16,2025-10-16,0,RETURNED
4370,2597,514,2024-05-28,2024-06-11,2024-06-16,25,RETURNED
4371,2802,1540,2025-03-22,2025-04-05,2025-04-05,0,RETURNED
4372,1422,567,2024-10-14,2024-10-28,2024-11-01,20,RETURNED
4373,1761,1449,2024-04-21,2024-05-05,2024-05-04,0,RETURNED
4374,1561,1952,2025-08-15,2025-08-29,,0,OVERDUE
4375,2848,1872,2025-10-29,2025-11-12,,0,ISSUED
4376,1194,1405,2024-02-01,2024-02-15,2024-02-12,0,RETURNED
4377,403,1647,2025-12-21,2026-01-04,,0,ISSUED
4378,490,1141,2024-12-27,2025-01-10,2025-01-19,45,RETURNED
4379,2951,922,2025-04-24,2025-05-08,2025-05-08,0,RETURNED
4380,747,1136,2025-09-10,2025-09-24,2025-09-22,0,RETURNED
4381,2930,901,2025-05-07,2025-05-21,2025-05-17,0,RETURNED
4382,1433,1867,2024-08-10,2024-08-24,2024-09-03,50,RETURNED
4383,2461,1970,2024-06-21,2024-07-05,2024-07-10,25,RETURNED
4384,1943,1862,2023-12-17,2023-12-31,2023-12-28,0,RETURNED
4385,291,789,2023-01-21,2023-02-04,2023-02-13,45,RETURNED
4386,2693,1423,2023-04-22,2023-05-06,2023-05-07,5,RETURNED
4387,2970,1753,2023-06-07,2023-06-21,2023-06-17,0,RETURNED
4388,1062,328,2023-02-27,2023-03-13,,0,ISSUED
4389,2367,1597,2024-12-02,2024-12-16,2024-12-13,0,RETURNED
4390,1445,651,2024-11-28,2024-12-12,2024-12-17,25,RETURNED
4391,934,1294,2023-08-12,2023-08-26,2023-08-27,5,RETURNED
4392,607,1965,2023-09-17,2023-10-01,2023-10-10,45,RETURNED
4393,549,1426,2023-08-24,2023-09-07,2023-09-06,0,RETURNED
4394,1022,896,2025-09-24,2025-10-08,2025-10-03,0,RETURNED
4395,731,794,2023-02-27,2023-03-13,2023-03-09,0,RETURNED
4396,2172,1557,2024-03-16,2024-03-30,2024-03-30,0,RETURNED
4397,1542,1304,2024-07-22,2024-08-05,2024-08-09,20,RETURNED
4398,680,649,2023-03-18,2023-04-01,2023-04-11,50,RETURNED
4399,1856,1850,2024-09-19,2024-10-03,2024-10-03,0,RETURNED
4400,2991,1322,2025-02-27,2025-03-13,,0,OVERDUE
4401,2796,107,2024-11-18,2024-12-02,2024-12-10,40,RETURNED
4402,2857,1854,2023-02-17,2023-03-03,2023-03-07,20,RETURNED
4403,1060,1211,2023-09-03,2023-09-17,2023-09-13,0,RETURNED
4404,788,1858,2024-03-15,2024-03-29,2024-03-27,0,RETURNED
4405,1648,500,2024-07-21,2024-08-04,2024-07-30,0,RETURNED
4406,258,1660,2023-02-25,2023-03-11,2023-03-16,25,RETURNED
4407,363,1486,2025-02-17,2025-03-03,2025-02-27,0,RETURNED
4408,2197,1210,2024-08-20,2024-09-03,2024-08-29,0,RETURNED
4409,1482,1131,2024-11-16,2024-11-30,2024-11-29,0,RETURNED
4410,2363,718,2023-03-22,2023-04-05,2023-04-12,35,RETURNED
4411,2858,1468,2023-09-24,2023-10-08,,0,ISSUED
4412,2712,294,2025-03-01,2025-03-15,2025-03-11,0,RETURNED
4413,1156,568,2023-01-22,2023-02-05,2023-02-01,0,RETURNED
4414,1133,1836,2023-03-18,2023-04-01,2023-04-08,35,RETURNED
4415,2601,1997,2023-06-02,2023-06-16,2023-06-15,0,RETURNED
4416,477,431,2023-11-17,2023-12-01,,0,OVERDUE
4417,142,958,2023-09-17,2023-10-01,2023-09-27,0,RETURNED
4418,1835,454,2025-08-31,2025-09-14,,0,OVERDUE
4419,1434,1864,2024-05-23,2024-06-06,2024-06-11,25,RETURNED
4420,2479,1214,2023-07-12,2023-07-26,2023-08-05,50,RETURNED
4421,2783,1266,2025-04-08,2025-04-22,2025-04-27,25,RETURNED
4422,1366,886,2024-06-20,2024-07-04,2024-07-02,0,RETURNED
4423,230,1022,2023-09-03,2023-09-17,2023-09-13,0,RETURNED
4424,2106,1322,2023-04-29,2023-05-13,2023-05-08,0,RETURNED
4425,327,382,2025-12-11,2025-12-25,,0,ISSUED
4426,1980,478,2024-02-10,2024-02-24,2024-02-19,0,RETURNED
4427,1198,1390,2024-03-31,2024-04-14,2024-04-20,30,RETURNED
4428,2999,112,2025-02-02,2025-02-16,2025-02-22,30,RETURNED
4429,674,85,2025-04-25,2025-05-09,2025-05-06,0,RETURNED
4430,2078,367,2024-11-29,2024-12-13,,0,ISSUED
4431,2554,1020,2023-09-17,2023-10-01,2023-10-01,0,RETURNED
4432,1104,1219,2024-01-08,2024-01-22,,0,ISSUED
4433,1815,828,2025-12-22,2026-01-05,2026-01-10,25,RETURNED
4434,562,1387,2023-04-20,2023-05-04,2023-05-14,50,RETURNED
4435,933,1827,2024-04-16,2024-04-30,2024-04-25,0,RETURNED
4436,170,244,2023-11-16,2023-11-30,,0,ISSUED
4437,2064,729,2023-08-06,2023-08-20,2023-08-19,0,RETURNED
4438,1631,1564,2024-03-11,2024-03-25,2024-03-22,0,RETURNED
4439,2788,1468,2023-06-13,2023-06-27,2023-06-27,0,RETURNED
4440,2023,189,2024-07-04,2024-07-18,2024-07-27,45,RETURNED
4441,1942,1585,2023-04-25,2023-05-09,2023-05-06,0,RETURNED
4442,803,119,2025-02-08,2025-02-22,2025-03-01,35,RETURNED
4443,375,189,2024-08-10,2024-08-24,2024-08-21,0,RETURNED
4444,925,1291,2025-01-20,2025-02-03,2025-02-07,20,RETURNED
4445,2316,398,2024-12-31,2025-01-14,2025-01-16,10,RETURNED
4446,2503,1091,2025-01-27,2025-02-10,2025-02-17,35,RETURNED
4447,1046,1251,2025-02-20,2025-03-06,2025-03-07,5,RETURNED
4448,2909,839,2025-11-22,2025-12-06,2025-12-08,10,RETURNED
4449,2324,16,2024-11-12,2024-11-26,2024-11-28,10,RETURNED
4450,1558,1700,2023-12-19,2024-01-02,2024-01-11,45,RETURNED
4451,1234,143,2023-05-17,2023-05-31,,0,OVERDUE
4452,504,272,2025-06-06,2025-06-20,,0,ISSUED
4453,2025,1638,2023-05-11,2023-05-25,2023-05-31,30,RETURNED
4454,611,223,2024-12-04,2024-12-18,2024-12-24,30,RETURNED
4455,2384,760,2023-06-23,2023-07-07,2023-07-14,35,RETURNED
4456,2682,389,2025-08-03,2025-08-17,2025-08-16,0,RETURNED
4457,2156,1274,2024-08-26,2024-09-09,2024-09-09,0,RETURNED
4458,413,707,2023-11-19,2023-12-03,2023-12-04,5,RETURNED
4459,74,1925,2025-07-10,2025-07-24,,0,OVERDUE
4460,582,364,2024-04-13,2024-04-27,,0,OVERDUE
4461,2578,821,2025-12-19,2026-01-02,2025-12-31,0,RETURNED
4462,2285,303,2023-06-11,2023-06-25,,0,ISSUED
4463,614,1708,2023-08-04,2023-08-18,2023-08-15,0,RETURNED
4464,39,125,2025-11-15,2025-11-29,2025-11-29,0,RETURNED
4465,1514,732,2025-02-07,2025-02-21,2025-02-26,25,RETURNED
4466,518,1393,2023-09-08,2023-09-22,2023-09-20,0,RETURNED
4467,2597,1547,2023-04-08,2023-04-22,2023-04-30,40,RETURNED
4468,711,454,2024-09-06,2024-09-20,,0,ISSUED
4469,2300,1629,2023-03-12,2023-03-26,2023-04-03,40,RETURNED
4470,59,1883,2023-11-13,2023-11-27,,0,OVERDUE
4471,2449,1668,2024-11-12,2024-11-26,2024-11-26,0,RETURNED
4472,2358,476,2023-03-25,2023-04-08,2023-04-16,40,RETURNED
4473,560,939,2024-12-23,2025-01-06,2025-01-14,40,RETURNED
4474,834,289,2023-05-18,2023-06-01,2023-05-31,0,RETURNED
4475,1404,939,2025-08-11,2025-08-25,2025-09-02,40,RETURNED
4476,2190,1051,2023-08-13,2023-08-27,2023-08-27,0,RETURNED
4477,2893,1553,2023-06-01,2023-06-15,2023-06-20,25,RETURNED
4478,2970,740,2023-05-03,2023-05-17,2023-05-18,5,RETURNED
4479,256,801,2024-07-16,2024-07-30,2024-08-03,20,RETURNED
4480,2526,931,2023-10-05,2023-10-19,2023-10-27,40,RETURNED
4481,2242,815,2023-04-28,2023-05-12,2023-05-10,0,RETURNED
4482,2449,1010,2023-03-09,2023-03-23,2023-04-01,45,RETURNED
4483,1831,1250,2023-07-04,2023-07-18,,0,OVERDUE
4484,1903,1211,2023-11-13,2023-11-27,,0,OVERDUE
4485,9,133,2023-05-16,2023-05-30,2023-06-06,35,RETURNED
4486,691,1703,2023-08-21,2023-09-04,2023-09-01,0,RETURNED
4487,2819,277,2024-03-19,2024-04-02,2024-04-02,0,RETURNED
4488,2224,229,2023-03-24,2023-04-07,2023-04-17,50,RETURNED
4489,1581,490,2024-05-23,2024-06-06,2024-06-07,5,RETURNED
4490,938,1308,2024-11-30,2024-12-14,,0,OVERDUE
4491,2361,599,2023-04-28,2023-05-12,2023-05-17,25,RETURNED
4492,2901,1870,2023-01-03,2023-01-17,2023-01-17,0,RETURNED
4493,2037,1414,2025-11-09,2025-11-23,2025-11-30,35,RETURNED
4494,2131,920,2023-06-27,2023-07-11,2023-07-08,0,RETURNED
4495,2980,1158,2024-02-19,2024-03-04,2024-02-28,0,RETURNED
4496,402,1484,2024-10-16,2024-10-30,2024-10-29,0,RETURNED
4497,2304,1745,2023-11-27,2023-12-11,2023-12-09,0,RETURNED
4498,1093,105,2025-02-12,2025-02-26,,0,ISSUED
4499,367,1330,2025-05-07,2025-05-21,2025-05-24,15,RETURNED
4500,420,1383,2025-02-01,2025-02-15,2025-02-10,0,RETURNED
4501,2945,1802,2024-01-28,2024-02-11,2024-02-17,30,RETURNED
4502,1965,1867,2025-04-01,2025-04-15,2025-04-11,0,RETURNED
4503,1595,849,2023-04-10,2023-04-24,2023-05-03,45,RETURNED
4504,450,911,2024-04-04,2024-04-18,2024-04-25,35,RETURNED
4505,978,981,2025-09-16,2025-09-30,2025-10-04,20,RETURNED
4506,2074,514,2024-01-20,2024-02-03,2024-02-07,20,RETURNED
4507,975,958,2023-12-16,2023-12-30,2024-01-06,35,RETURNED
4508,2931,1770,2024-11-30,2024-12-14,2024-12-11,0,RETURNED
4509,971,1699,2023-01-27,2023-02-10,,0,ISSUED
4510,1148,1399,2024-01-22,2024-02-05,2024-02-01,0,RETURNED
4511,2101,1001,2025-02-06,2025-02-20,2025-02-25,25,RETURNED
4512,2547,528,2025-03-09,2025-03-23,2025-03-29,30,RETURNED
4513,2027,40,2024-01-28,2024-02-11,2024-02-11,0,RETURNED
4514,2560,1503,2024-06-27,2024-07-11,,0,ISSUED
4515,1475,1676,2023-11-29,2023-12-13,,0,OVERDUE
4516,313,1996,2024-06-06,2024-06-20,2024-06-22,10,RETURNED
4517,80,96,2023-10-17,2023-10-31,2023-10-30,0,RETURNED
4518,1842,262,2023-04-04,2023-04-18,2023-04-28,50,RETURNED
4519,1262,1499,2025-05-25,2025-06-08,,0,ISSUED
4520,19,369,2023-12-14,2023-12-28,2024-01-02,25,RETURNED
4521,1722,521,2025-06-18,2025-07-02,2025-07-11,45,RETURNED
4522,2567,221,2024-04-06,2024-04-20,2024-04-24,20,RETURNED
4523,1251,318,2025-07-24,2025-08-07,2025-08-02,0,RETURNED
4524,1516,1460,2024-07-31,2024-08-14,2024-08-23,45,RETURNED
4525,1120,459,2025-06-02,2025-06-16,,0,OVERDUE
4526,1519,1881,2025-11-24,2025-12-08,2025-12-05,0,RETURNED
4527,1618,1949,2023-12-05,2023-12-19,2023-12-15,0,RETURNED
4528,2871,126,2024-08-17,2024-08-31,2024-08-27,0,RETURNED
4529,1749,110,2025-03-01,2025-03-15,2025-03-23,40,RETURNED
4530,1313,637,2024-02-07,2024-02-21,2024-02-28,35,RETURNED
4531,616,1705,2023-12-14,2023-12-28,2024-01-04,35,RETURNED
4532,2855,1776,2023-03-29,2023-04-12,2023-04-13,5,RETURNED
4533,202,1358,2025-10-06,2025-10-20,2025-10-15,0,RETURNED
4534,472,1379,2025-04-22,2025-05-06,,0,OVERDUE
4535,529,378,2023-07-01,2023-07-15,,0,OVERDUE
4536,577,384,2023-03-06,2023-03-20,2023-03-15,0,RETURNED
4537,1320,991,2025-02-07,2025-02-21,2025-02-18,0,RETURNED
4538,1537,15,2024-06-11,2024-06-25,2024-07-02,35,RETURNED
4539,2225,1956,2024-11-20,2024-12-04,,0,OVERDUE
4540,24,982,2025-02-01,2025-02-15,2025-02-10,0,RETURNED
4541,128,294,2025-12-24,2026-01-07,,0,ISSUED
4542,97,1651,2023-09-27,2023-10-11,2023-10-12,5,RETURNED
4543,2951,1851,2024-07-21,2024-08-04,2024-08-04,0,RETURNED
4544,2592,1476,2023-05-20,2023-06-03,2023-06-04,5,RETURNED
4545,2226,1032,2025-09-21,2025-10-05,2025-10-12,35,RETURNED
4546,894,559,2025-11-12,2025-11-26,2025-12-03,35,RETURNED
4547,2844,260,2023-07-11,2023-07-25,2023-07-20,0,RETURNED
4548,1543,1567,2024-02-21,2024-03-06,2024-03-05,0,RETURNED
4549,1974,330,2025-09-30,2025-10-14,,0,OVERDUE
4550,1553,21,2025-11-01,2025-11-15,2025-11-19,20,RETURNED
4551,2872,753,2025-09-23,2025-10-07,2025-10-09,10,RETURNED
4552,1332,135,2023-06-16,2023-06-30,2023-06-26,0,RETURNED
4553,2697,138,2023-07-31,2023-08-14,2023-08-19,25,RETURNED
4554,2984,386,2024-11-20,2024-12-04,2024-12-04,0,RETURNED
4555,2662,1916,2025-07-18,2025-08-01,2025-08-03,10,RETURNED
4556,1535,1557,2023-09-21,2023-10-05,2023-10-07,10,RETURNED
4557,805,613,2024-04-26,2024-05-10,2024-05-18,40,RETURNED
4558,112,264,2023-07-02,2023-07-16,2023-07-21,25,RETURNED
4559,1068,1043,2024-04-10,2024-04-24,2024-04-27,15,RETURNED
4560,2614,440,2023-04-24,2023-05-08,2023-05-04,0,RETURNED
4561,1291,139,2023-12-07,2023-12-21,2023-12-24,15,RETURNED
4562,1547,576,2024-09-06,2024-09-20,,0,ISSUED
4563,1623,332,2024-04-28,2024-05-12,2024-05-17,25,RETURNED
4564,213,1243,2025-02-06,2025-02-20,2025-03-02,50,RETURNED
4565,2738,1500,2023-08-30,2023-09-13,2023-09-08,0,RETURNED
4566,2959,1956,2024-04-26,2024-05-10,2024-05-14,20,RETURNED
4567,565,275,2023-05-08,2023-05-22,2023-05-19,0,RETURNED
4568,2937,1545,2024-08-07,2024-08-21,2024-08-17,0,RETURNED
4569,2235,828,2025-11-14,2025-11-28,2025-12-01,15,RETURNED
4570,1902,1563,2023-07-24,2023-08-07,2023-08-16,45,RETURNED
4571,1803,641,2025-03-14,2025-03-28,2025-04-02,25,RETURNED
4572,1006,1227,2023-06-07,2023-06-21,2023-06-18,0,RETURNED
4573,1741,378,2023-02-22,2023-03-08,2023-03-16,40,RETURNED
4574,1787,981,2024-01-29,2024-02-12,,0,OVERDUE
4575,1648,404,2025-08-16,2025-08-30,2025-08-28,0,RETURNED
4576,1795,485,2025-09-21,2025-10-05,2025-10-08,15,RETURNED
4577,380,1770,2025-03-08,2025-03-22,,0,ISSUED
4578,2596,927,2023-12-07,2023-12-21,2023-12-20,0,RETURNED
4579,422,1105,2025-07-16,2025-07-30,2025-08-05,30,RETURNED
4580,413,92,2025-10-04,2025-10-18,2025-10-26,40,RETURNED
4581,158,425,2025-09-17,2025-10-01,2025-10-05,20,RETURNED
4582,1222,1007,2025-01-11,2025-01-25,2025-01-22,0,RETURNED
4583,44,1791,2025-12-24,2026-01-07,2026-01-13,30,RETURNED
4584,509,1065,2024-04-17,2024-05-01,2024-04-28,0,RETURNED
4585,1737,1339,2025-09-08,2025-09-22,2025-09-29,35,RETURNED
4586,392,1869,2025-01-03,2025-01-17,2025-01-25,40,RETURNED
4587,567,1209,2024-02-18,2024-03-03,,0,ISSUED
4588,2283,1073,2024-09-02,2024-09-16,2024-09-17,5,RETURNED
4589,1236,1533,2025-04-23,2025-05-07,2025-05-08,5,RETURNED
4590,16,803,2023-05-13,2023-05-27,,0,ISSUED
4591,1570,299,2024-03-27,2024-04-10,2024-04-15,25,RETURNED
4592,401,301,2024-07-01,2024-07-15,2024-07-15,0,RETURNED
4593,774,846,2024-06-28,2024-07-12,2024-07-11,0,RETURNED
4594,2743,1059,2024-08-08,2024-08-22,,0,OVERDUE
4595,1061,440,2023-04-12,2023-04-26,2023-05-02,30,RETURNED
4596,1235,1483,2025-09-12,2025-09-26,,0,OVERDUE
4597,2019,75,2024-12-21,2025-01-04,,0,OVERDUE
4598,29,1068,2024-12-24,2025-01-07,2025-01-04,0,RETURNED
4599,2953,1059,2025-03-03,2025-03-17,2025-03-12,0,RETURNED
4600,322,488,2024-01-28,2024-02-11,2024-02-11,0,RETURNED
4601,1289,568,2024-12-20,2025-01-03,2024-12-30,0,RETURNED
4602,2630,1582,2025-01-08,2025-01-22,2025-01-20,0,RETURNED
4603,1264,1883,2023-09-05,2023-09-19,2023-09-26,35,RETURNED
4604,2852,17,2024-06-03,2024-06-17,2024-06-12,0,RETURNED
4605,558,1846,2024-11-23,2024-12-07,2024-12-16,45,RETURNED
4606,409,1541,2023-12-06,2023-12-20,2023-12-25,25,RETURNED
4607,2841,1311,2024-08-09,2024-08-23,2024-08-31,40,RETURNED
4608,2338,1015,2023-01-23,2023-02-06,2023-02-09,15,RETURNED
4609,2320,514,2025-08-31,2025-09-14,2025-09-11,0,RETURNED
4610,1438,126,2025-02-27,2025-03-13,2025-03-15,10,RETURNED
4611,1359,1692,2025-10-19,2025-11-02,2025-11-12,50,RETURNED
4612,511,771,2024-02-24,2024-03-09,2024-03-15,30,RETURNED
4613,410,1434,2023-02-13,2023-02-27,2023-03-01,10,RETURNED
4614,2866,1775,2023-02-20,2023-03-06,2023-03-05,0,RETURNED
4615,35,1700,2025-05-19,2025-06-02,2025-06-09,35,RETURNED
4616,379,1111,2023-08-01,2023-08-15,,0,ISSUED
4617,375,137,2023-05-26,2023-06-09,2023-06-04,0,RETURNED
4618,1822,1878,2023-03-19,2023-04-02,2023-04-12,50,RETURNED
4619,87,1380,2025-03-30,2025-04-13,,0,ISSUED
4620,1430,1320,2025-12-18,2026-01-01,2026-01-07,30,RETURNED
4621,2276,314,2025-08-20,2025-09-03,2025-09-01,0,RETURNED
4622,2300,600,2023-05-10,2023-05-24,,0,OVERDUE
4623,693,330,2024-02-29,2024-03-14,2024-03-18,20,RETURNED
4624,1931,642,2025-02-19,2025-03-05,2025-03-01,0,RETURNED
4625,2513,1249,2023-01-09,2023-01-23,,0,ISSUED
4626,1350,1034,2023-02-11,2023-02-25,2023-02-20,0,RETURNED
4627,822,1953,2025-07-31,2025-08-14,2025-08-12,0,RETURNED
4628,2585,437,2023-06-23,2023-07-07,2023-07-15,40,RETURNED
4629,875,1619,2025-05-21,2025-06-04,,0,OVERDUE
4630,2045,306,2024-03-10,2024-03-24,2024-03-25,5,RETURNED
4631,456,249,2023-04-14,2023-04-28,2023-04-23,0,RETURNED
4632,1276,1384,2025-11-17,2025-12-01,2025-12-04,15,RETURNED
4633,1243,1507,2023-06-02,2023-06-16,2023-06-21,25,RETURNED
4634,2498,1332,2024-10-15,2024-10-29,2024-10-24,0,RETURNED
4635,2462,1327,2025-02-19,2025-03-05,,0,OVERDUE
4636,2583,742,2023-05-15,2023-05-29,2023-05-29,0,RETURNED
4637,2851,949,2025-10-01,2025-10-15,,0,OVERDUE
4638,177,1157,2024-06-09,2024-06-23,2024-06-22,0,RETURNED
4639,1307,1542,2025-08-19,2025-09-02,2025-08-30,0,RETURNED
4640,1070,1312,2023-06-04,2023-06-18,,0,ISSUED
4641,447,1855,2024-09-25,2024-10-09,2024-10-09,0,RETURNED
4642,2132,494,2023-12-17,2023-12-31,2024-01-06,30,RETURNED
4643,2081,230,2024-11-10,2024-11-24,2024-11-20,0,RETURNED
4644,769,1207,2024-02-07,2024-02-21,2024-02-23,10,RETURNED
4645,748,1598,2025-09-09,2025-09-23,2025-09-30,35,RETURNED
4646,1704,1004,2025-01-22,2025-02-05,2025-01-31,0,RETURNED
4647,2175,323,2023-09-11,2023-09-25,2023-09-27,10,RETURNED
4648,2662,1611,2024-09-25,2024-10-09,2024-10-15,30,RETURNED
4649,472,1745,2024-01-30,2024-02-13,2024-02-11,0,RETURNED
4650,836,1345,2024-07-31,2024-08-14,2024-08-23,45,RETURNED
4651,822,1568,2023-09-02,2023-09-16,2023-09-22,30,RETURNED
4652,1445,586,2023-05-29,2023-06-12,,0,OVERDUE
4653,1840,152,2025-02-24,2025-03-10,2025-03-19,45,RETURNED
4654,713,1439,2023-09-22,2023-10-06,2023-10-08,10,RETURNED
4655,30,1748,2024-11-16,2024-11-30,2024-12-09,45,RETURNED
4656,1415,1690,2024-05-25,2024-06-08,,0,OVERDUE
4657,634,913,2025-02-26,2025-03-12,2025-03-12,0,RETURNED
4658,1308,1346,2025-11-14,2025-11-28,,0,ISSUED
4659,2467,533,2025-12-29,2026-01-12,2026-01-14,10,RETURNED
4660,2439,784,2024-12-11,2024-12-25,2024-12-30,25,RETURNED
4661,1787,396,2023-09-16,2023-09-30,2023-10-03,15,RETURNED
4662,2692,1599,2024-03-28,2024-04-11,2024-04-11,0,RETURNED
4663,2677,785,2024-09-23,2024-10-07,2024-10-14,35,RETURNED
4664,2675,229,2023-10-31,2023-11-14,,0,ISSUED
4665,1534,995,2025-09-24,2025-10-08,,0,ISSUED
4666,2696,1540,2023-11-18,2023-12-02,2023-12-12,50,RETURNED
4667,1841,612,2024-02-24,2024-03-09,2024-03-07,0,RETURNED
4668,2645,627,2023-09-06,2023-09-20,2023-09-20,0,RETURNED
4669,60,378,2023-10-06,2023-10-20,,0,OVERDUE
4670,299,1911,2023-07-25,2023-08-08,2023-08-17,45,RETURNED
4671,1737,1067,2024-02-06,2024-02-20,2024-02-15,0,RETURNED
4672,1435,695,2023-01-07,2023-01-21,2023-01-18,0,RETURNED
4673,2682,729,2023-05-03,2023-05-17,2023-05-16,0,RETURNED
4674,2630,1341,2025-09-30,2025-10-14,2025-10-12,0,RETURNED
4675,657,1723,2025-10-16,2025-10-30,2025-11-09,50,RETURNED
4676,1751,1159,2024-12-23,2025-01-06,2025-01-05,0,RETURNED
4677,1520,1348,2023-05-25,2023-06-08,2023-06-11,15,RETURNED
4678,23,220,2025-06-20,2025-07-04,2025-07-10,30,RETURNED
4679,2833,992,2023-07-24,2023-08-07,2023-08-12,25,RETURNED
4680,806,33,2024-05-24,2024-06-07,2024-06-05,0,RETURNED
4681,157,722,2025-02-22,2025-03-08,2025-03-11,15,RETURNED
4682,2679,125,2024-05-27,2024-06-10,2024-06-16,30,RETURNED
4683,432,1829,2025-04-07,2025-04-21,2025-04-23,10,RETURNED
4684,1176,976,2025-03-22,2025-04-05,,0,OVERDUE
4685,1903,496,2024-07-30,2024-08-13,2024-08-20,35,RETURNED
4686,1214,1265,2023-12-27,2024-01-10,2024-01-09,0,RETURNED
4687,441,1065,2024-03-11,2024-03-25,2024-04-01,35,RETURNED
4688,1788,812,2023-07-26,2023-08-09,2023-08-06,0,RETURNED
4689,680,120,2023-07-14,2023-07-28,,0,OVERDUE
4690,2458,1315,2023-02-01,2023-02-15,2023-02-14,0,RETURNED
4691,1025,1783,2024-12-12,2024-12-26,,0,ISSUED
4692,2692,1767,2024-09-30,2024-10-14,2024-10-18,20,RETURNED
4693,1570,1213,2024-07-17,2024-07-31,,0,ISSUED
4694,1261,1857,2025-09-12,2025-09-26,2025-10-03,35,RETURNED
4695,1041,917,2023-08-05,2023-08-19,2023-08-21,10,RETURNED
4696,807,1913,2025-03-28,2025-04-11,2025-04-17,30,RETURNED
4697,831,1692,2023-06-14,2023-06-28,2023-07-05,35,RETURNED
4698,808,1648,2024-05-24,2024-06-07,2024-06-02,0,RETURNED
4699,518,831,2025-01-21,2025-02-04,2025-02-10,30,RETURNED
4700,1253,504,2023-05-19,2023-06-02,2023-06-12,50,RETURNED
4701,2401,1806,2024-06-15,2024-06-29,,0,ISSUED
4702,1804,1654,2023-12-06,2023-12-20,2023-12-17,0,RETURNED
4703,2810,1023,2025-01-14,2025-01-28,,0,OVERDUE
4704,2191,211,2025-10-01,2025-10-15,2025-10-20,25,RETURNED
4705,1231,370,2025-08-13,2025-08-27,2025-09-06,50,RETURNED
4706,1030,937,2025-12-23,2026-01-06,2026-01-08,10,RETURNED
4707,2664,549,2024-10-31,2024-11-14,2024-11-20,30,RETURNED
4708,208,958,2023-03-01,2023-03-15,,0,OVERDUE
4709,1725,284,2024-05-19,2024-06-02,2024-06-07,25,RETURNED
4710,2097,257,2023-09-02,2023-09-16,2023-09-24,40,RETURNED
4711,2778,1267,2025-03-18,2025-04-01,2025-03-30,0,RETURNED
4712,2247,619,2025-01-15,2025-01-29,2025-02-07,45,RETURNED
4713,812,214,2025-10-19,2025-11-02,2025-11-05,15,RETURNED
4714,890,40,2025-11-16,2025-11-30,2025-12-05,25,RETURNED
4715,598,57,2023-06-29,2023-07-13,2023-07-20,35,RETURNED
4716,464,1183,2023-07-13,2023-07-27,,0,OVERDUE
4717,2616,1295,2025-05-27,2025-06-10,,0,OVERDUE
4718,2437,158,2023-05-30,2023-06-13,2023-06-14,5,RETURNED
4719,1885,1868,2025-02-03,2025-02-17,2025-02-24,35,RETURNED
4720,722,1119,2024-10-21,2024-11-04,2024-11-06,10,RETURNED
4721,267,367,2025-02-10,2025-02-24,2025-02-20,0,RETURNED
4722,1464,1670,2025-11-04,2025-11-18,,0,OVERDUE
4723,115,1963,2023-02-11,2023-02-25,,0,OVERDUE
4724,1278,160,2024-09-24,2024-10-08,,0,ISSUED
4725,367,1782,2023-02-07,2023-02-21,2023-02-18,0,RETURNED
4726,503,68,2024-01-27,2024-02-10,2024-02-19,45,RETURNED
4727,2313,1132,2023-07-28,2023-08-11,,0,ISSUED
4728,1760,1949,2023-06-17,2023-07-01,2023-06-29,0,RETURNED
4729,562,1875,2025-01-03,2025-01-17,2025-01-19,10,RETURNED
4730,1236,1641,2024-02-06,2024-02-20,2024-02-17,0,RETURNED
4731,2329,82,2024-08-18,2024-09-01,2024-09-03,10,RETURNED
4732,2287,1857,2025-08-18,2025-09-01,2025-09-09,40,RETURNED
4733,78,98,2024-08-13,2024-08-27,2024-08-31,20,RETURNED
4734,1890,1334,2024-01-26,2024-02-09,,0,OVERDUE
4735,1619,1097,2023-10-10,2023-10-24,2023-11-03,50,RETURNED
4736,2851,1885,2025-02-13,2025-02-27,2025-02-24,0,RETURNED
4737,1801,1975,2025-05-03,2025-05-17,2025-05-14,0,RETURNED
4738,2822,1977,2024-12-17,2024-12-31,2024-12-26,0,RETURNED
4739,454,623,2024-08-23,2024-09-06,2024-09-10,20,RETURNED
4740,2489,118,2025-11-09,2025-11-23,2025-11-18,0,RETURNED
4741,2774,908,2024-08-05,2024-08-19,,0,OVERDUE
4742,1029,1017,2024-11-19,2024-12-03,2024-12-04,5,RETURNED
4743,1065,288,2023-11-18,2023-12-02,2023-12-02,0,RETURNED
4744,1735,1574,2025-03-25,2025-04-08,2025-04-10,10,RETURNED
4745,1510,877,2023-01-20,2023-02-03,2023-02-06,15,RETURNED
4746,2924,321,2025-12-24,2026-01-07,,0,OVERDUE
4747,1705,1051,2023-03-06,2023-03-20,2023-03-27,35,RETURNED
4748,92,62,2024-01-25,2024-02-08,2024-02-09,5,RETURNED
4749,195,1026,2025-07-18,2025-08-01,,0,OVERDUE
4750,1322,123,2025-11-17,2025-12-01,2025-12-10,45,RETURNED
4751,457,1683,2025-12-20,2026-01-03,,0,OVERDUE
4752,544,1121,2023-05-21,2023-06-04,2023-06-09,25,RETURNED
4753,1445,1763,2024-04-14,2024-04-28,2024-04-24,0,RETURNED
4754,2985,1491,2024-06-16,2024-06-30,2024-07-07,35,RETURNED
4755,1071,31,2023-12-25,2024-01-08,,0,ISSUED
4756,925,31,2024-11-02,2024-11-16,2024-11-24,40,RETURNED
4757,1433,340,2023-08-02,2023-08-16,2023-08-16,0,RETURNED
4758,1616,826,2024-08-28,2024-09-11,2024-09-13,10,RETURNED
4759,1413,521,2023-09-06,2023-09-20,2023-09-21,5,RETURNED
4760,102,60,2023-09-06,2023-09-20,2023-09-29,45,RETURNED
4761,609,146,2024-07-30,2024-08-13,2024-08-18,25,RETURNED
4762,2908,1349,2023-09-02,2023-09-16,,0,OVERDUE
4763,2255,1334,2025-12-06,2025-12-20,2025-12-16,0,RETURNED
4764,1071,1209,2023-02-06,2023-02-20,2023-02-20,0,RETURNED
4765,809,706,2025-02-11,2025-02-25,,0,ISSUED
4766,2007,123,2024-11-15,2024-11-29,2024-11-27,0,RETURNED
4767,2931,323,2024-02-23,2024-03-08,2024-03-03,0,RETURNED
4768,434,521,2023-11-25,2023-12-09,,0,ISSUED
4769,1417,1349,2025-04-28,2025-05-12,2025-05-13,5,RETURNED
4770,337,1493,2023-12-26,2024-01-09,2024-01-06,0,RETURNED
4771,2421,1759,2023-07-08,2023-07-22,2023-07-30,40,RETURNED
4772,679,48,2024-01-14,2024-01-28,2024-02-03,30,RETURNED
4773,2121,1395,2025-05-26,2025-06-09,2025-06-17,40,RETURNED
4774,2686,323,2025-07-05,2025-07-19,,0,OVERDUE
4775,1188,501,2025-01-01,2025-01-15,2025-01-24,45,RETURNED
4776,1773,68,2023-10-04,2023-10-18,,0,OVERDUE
4777,2776,1589,2024-09-07,2024-09-21,2024-09-17,0,RETURNED
4778,2088,1938,2023-06-29,2023-07-13,,0,ISSUED
4779,2373,1743,2025-12-15,2025-12-29,2025-12-31,10,RETURNED
4780,2461,1035,2023-10-07,2023-10-21,,0,ISSUED
4781,2219,367,2024-12-15,2024-12-29,2025-01-05,35,RETURNED
4782,989,977,2023-10-19,2023-11-02,2023-11-01,0,RETURNED
4783,1318,1690,2025-04-10,2025-04-24,2025-05-02,40,RETURNED
4784,404,818,2024-07-09,2024-07-23,2024-07-22,0,RETURNED
4785,1243,1653,2023-09-14,2023-09-28,2023-10-08,50,RETURNED
4786,2707,1322,2025-10-06,2025-10-20,2025-10-18,0,RETURNED
4787,1363,214,2024-11-28,2024-12-12,2024-12-10,0,RETURNED
4788,2238,1514,2024-12-05,2024-12-19,2024-12-27,40,RETURNED
4789,314,649,2023-01-08,2023-01-22,2023-02-01,50,RETURNED
4790,2679,172,2024-12-04,2024-12-18,2024-12-26,40,RETURNED
4791,1955,113,2024-02-25,2024-03-10,2024-03-06,0,RETURNED
4792,2538,405,2024-03-01,2024-03-15,,0,OVERDUE
4793,1676,574,2025-04-24,2025-05-08,2025-05-14,30,RETURNED
4794,930,58,2025-08-11,2025-08-25,2025-08-26,5,RETURNED
4795,1202,1360,2024-04-03,2024-04-17,2024-04-16,0,RETURNED
4796,2708,585,2025-04-15,2025-04-29,2025-05-03,20,RETURNED
4797,29,192,2024-01-06,2024-01-20,2024-01-20,0,RETURNED
4798,1352,953,2025-01-10,2025-01-24,2025-01-20,0,RETURNED
4799,2778,414,2023-01-06,2023-01-20,,0,OVERDUE
4800,1213,1032,2024-02-22,2024-03-07,2024-03-08,5,RETURNED
4801,2380,1769,2024-04-15,2024-04-29,2024-05-05,30,RETURNED
4802,1021,1127,2023-02-09,2023-02-23,2023-02-25,10,RETURNED
4803,1115,602,2023-06-27,2023-07-11,2023-07-06,0,RETURNED
4804,766,655,2024-11-29,2024-12-13,2024-12-23,50,RETURNED
4805,2911,662,2024-10-06,2024-10-20,,0,ISSUED
4806,1680,1679,2023-10-29,2023-11-12,2023-11-21,45,RETURNED
4807,1104,1997,2023-06-03,2023-06-17,,0,OVERDUE
4808,725,1678,2023-10-19,2023-11-02,2023-11-05,15,RETURNED
4809,2925,1487,2024-04-09,2024-04-23,2024-04-21,0,RETURNED
4810,2833,1322,2024-04-15,2024-04-29,2024-04-25,0,RETURNED
4811,2827,848,2023-11-08,2023-11-22,2023-11-17,0,RETURNED
4812,340,1455,2024-03-17,2024-03-31,,0,OVERDUE
4813,2813,1984,2025-11-02,2025-11-16,,0,OVERDUE
4814,1997,216,2025-09-18,2025-10-02,2025-10-02,0,RETURNED
4815,1041,400,2024-03-08,2024-03-22,2024-03-18,0,RETURNED
4816,618,1115,2024-01-03,2024-01-17,2024-01-21,20,RETURNED
4817,931,1061,2025-06-06,2025-06-20,2025-06-15,0,RETURNED
4818,1974,1518,2025-12-07,2025-12-21,2025-12-16,0,RETURNED
4819,160,1203,2025-06-10,2025-06-24,2025-06-24,0,RETURNED
4820,2184,231,2023-07-27,2023-08-10,2023-08-14,20,RETURNED
4821,1952,362,2024-07-12,2024-07-26,2024-07-25,0,RETURNED
4822,2596,287,2023-07-05,2023-07-19,2023-07-25,30,RETURNED
4823,8,116,2023-02-07,2023-02-21,,0,OVERDUE
4824,2203,1267,2024-09-17,2024-10-01,2024-09-26,0,RETURNED
4825,1007,721,2025-09-14,2025-09-28,,0,OVERDUE
4826,2434,1251,2025-12-20,2026-01-03,2026-01-02,0,RETURNED
4827,2081,1857,2024-03-25,2024-04-08,2024-04-05,0,RETURNED
4828,2052,197,2024-04-05,2024-04-19,2024-04-24,25,RETURNED
4829,720,1394,2025-08-28,2025-09-11,2025-09-06,0,RETURNED
4830,30,27,2025-12-25,2026-01-08,,0,OVERDUE
4831,2787,377,2024-12-09,2024-12-23,2025-01-01,45,RETURNED
4832,2883,1685,2024-08-07,2024-08-21,2024-08-18,0,RETURNED
4833,2654,1641,2024-06-10,2024-06-24,2024-06-28,20,RETURNED
4834,1542,968,2024-09-16,2024-09-30,,0,OVERDUE
4835,1635,445,2024-07-16,2024-07-30,2024-07-27,0,RETURNED
4836,108,876,2023-10-22,2023-11-05,,0,OVERDUE
4837,474,1578,2024-01-11,2024-01-25,,0,OVERDUE
4838,1056,1408,2025-03-21,2025-04-04,2025-04-12,40,RETURNED
4839,2240,1940,2024-01-29,2024-02-12,,0,OVERDUE
4840,2418,1915,2023-10-18,2023-11-01,2023-11-04,15,RETURNED
4841,110,677,2024-07-25,2024-08-08,2024-08-14,30,RETURNED
4842,2250,1091,2024-03-08,2024-03-22,2024-03-22,0,RETURNED
4843,2258,466,2024-03-08,2024-03-22,,0,ISSUED
4844,78,731,2024-07-04,2024-07-18,2024-07-14,0,RETURNED
4845,2767,1761,2023-08-12,2023-08-26,2023-08-21,0,RETURNED
4846,2255,623,2025-09-10,2025-09-24,,0,OVERDUE
4847,946,629,2023-08-07,2023-08-21,2023-08-25,20,RETURNED
4848,243,84,2023-01-15,2023-01-29,2023-01-27,0,RETURNED
4849,2430,1977,2023-01-30,2023-02-13,2023-02-08,0,RETURNED
4850,2701,881,2025-09-28,2025-10-12,,0,ISSUED
4851,623,1281,2024-11-26,2024-12-10,2024-12-12,10,RETURNED
4852,713,119,2024-04-29,2024-05-13,2024-05-08,0,RETURNED
4853,2140,758,2023-07-25,2023-08-08,,0,ISSUED
4854,2530,800,2024-07-11,2024-07-25,,0,ISSUED
4855,553,1035,2025-09-23,2025-10-07,,0,OVERDUE
4856,2674,1547,2023-02-10,2023-02-24,2023-02-25,5,RETURNED
4857,2199,1133,2024-05-31,2024-06-14,2024-06-18,20,RETURNED
4858,2965,889,2023-10-04,2023-10-18,2023-10-26,40,RETURNED
4859,2067,997,2024-04-29,2024-05-13,2024-05-17,20,RETURNED
4860,762,23,2024-06-11,2024-06-25,2024-07-02,35,RETURNED
4861,1621,127,2025-02-16,2025-03-02,2025-03-10,40,RETURNED
4862,714,951,2023-09-10,2023-09-24,2023-09-23,0,RETURNED
4863,2113,688,2024-08-09,2024-08-23,2024-08-18,0,RETURNED
4864,298,1406,2025-02-28,2025-03-14,2025-03-12,0,RETURNED
4865,2866,1812,2023-02-18,2023-03-04,2023-03-14,50,RETURNED
4866,1087,1366,2023-11-09,2023-11-23,2023-11-19,0,RETURNED
4867,2907,1541,2023-10-12,2023-10-26,2023-10-23,0,RETURNED
4868,2620,1254,2023-02-21,2023-03-07,2023-03-13,30,RETURNED
4869,796,1427,2024-03-07,2024-03-21,2024-03-20,0,RETURNED
4870,83,421,2024-10-30,2024-11-13,2024-11-08,0,RETURNED
4871,1808,940,2024-11-17,2024-12-01,2024-12-02,5,RETURNED
4872,278,911,2025-12-03,2025-12-17,2025-12-27,50,RETURNED
4873,1806,1874,2024-07-27,2024-08-10,2024-08-16,30,RETURNED
4874,1386,932,2024-04-08,2024-04-22,2024-05-02,50,RETURNED
4875,930,589,2023-03-02,2023-03-16,,0,OVERDUE
4876,1370,1275,2025-02-11,2025-02-25,2025-03-07,50,RETURNED
4877,2958,1033,2025-01-22,2025-02-05,2025-02-11,30,RETURNED
4878,1956,117,2023-05-08,2023-05-22,2023-05-24,10,RETURNED
4879,546,1397,2023-01-11,2023-01-25,,0,ISSUED
4880,814,804,2025-01-07,2025-01-21,2025-01-24,15,RETURNED
4881,631,1289,2023-04-02,2023-04-16,,0,OVERDUE
4882,1881,58,2025-07-13,2025-07-27,2025-07-24,0,RETURNED
4883,2480,245,2023-04-29,2023-05-13,,0,ISSUED
4884,455,867,2025-04-05,2025-04-19,,0,OVERDUE
4885,126,155,2025-12-27,2026-01-10,2026-01-10,0,RETURNED
4886,1059,193,2025-10-30,2025-11-13,,0,OVERDUE
4887,1158,1377,2023-07-12,2023-07-26,2023-07-22,0,RETURNED
4888,45,431,2024-10-09,2024-10-23,2024-10-31,40,RETURNED
4889,2543,1991,2023-03-30,2023-04-13,2023-04-12,0,RETURNED
4890,1446,1105,2024-01-23,2024-02-06,2024-02-06,0,RETURNED
4891,1613,650,2025-06-09,2025-06-23,,0,ISSUED
4892,2586,117,2025-01-21,2025-02-04,2025-02-05,5,RETURNED
4893,500,738,2024-11-03,2024-11-17,2024-11-25,40,RETURNED
4894,2350,48,2025-12-17,2025-12-31,2026-01-05,25,RETURNED
4895,19,1719,2025-05-23,2025-06-06,2025-06-02,0,RETURNED
4896,1261,1759,2024-06-12,2024-06-26,,0,ISSUED
4897,874,375,2024-04-01,2024-04-15,2024-04-10,0,RETURNED
4898,968,772,2025-10-12,2025-10-26,2025-11-02,35,RETURNED
4899,2261,233,2024-01-17,2024-01-31,,0,ISSUED
4900,268,1698,2025-06-15,2025-06-29,,0,OVERDUE
4901,199,387,2023-07-26,2023-08-09,2023-08-14,25,RETURNED
4902,1776,1299,2024-03-02,2024-03-16,2024-03-11,0,RETURNED
4903,1974,314,2025-09-07,2025-09-21,2025-09-23,10,RETURNED
4904,23,1405,2025-01-15,2025-01-29,2025-01-24,0,RETURNED
4905,616,428,2024-10-31,2024-11-14,2024-11-20,30,RETURNED
4906,1274,1878,2025-05-12,2025-05-26,2025-06-04,45,RETURNED
4907,2562,1817,2023-11-15,2023-11-29,2023-12-03,20,RETURNED
4908,2413,511,2023-06-16,2023-06-30,2023-06-25,0,RETURNED
4909,2389,352,2025-09-01,2025-09-15,2025-09-15,0,RETURNED
4910,1312,960,2023-04-11,2023-04-25,2023-04-20,0,RETURNED
4911,2551,526,2023-03-03,2023-03-17,2023-03-14,0,RETURNED
4912,2681,1464,2023-02-05,2023-02-19,,0,ISSUED
4913,2903,801,2023-02-10,2023-02-24,2023-03-04,40,RETURNED
4914,377,1600,2024-12-06,2024-12-20,,0,OVERDUE
4915,2848,927,2024-01-09,2024-01-23,2024-01-29,30,RETURNED
4916,2092,611,2024-08-18,2024-09-01,2024-08-31,0,RETURNED
4917,324,1153,2023-02-08,2023-02-22,2023-02-24,10,RETURNED
4918,1366,1084,2023-03-14,2023-03-28,2023-04-07,50,RETURNED
4919,1938,1446,2025-01-14,2025-01-28,2025-02-03,30,RETURNED
4920,1069,840,2023-04-20,2023-05-04,2023-05-04,0,RETURNED
4921,508,1292,2025-06-04,2025-06-18,2025-06-18,0,RETURNED
4922,729,907,2024-11-30,2024-12-14,2024-12-17,15,RETURNED
4923,380,593,2023-11-09,2023-11-23,,0,ISSUED
4924,2941,1009,2023-12-11,2023-12-25,2023-12-22,0,RETURNED
4925,2162,772,2025-11-18,2025-12-02,2025-11-27,0,RETURNED
4926,1315,548,2023-11-04,2023-11-18,2023-11-19,5,RETURNED
4927,1088,196,2023-08-08,2023-08-22,2023-08-26,20,RETURNED
4928,265,60,2025-10-27,2025-11-10,2025-11-20,50,RETURNED
4929,1055,1587,2025-05-10,2025-05-24,2025-05-23,0,RETURNED
4930,1373,745,2025-06-16,2025-06-30,2025-06-28,0,RETURNED
4931,1054,294,2025-04-29,2025-05-13,2025-05-18,25,RETURNED
4932,2519,1151,2024-02-04,2024-02-18,2024-02-17,0,RETURNED
4933,310,773,2025-06-10,2025-06-24,2025-07-01,35,RETURNED
4934,1459,874,2023-05-08,2023-05-22,2023-05-29,35,RETURNED
4935,1206,814,2024-04-25,2024-05-09,2024-05-18,45,RETURNED
4936,2163,440,2025-02-25,2025-03-11,2025-03-10,0,RETURNED
4937,1432,542,2025-04-15,2025-04-29,2025-04-28,0,RETURNED
4938,1671,346,2025-06-18,2025-07-02,2025-07-10,40,RETURNED
4939,712,546,2023-05-02,2023-05-16,,0,OVERDUE
4940,1150,1129,2025-01-09,2025-01-23,2025-01-25,10,RETURNED
4941,2550,820,2023-06-02,2023-06-16,2023-06-18,10,RETURNED
4942,1490,1145,2024-10-22,2024-11-05,2024-11-04,0,RETURNED
4943,345,1493,2024-05-18,2024-06-01,2024-06-05,20,RETURNED
4944,652,1710,2024-05-18,2024-06-01,2024-06-07,30,RETURNED
4945,1273,566,2025-02-03,2025-02-17,2025-02-25,40,RETURNED
4946,1411,1383,2024-02-28,2024-03-13,2024-03-14,5,RETURNED
4947,154,1652,2025-08-23,2025-09-06,2025-09-12,30,RETURNED
4948,379,723,2024-09-06,2024-09-20,2024-09-23,15,RETURNED
4949,2702,230,2025-10-21,2025-11-04,2025-11-04,0,RETURNED
4950,1523,1930,2023-07-04,2023-07-18,2023-07-26,40,RETURNED
4951,1575,1157,2024-09-24,2024-10-08,,0,OVERDUE
4952,1899,1728,2025-09-22,2025-10-06,2025-10-14,40,RETURNED
4953,1014,1752,2023-10-02,2023-10-16,,0,OVERDUE
4954,2856,128,2025-08-11,2025-08-25,2025-08-29,20,RETURNED
4955,1650,25,2025-06-27,2025-07-11,2025-07-08,0,RETURNED
4956,2399,314,2023-01-12,2023-01-26,2023-01-31,25,RETURNED
4957,1633,1252,2025-05-07,2025-05-21,2025-05-24,15,RETURNED
4958,1783,1351,2023-09-15,2023-09-29,2023-10-09,50,RETURNED
4959,1692,870,2025-03-17,2025-03-31,2025-03-30,0,RETURNED
4960,1175,299,2023-07-09,2023-07-23,,0,OVERDUE
4961,2785,1941,2024-06-28,2024-07-12,2024-07-07,0,RETURNED
4962,2602,1103,2025-08-04,2025-08-18,2025-08-17,0,RETURNED
4963,1624,1509,2024-10-18,2024-11-01,2024-11-09,40,RETURNED
4964,85,1881,2024-04-25,2024-05-09,2024-05-17,40,RETURNED
4965,2799,788,2025-08-16,2025-08-30,2025-09-06,35,RETURNED
4966,555,1359,2023-04-14,2023-04-28,2023-04-26,0,RETURNED
4967,2432,1687,2023-01-10,2023-01-24,2023-01-23,0,RETURNED
4968,1439,1736,2025-08-27,2025-09-10,,0,OVERDUE
4969,2878,1038,2025-01-22,2025-02-05,,0,ISSUED
4970,583,854,2025-03-04,2025-03-18,2025-03-23,25,RETURNED
4971,2414,222,2024-06-21,2024-07-05,2024-07-09,20,RETURNED
4972,2185,1268,2024-08-09,2024-08-23,2024-08-31,40,RETURNED
4973,2833,547,2023-03-10,2023-03-24,2023-03-27,15,RETURNED
4974,2927,362,2023-04-09,2023-04-23,2023-04-22,0,RETURNED
4975,2047,1733,2023-08-31,2023-09-14,,0,ISSUED
4976,2085,1688,2024-10-22,2024-11-05,2024-11-10,25,RETURNED
4977,2621,1262,2025-07-08,2025-07-22,2025-07-28,30,RETURNED
4978,54,1616,2023-05-11,2023-05-25,2023-06-02,40,RETURNED
4979,1278,234,2024-02-22,2024-03-07,2024-03-10,15,RETURNED
4980,1931,221,2025-06-11,2025-06-25,2025-06-21,0,RETURNED
4981,947,871,2025-06-12,2025-06-26,,0,ISSUED
4982,1084,560,2023-09-17,2023-10-01,2023-10-04,15,RETURNED
4983,2907,869,2023-10-04,2023-10-18,2023-10-16,0,RETURNED
4984,1674,1320,2023-02-26,2023-03-12,2023-03-15,15,RETURNED
4985,80,496,2025-01-25,2025-02-08,2025-02-04,0,RETURNED
4986,2192,1146,2024-01-20,2024-02-03,2024-02-01,0,RETURNED
4987,158,505,2025-11-17,2025-12-01,2025-12-01,0,RETURNED
4988,2628,431,2025-11-16,2025-11-30,2025-12-04,20,RETURNED
4989,2025,1205,2024-01-05,2024-01-19,2024-01-24,25,RETURNED
4990,1793,133,2024-03-14,2024-03-28,2024-03-28,0,RETURNED
4991,2271,527,2024-05-05,2024-05-19,2024-05-23,20,RETURNED
4992,1797,568,2024-03-10,2024-03-24,,0,OVERDUE
4993,684,1111,2024-04-26,2024-05-10,2024-05-10,0,RETURNED
4994,368,1331,2024-09-29,2024-10-13,2024-10-13,0,RETURNED
4995,2237,1612,2025-05-03,2025-05-17,2025-05-27,50,RETURNED
4996,2430,267,2023-07-16,2023-07-30,,0,OVERDUE
4997,1095,972,2023-09-21,2023-10-05,2023-10-01,0,RETURNED
4998,1919,1741,2024-05-20,2024-06-03,2024-06-12,45,RETURNED
4999,137,913,2023-09-25,2023-10-09,,0,ISSUED
5000,2916,1446,2025-10-08,2025-10-22,2025-10-17,0,RETURNED
5001,2823,1355,2025-12-09,2025-12-23,2025-12-29,30,RETURNED
5002,2916,1885,2025-08-22,2025-09-05,2025-08-31,0,RETURNED
5003,2657,644,2024-05-04,2024-05-18,2024-05-16,0,RETURNED
5004,1036,1068,2023-08-23,2023-09-06,2023-09-03,0,RETURNED
5005,1349,921,2023-07-09,2023-07-23,2023-07-30,35,RETURNED
5006,157,1933,2025-10-20,2025-11-03,2025-11-12,45,RETURNED
5007,2489,1472,2024-09-12,2024-09-26,2024-10-01,25,RETURNED
5008,274,1408,2024-06-07,2024-06-21,2024-06-18,0,RETURNED
5009,2933,382,2024-04-23,2024-05-07,2024-05-11,20,RETURNED
5010,639,1175,2023-10-25,2023-11-08,2023-11-07,0,RETURNED
5011,194,609,2024-09-03,2024-09-17,2024-09-23,30,RETURNED
5012,1432,1330,2024-12-04,2024-12-18,2024-12-27,45,RETURNED
5013,151,724,2025-04-03,2025-04-17,2025-04-24,35,RETURNED
5014,675,41,2023-02-16,2023-03-02,,0,ISSUED
5015,1128,674,2023-10-20,2023-11-03,2023-11-05,10,RETURNED
5016,1834,422,2023-08-05,2023-08-19,,0,ISSUED
5017,2143,415,2023-05-27,2023-06-10,2023-06-16,30,RETURNED
5018,775,512,2025-12-22,2026-01-05,,0,ISSUED
5019,2364,454,2023-09-19,2023-10-03,2023-10-12,45,RETURNED
5020,2502,133,2025-11-01,2025-11-15,2025-11-17,10,RETURNED
5021,770,1337,2023-03-25,2023-04-08,2023-04-04,0,RETURNED
5022,2222,11,2024-12-23,2025-01-06,2025-01-07,5,RETURNED
5023,2789,1346,2023-04-20,2023-05-04,,0,OVERDUE
5024,931,191,2024-12-25,2025-01-08,,0,OVERDUE
5025,1948,1415,2025-08-10,2025-08-24,2025-08-27,15,RETURNED
5026,2421,981,2025-02-14,2025-02-28,2025-02-27,0,RETURNED
5027,1790,86,2025-07-11,2025-07-25,2025-08-02,40,RETURNED
5028,848,1130,2025-10-23,2025-11-06,2025-11-07,5,RETURNED
5029,2521,1072,2023-11-19,2023-12-03,2023-12-11,40,RETURNED
5030,925,572,2024-04-28,2024-05-12,2024-05-08,0,RETURNED
5031,2071,1724,2024-09-12,2024-09-26,2024-10-06,50,RETURNED
5032,2629,1430,2025-04-26,2025-05-10,,0,OVERDUE
5033,2479,206,2023-11-29,2023-12-13,2023-12-11,0,RETURNED
5034,1201,755,2025-11-27,2025-12-11,2025-12-13,10,RETURNED
5035,1957,1611,2024-03-27,2024-04-10,2024-04-07,0,RETURNED
5036,261,1616,2023-04-24,2023-05-08,2023-05-12,20,RETURNED
5037,2337,590,2023-12-17,2023-12-31,2023-12-26,0,RETURNED
5038,929,694,2024-03-01,2024-03-15,2024-03-16,5,RETURNED
5039,2674,926,2024-10-21,2024-11-04,2024-11-12,40,RETURNED
5040,1949,1361,2024-04-07,2024-04-21,,0,ISSUED
5041,1339,1906,2024-12-28,2025-01-11,2025-01-11,0,RETURNED
5042,654,974,2025-05-03,2025-05-17,,0,ISSUED
5043,277,615,2025-06-04,2025-06-18,2025-06-28,50,RETURNED
5044,1460,749,2023-03-02,2023-03-16,,0,ISSUED
5045,1904,512,2024-01-24,2024-02-07,2024-02-11,20,RETURNED
5046,2703,100,2024-01-30,2024-02-13,2024-02-20,35,RETURNED
5047,1752,327,2025-07-07,2025-07-21,2025-07-19,0,RETURNED
5048,1883,1906,2025-04-27,2025-05-11,2025-05-11,0,RETURNED
5049,2001,1939,2023-02-21,2023-03-07,,0,OVERDUE
5050,2730,1769,2023-08-17,2023-08-31,2023-09-10,50,RETURNED
5051,2744,1195,2025-02-04,2025-02-18,,0,ISSUED
5052,332,1606,2024-04-08,2024-04-22,2024-04-23,5,RETURNED
5053,1755,1900,2023-02-12,2023-02-26,2023-02-28,10,RETURNED
5054,889,400,2024-11-11,2024-11-25,2024-11-28,15,RETURNED
5055,2063,205,2024-12-28,2025-01-11,,0,OVERDUE
5056,913,780,2025-12-17,2025-12-31,,0,OVERDUE
5057,2225,420,2025-06-13,2025-06-27,2025-07-02,25,RETURNED
5058,2170,1205,2023-08-05,2023-08-19,,0,ISSUED
5059,307,1302,2025-07-08,2025-07-22,,0,ISSUED
5060,422,1882,2023-09-08,2023-09-22,,0,ISSUED
5061,2986,882,2025-11-17,2025-12-01,2025-12-02,5,RETURNED
5062,2853,1740,2023-07-30,2023-08-13,2023-08-21,40,RETURNED
5063,1560,892,2023-12-06,2023-12-20,,0,OVERDUE
5064,727,667,2023-05-17,2023-05-31,2023-06-08,40,RETURNED
5065,1920,750,2023-12-24,2024-01-07,2024-01-07,0,RETURNED
5066,407,1191,2025-06-02,2025-06-16,2025-06-22,30,RETURNED
5067,963,595,2025-08-19,2025-09-02,2025-09-01,0,RETURNED
5068,2338,1020,2024-02-02,2024-02-16,,0,ISSUED
5069,2265,1708,2024-12-28,2025-01-11,2025-01-19,40,RETURNED
5070,1922,1191,2023-03-07,2023-03-21,2023-03-31,50,RETURNED
5071,2300,834,2024-06-09,2024-06-23,2024-06-21,0,RETURNED
5072,1469,85,2024-06-16,2024-06-30,2024-07-10,50,RETURNED
5073,161,1250,2024-09-25,2024-10-09,2024-10-06,0,RETURNED
5074,2506,235,2024-04-17,2024-05-01,2024-05-09,40,RETURNED
5075,1877,1418,2023-01-01,2023-01-15,2023-01-22,35,RETURNED
5076,449,320,2025-08-20,2025-09-03,2025-09-13,50,RETURNED
5077,1678,990,2024-10-13,2024-10-27,2024-10-25,0,RETURNED
5078,1539,1175,2024-04-22,2024-05-06,2024-05-05,0,RETURNED
5079,2556,1868,2023-07-13,2023-07-27,2023-08-06,50,RETURNED
5080,215,137,2025-11-13,2025-11-27,2025-11-30,15,RETURNED
5081,77,894,2024-12-26,2025-01-09,2025-01-11,10,RETURNED
5082,1689,1565,2023-06-01,2023-06-15,2023-06-15,0,RETURNED
5083,109,656,2023-08-22,2023-09-05,2023-09-08,15,RETURNED
5084,898,311,2025-06-11,2025-06-25,,0,ISSUED
5085,2596,1816,2023-10-26,2023-11-09,2023-11-17,40,RETURNED
5086,1506,1559,2023-12-31,2024-01-14,,0,ISSUED
5087,113,1187,2023-11-03,2023-11-17,2023-11-15,0,RETURNED
5088,1323,1775,2024-10-14,2024-10-28,2024-10-27,0,RETURNED
5089,1850,1663,2025-03-06,2025-03-20,2025-03-27,35,RETURNED
5090,1054,441,2025-07-06,2025-07-20,2025-07-27,35,RETURNED
5091,2238,355,2024-11-27,2024-12-11,2024-12-13,10,RETURNED
5092,1861,1640,2023-03-20,2023-04-03,2023-04-03,0,RETURNED
5093,2382,640,2023-08-26,2023-09-09,2023-09-13,20,RETURNED
5094,1957,63,2023-04-29,2023-05-13,2023-05-17,20,RETURNED
5095,2735,492,2025-07-08,2025-07-22,2025-07-19,0,RETURNED
5096,82,903,2025-10-26,2025-11-09,2025-11-04,0,RETURNED
5097,760,1518,2024-03-03,2024-03-17,2024-03-12,0,RETURNED
5098,2421,1376,2024-08-18,2024-09-01,2024-09-02,5,RETURNED
5099,596,1640,2023-03-16,2023-03-30,2023-03-30,0,RETURNED
5100,1343,631,2025-10-28,2025-11-11,2025-11-15,20,RETURNED
5101,1437,269,2025-04-10,2025-04-24,2025-04-29,25,RETURNED
5102,1549,960,2024-11-20,2024-12-04,2024-12-09,25,RETURNED
5103,1232,1387,2025-08-26,2025-09-09,2025-09-14,25,RETURNED
5104,2933,211,2025-09-11,2025-09-25,2025-09-20,0,RETURNED
5105,2453,129,2024-07-10,2024-07-24,2024-07-23,0,RETURNED
5106,2671,58,2023-05-18,2023-06-01,2023-05-29,0,RETURNED
5107,1127,1734,2024-09-29,2024-10-13,2024-10-15,10,RETURNED
5108,347,461,2023-01-22,2023-02-05,2023-02-02,0,RETURNED
5109,2557,1451,2023-08-10,2023-08-24,2023-08-21,0,RETURNED
5110,1428,1493,2025-05-11,2025-05-25,2025-06-01,35,RETURNED
5111,2717,1626,2023-09-08,2023-09-22,2023-09-18,0,RETURNED
5112,1676,740,2024-05-04,2024-05-18,2024-05-22,20,RETURNED
5113,2990,932,2025-07-29,2025-08-12,,0,ISSUED
5114,2390,1408,2024-03-07,2024-03-21,2024-03-16,0,RETURNED
5115,863,1530,2024-09-19,2024-10-03,2024-10-02,0,RETURNED
5116,2326,724,2024-06-08,2024-06-22,2024-06-19,0,RETURNED
5117,1197,528,2023-06-10,2023-06-24,2023-06-22,0,RETURNED
5118,2598,1415,2025-05-16,2025-05-30,2025-05-26,0,RETURNED
5119,475,195,2025-01-02,2025-01-16,2025-01-21,25,RETURNED
5120,1414,494,2025-12-29,2026-01-12,2026-01-22,50,RETURNED
5121,789,1923,2024-12-11,2024-12-25,2024-12-24,0,RETURNED
5122,528,1061,2024-08-11,2024-08-25,,0,OVERDUE
5123,557,858,2025-04-17,2025-05-01,2025-05-11,50,RETURNED
5124,1193,962,2025-07-31,2025-08-14,2025-08-13,0,RETURNED
5125,982,1838,2025-09-20,2025-10-04,2025-10-01,0,RETURNED
5126,69,1520,2023-06-18,2023-07-02,2023-07-06,20,RETURNED
5127,2404,91,2025-07-27,2025-08-10,2025-08-17,35,RETURNED
5128,2724,1641,2025-04-23,2025-05-07,2025-05-08,5,RETURNED
5129,175,50,2023-10-18,2023-11-01,2023-10-29,0,RETURNED
5130,495,1909,2025-08-15,2025-08-29,2025-08-30,5,RETURNED
5131,613,1204,2024-03-27,2024-04-10,2024-04-20,50,RETURNED
5132,2551,1242,2024-09-26,2024-10-10,,0,ISSUED
5133,938,127,2025-07-10,2025-07-24,2025-07-26,10,RETURNED
5134,76,967,2023-01-17,2023-01-31,2023-02-06,30,RETURNED
5135,2334,1056,2025-08-24,2025-09-07,2025-09-15,40,RETURNED
5136,1448,1759,2025-06-22,2025-07-06,2025-07-02,0,RETURNED
5137,100,163,2024-06-09,2024-06-23,2024-07-03,50,RETURNED
5138,903,886,2023-05-26,2023-06-09,2023-06-15,30,RETURNED
5139,1754,1663,2023-10-02,2023-10-16,2023-10-23,35,RETURNED
5140,767,1361,2024-04-03,2024-04-17,2024-04-14,0,RETURNED
5141,272,235,2024-05-24,2024-06-07,,0,ISSUED
5142,2983,428,2025-02-14,2025-02-28,2025-03-07,35,RETURNED
5143,1469,1271,2025-05-23,2025-06-06,2025-06-04,0,RETURNED
5144,661,139,2025-07-14,2025-07-28,,0,OVERDUE
5145,2270,1969,2024-05-10,2024-05-24,2024-05-20,0,RETURNED
5146,1154,1683,2023-09-01,2023-09-15,2023-09-11,0,RETURNED
5147,417,1754,2023-10-28,2023-11-11,2023-11-19,40,RETURNED
5148,2640,378,2025-02-01,2025-02-15,2025-02-12,0,RETURNED
5149,386,1001,2023-10-12,2023-10-26,2023-10-21,0,RETURNED
5150,2959,1901,2024-09-09,2024-09-23,2024-10-03,50,RETURNED
5151,370,594,2024-05-07,2024-05-21,2024-05-30,45,RETURNED
5152,2026,1649,2023-08-08,2023-08-22,2023-08-28,30,RETURNED
5153,1767,435,2025-07-29,2025-08-12,2025-08-15,15,RETURNED
5154,2533,240,2025-02-12,2025-02-26,2025-02-26,0,RETURNED
5155,922,75,2025-11-16,2025-11-30,,0,OVERDUE
5156,2596,1575,2024-02-13,2024-02-27,2024-02-22,0,RETURNED
5157,2495,128,2025-10-26,2025-11-09,2025-11-09,0,RETURNED
5158,1691,946,2023-08-15,2023-08-29,,0,ISSUED
5159,2273,1680,2024-11-09,2024-11-23,2024-11-22,0,RETURNED
5160,1775,217,2024-04-16,2024-04-30,2024-05-10,50,RETURNED
5161,1253,760,2025-05-13,2025-05-27,2025-06-01,25,RETURNED
5162,2274,1550,2024-10-01,2024-10-15,2024-10-18,15,RETURNED
5163,690,1289,2025-09-27,2025-10-11,2025-10-16,25,RETURNED
5164,483,1328,2024-03-21,2024-04-04,2024-04-08,20,RETURNED
5165,315,1230,2024-10-28,2024-11-11,2024-11-13,10,RETURNED
5166,1607,864,2023-10-28,2023-11-11,2023-11-14,15,RETURNED
5167,838,1086,2023-03-26,2023-04-09,2023-04-15,30,RETURNED
5168,1825,478,2025-07-10,2025-07-24,2025-08-01,40,RETURNED
5169,1877,390,2023-11-08,2023-11-22,2023-11-23,5,RETURNED
5170,2471,424,2025-08-20,2025-09-03,2025-09-10,35,RETURNED
5171,862,192,2024-11-29,2024-12-13,2024-12-17,20,RETURNED
5172,1807,1164,2024-09-09,2024-09-23,2024-09-18,0,RETURNED
5173,637,879,2025-05-19,2025-06-02,2025-06-06,20,RETURNED
5174,525,1766,2023-10-04,2023-10-18,2023-10-18,0,RETURNED
5175,2366,1910,2023-09-24,2023-10-08,,0,OVERDUE
5176,69,193,2024-03-09,2024-03-23,,0,ISSUED
5177,693,707,2023-12-31,2024-01-14,2024-01-19,25,RETURNED
5178,2131,323,2025-08-27,2025-09-10,,0,ISSUED
5179,498,1329,2025-07-20,2025-08-03,2025-08-05,10,RETURNED
5180,1637,1211,2023-01-10,2023-01-24,2023-01-21,0,RETURNED
5181,939,83,2023-03-17,2023-03-31,2023-03-27,0,RETURNED
5182,1083,1574,2024-07-22,2024-08-05,,0,ISSUED
5183,1266,1828,2024-09-17,2024-10-01,2024-10-01,0,RETURNED
5184,2854,926,2024-02-29,2024-03-14,2024-03-23,45,RETURNED
5185,2513,350,2024-11-26,2024-12-10,2024-12-10,0,RETURNED
5186,2914,1294,2024-10-29,2024-11-12,2024-11-13,5,RETURNED
5187,419,1970,2024-03-05,2024-03-19,2024-03-26,35,RETURNED
5188,999,1215,2023-09-17,2023-10-01,2023-10-07,30,RETURNED
5189,2122,790,2023-07-07,2023-07-21,2023-07-30,45,RETURNED
5190,1381,1211,2024-11-16,2024-11-30,,0,OVERDUE
5191,2673,1072,2025-11-10,2025-11-24,2025-11-19,0,RETURNED
5192,1123,382,2025-06-13,2025-06-27,,0,ISSUED
5193,1125,159,2025-09-08,2025-09-22,2025-10-01,45,RETURNED
5194,2127,1456,2025-08-18,2025-09-01,2025-09-10,45,RETURNED
5195,2222,540,2023-03-07,2023-03-21,2023-03-17,0,RETURNED
5196,866,1038,2023-09-02,2023-09-16,2023-09-19,15,RETURNED
5197,2350,1183,2024-07-22,2024-08-05,2024-08-06,5,RETURNED
5198,1778,629,2024-12-19,2025-01-02,2025-01-05,15,RETURNED
5199,1812,1946,2024-03-21,2024-04-04,2024-04-10,30,RETURNED
5200,1146,128,2024-04-02,2024-04-16,2024-04-20,20,RETURNED
5201,1065,707,2023-05-02,2023-05-16,2023-05-21,25,RETURNED
5202,1326,1850,2024-12-03,2024-12-17,,0,ISSUED
5203,2733,1349,2023-04-26,2023-05-10,2023-05-16,30,RETURNED
5204,311,1537,2025-04-19,2025-05-03,2025-05-02,0,RETURNED
5205,2159,1844,2025-06-06,2025-06-20,2025-06-28,40,RETURNED
5206,1432,377,2025-10-25,2025-11-08,,0,OVERDUE
5207,1956,1891,2024-07-24,2024-08-07,,0,OVERDUE
5208,1849,277,2025-05-03,2025-05-17,2025-05-24,35,RETURNED
5209,2508,1705,2023-12-13,2023-12-27,2023-12-23,0,RETURNED
5210,976,1919,2023-01-19,2023-02-02,2023-02-02,0,RETURNED
5211,320,765,2025-07-19,2025-08-02,2025-07-28,0,RETURNED
5212,1473,682,2024-09-18,2024-10-02,2024-10-07,25,RETURNED
5213,1299,379,2023-12-15,2023-12-29,2024-01-03,25,RETURNED
5214,2048,1465,2023-06-26,2023-07-10,,0,ISSUED
5215,414,80,2025-02-11,2025-02-25,2025-03-03,30,RETURNED
5216,2841,290,2024-04-18,2024-05-02,2024-04-30,0,RETURNED
5217,63,1061,2023-02-15,2023-03-01,2023-02-25,0,RETURNED
5218,2166,1237,2025-04-29,2025-05-13,2025-05-10,0,RETURNED
5219,1874,1680,2024-11-04,2024-11-18,2024-11-14,0,RETURNED
5220,300,478,2024-01-23,2024-02-06,2024-02-06,0,RETURNED
5221,1543,1345,2025-12-09,2025-12-23,2025-12-18,0,RETURNED
5222,367,807,2024-04-26,2024-05-10,2024-05-20,50,RETURNED
5223,661,879,2024-01-18,2024-02-01,2024-01-31,0,RETURNED
5224,365,1190,2025-12-03,2025-12-17,2025-12-13,0,RETURNED
5225,909,1623,2023-04-17,2023-05-01,2023-05-07,30,RETURNED
5226,838,1569,2025-07-07,2025-07-21,2025-07-22,5,RETURNED
5227,1022,1305,2024-05-28,2024-06-11,,0,ISSUED
5228,988,236,2023-07-17,2023-07-31,2023-08-08,40,RETURNED
5229,640,223,2023-11-21,2023-12-05,2023-12-04,0,RETURNED
5230,2771,1122,2024-05-04,2024-05-18,2024-05-14,0,RETURNED
5231,123,1775,2024-01-11,2024-01-25,2024-02-04,50,RETURNED
5232,3,1150,2024-03-23,2024-04-06,,0,ISSUED
5233,2095,198,2025-02-24,2025-03-10,2025-03-08,0,RETURNED
5234,1433,835,2023-04-30,2023-05-14,2023-05-13,0,RETURNED
5235,765,1332,2025-05-16,2025-05-30,,0,OVERDUE
5236,1429,1484,2024-07-25,2024-08-08,,0,OVERDUE
5237,617,1703,2023-03-12,2023-03-26,2023-04-05,50,RETURNED
5238,1163,401,2023-03-25,2023-04-08,2023-04-13,25,RETURNED
5239,601,211,2023-11-19,2023-12-03,,0,OVERDUE
5240,2971,373,2024-01-17,2024-01-31,2024-02-05,25,RETURNED
5241,123,761,2025-07-20,2025-08-03,2025-08-06,15,RETURNED
5242,257,1255,2023-04-23,2023-05-07,2023-05-02,0,RETURNED
5243,1939,1476,2025-07-22,2025-08-05,2025-08-14,45,RETURNED
5244,315,274,2023-11-07,2023-11-21,2023-11-20,0,RETURNED
5245,869,592,2023-07-26,2023-08-09,2023-08-17,40,RETURNED
5246,514,693,2023-08-05,2023-08-19,2023-08-16,0,RETURNED
5247,2011,156,2024-07-16,2024-07-30,2024-07-29,0,RETURNED
5248,2087,1235,2024-12-14,2024-12-28,,0,OVERDUE
5249,2275,1765,2025-06-11,2025-06-25,2025-06-26,5,RETURNED
5250,1185,1053,2025-04-08,2025-04-22,2025-04-30,40,RETURNED
5251,2695,79,2024-09-17,2024-10-01,2024-10-10,45,RETURNED
5252,2879,913,2023-05-01,2023-05-15,,0,OVERDUE
5253,2921,1237,2025-04-21,2025-05-05,2025-05-05,0,RETURNED
5254,589,1805,2025-06-14,2025-06-28,2025-07-06,40,RETURNED
5255,1800,1250,2024-11-01,2024-11-15,2024-11-11,0,RETURNED
5256,1188,1988,2025-12-31,2026-01-14,2026-01-19,25,RETURNED
5257,1911,1105,2025-07-12,2025-07-26,,0,ISSUED
5258,2557,421,2025-03-10,2025-03-24,2025-03-26,10,RETURNED
5259,793,1998,2023-02-15,2023-03-01,2023-03-05,20,RETURNED
5260,2439,1752,2025-07-03,2025-07-17,2025-07-13,0,RETURNED
5261,204,568,2025-10-31,2025-11-14,2025-11-18,20,RETURNED
5262,158,1540,2023-08-14,2023-08-28,,0,OVERDUE
5263,2912,111,2025-06-29,2025-07-13,2025-07-12,0,RETURNED
5264,1315,1290,2023-02-14,2023-02-28,2023-03-10,50,RETURNED
5265,1339,755,2025-05-20,2025-06-03,2025-05-31,0,RETURNED
5266,1239,133,2025-09-30,2025-10-14,2025-10-14,0,RETURNED
5267,2362,1328,2023-10-21,2023-11-04,2023-11-05,5,RETURNED
5268,1757,20,2025-06-18,2025-07-02,2025-07-08,30,RETURNED
5269,2748,818,2024-01-21,2024-02-04,2024-02-01,0,RETURNED
5270,380,494,2025-09-04,2025-09-18,2025-09-15,0,RETURNED
5271,547,1520,2023-09-29,2023-10-13,,0,OVERDUE
5272,780,765,2023-08-06,2023-08-20,2023-08-30,50,RETURNED
5273,177,1546,2024-04-25,2024-05-09,2024-05-05,0,RETURNED
5274,733,1129,2024-03-31,2024-04-14,2024-04-19,25,RETURNED
5275,1679,413,2023-02-16,2023-03-02,2023-03-03,5,RETURNED
5276,334,664,2024-11-14,2024-11-28,2024-11-24,0,RETURNED
5277,220,1191,2025-08-11,2025-08-25,2025-08-28,15,RETURNED
5278,421,37,2025-08-10,2025-08-24,2025-08-31,35,RETURNED
5279,2378,1418,2025-06-07,2025-06-21,2025-06-18,0,RETURNED
5280,2566,745,2025-02-01,2025-02-15,2025-02-16,5,RETURNED
5281,1323,24,2023-05-25,2023-06-08,2023-06-09,5,RETURNED
5282,1840,1874,2023-04-05,2023-04-19,2023-04-15,0,RETURNED
5283,1857,1458,2024-02-16,2024-03-01,2024-03-09,40,RETURNED
5284,2572,809,2024-04-11,2024-04-25,2024-04-24,0,RETURNED
5285,1845,251,2024-07-09,2024-07-23,2024-07-19,0,RETURNED
5286,2891,580,2025-10-29,2025-11-12,2025-11-12,0,RETURNED
5287,1345,1954,2025-05-14,2025-05-28,2025-06-07,50,RETURNED
5288,2924,1133,2025-02-06,2025-02-20,2025-02-19,0,RETURNED
5289,216,1397,2025-01-30,2025-02-13,2025-02-17,20,RETURNED
5290,1496,129,2023-09-29,2023-10-13,,0,OVERDUE
5291,91,973,2024-10-06,2024-10-20,2024-10-28,40,RETURNED
5292,2901,96,2024-12-05,2024-12-19,,0,ISSUED
5293,2023,1792,2025-12-29,2026-01-12,,0,OVERDUE
5294,1457,737,2025-05-29,2025-06-12,2025-06-15,15,RETURNED
5295,2361,377,2023-07-08,2023-07-22,2023-07-21,0,RETURNED
5296,1522,777,2023-10-08,2023-10-22,2023-10-31,45,RETURNED
5297,876,370,2024-07-30,2024-08-13,2024-08-13,0,RETURNED
5298,2381,366,2024-11-04,2024-11-18,2024-11-27,45,RETURNED
5299,1919,584,2024-01-05,2024-01-19,2024-01-18,0,RETURNED
5300,885,1678,2023-04-20,2023-05-04,2023-05-07,15,RETURNED
5301,77,1509,2023-06-11,2023-06-25,2023-06-22,0,RETURNED
5302,1755,1981,2024-10-28,2024-11-11,2024-11-14,15,RETURNED
5303,100,560,2023-02-06,2023-02-20,2023-02-15,0,RETURNED
5304,1324,1250,2023-11-02,2023-11-16,2023-11-23,35,RETURNED
5305,2943,294,2024-12-16,2024-12-30,,0,OVERDUE
5306,2413,1946,2024-10-17,2024-10-31,2024-11-05,25,RETURNED
5307,2339,1495,2025-05-05,2025-05-19,2025-05-24,25,RETURNED
5308,979,1882,2023-11-02,2023-11-16,,0,OVERDUE
5309,1212,427,2024-03-15,2024-03-29,2024-04-04,30,RETURNED
5310,2665,1024,2025-06-05,2025-06-19,2025-06-27,40,RETURNED
5311,2125,408,2024-03-24,2024-04-07,2024-04-16,45,RETURNED
5312,1868,1489,2025-08-11,2025-08-25,2025-08-30,25,RETURNED
5313,2720,1628,2024-03-05,2024-03-19,2024-03-19,0,RETURNED
5314,1382,933,2024-01-16,2024-01-30,,0,OVERDUE
5315,1297,1176,2023-03-05,2023-03-19,2023-03-28,45,RETURNED
5316,2578,681,2023-10-06,2023-10-20,2023-10-21,5,RETURNED
5317,2632,2000,2025-09-05,2025-09-19,,0,ISSUED
5318,186,1626,2024-10-20,2024-11-03,2024-11-10,35,RETURNED
5319,1194,1528,2025-12-13,2025-12-27,2025-12-22,0,RETURNED
5320,2261,818,2024-03-17,2024-03-31,2024-04-06,30,RETURNED
5321,1928,1752,2024-11-04,2024-11-18,2024-11-25,35,RETURNED
5322,2946,1519,2025-05-26,2025-06-09,,0,ISSUED
5323,2487,1420,2024-06-03,2024-06-17,2024-06-25,40,RETURNED
5324,1598,1490,2023-12-21,2024-01-04,2024-01-13,45,RETURNED
5325,1981,722,2025-08-29,2025-09-12,2025-09-18,30,RETURNED
5326,1182,1975,2023-11-30,2023-12-14,2023-12-19,25,RETURNED
5327,865,522,2023-02-11,2023-02-25,2023-02-22,0,RETURNED
5328,1611,275,2025-07-17,2025-07-31,2025-07-28,0,RETURNED
5329,2091,51,2023-10-24,2023-11-07,2023-11-04,0,RETURNED
5330,1171,465,2023-05-27,2023-06-10,,0,OVERDUE
5331,2434,566,2023-09-07,2023-09-21,,0,OVERDUE
5332,391,1123,2024-09-29,2024-10-13,2024-10-20,35,RETURNED
5333,1289,778,2024-06-29,2024-07-13,,0,OVERDUE
5334,1439,1037,2024-12-27,2025-01-10,2025-01-06,0,RETURNED
5335,228,9,2023-06-07,2023-06-21,2023-06-25,20,RETURNED
5336,1894,356,2023-02-04,2023-02-18,2023-02-28,50,RETURNED
5337,1009,623,2025-03-01,2025-03-15,2025-03-11,0,RETURNED
5338,789,479,2025-09-24,2025-10-08,2025-10-16,40,RETURNED
5339,1693,723,2025-12-25,2026-01-08,2026-01-16,40,RETURNED
5340,398,1740,2023-08-04,2023-08-18,2023-08-21,15,RETURNED
5341,119,1914,2025-12-29,2026-01-12,2026-01-11,0,RETURNED
5342,507,1022,2025-01-03,2025-01-17,2025-01-25,40,RETURNED
5343,1498,1198,2023-09-20,2023-10-04,2023-10-04,0,RETURNED
5344,1256,1833,2024-11-25,2024-12-09,2024-12-04,0,RETURNED
5345,1426,1851,2025-07-12,2025-07-26,2025-07-24,0,RETURNED
5346,612,261,2025-04-03,2025-04-17,2025-04-15,0,RETURNED
5347,253,1743,2023-11-28,2023-12-12,2023-12-17,25,RETURNED
5348,1993,1470,2023-10-15,2023-10-29,2023-10-24,0,RETURNED
5349,258,406,2023-08-02,2023-08-16,2023-08-19,15,RETURNED
5350,1179,857,2025-04-25,2025-05-09,,0,OVERDUE
5351,1273,1360,2024-01-30,2024-02-13,2024-02-17,20,RETURNED
5352,2153,1292,2024-06-22,2024-07-06,2024-07-03,0,RETURNED
5353,751,769,2024-03-09,2024-03-23,,0,ISSUED
5354,681,1208,2024-07-02,2024-07-16,2024-07-16,0,RETURNED
5355,2033,297,2024-06-08,2024-06-22,2024-06-26,20,RETURNED
5356,2523,1012,2024-01-03,2024-01-17,2024-01-12,0,RETURNED
5357,1990,1855,2025-02-04,2025-02-18,2025-02-26,40,RETURNED
5358,2,1458,2024-09-16,2024-09-30,,0,ISSUED
5359,1647,1592,2025-02-19,2025-03-05,2025-03-13,40,RETURNED
5360,1423,1123,2023-11-29,2023-12-13,,0,OVERDUE
5361,837,1120,2023-10-16,2023-10-30,2023-10-30,0,RETURNED
5362,2843,1180,2024-08-29,2024-09-12,2024-09-08,0,RETURNED
5363,2502,1385,2023-05-09,2023-05-23,2023-05-19,0,RETURNED
5364,1305,1738,2024-05-20,2024-06-03,,0,ISSUED
5365,708,1778,2024-02-24,2024-03-09,2024-03-07,0,RETURNED
5366,2182,735,2023-07-17,2023-07-31,2023-07-26,0,RETURNED
5367,2008,1370,2023-05-21,2023-06-04,2023-06-14,50,RETURNED
5368,66,1493,2025-08-20,2025-09-03,2025-09-06,15,RETURNED
5369,2506,299,2023-09-09,2023-09-23,2023-09-19,0,RETURNED
5370,2597,555,2025-03-14,2025-03-28,2025-04-03,30,RETURNED
5371,980,135,2023-04-22,2023-05-06,,0,ISSUED
5372,1789,268,2025-02-22,2025-03-08,2025-03-07,0,RETURNED
5373,2647,859,2024-05-30,2024-06-13,2024-06-13,0,RETURNED
5374,2754,1382,2025-01-08,2025-01-22,2025-01-30,40,RETURNED
5375,920,43,2025-12-31,2026-01-14,,0,ISSUED
5376,2237,349,2023-11-11,2023-11-25,2023-12-03,40,RETURNED
5377,1648,1694,2024-02-02,2024-02-16,2024-02-16,0,RETURNED
5378,1624,1076,2025-07-01,2025-07-15,2025-07-15,0,RETURNED
5379,779,1581,2025-12-11,2025-12-25,2025-12-28,15,RETURNED
5380,2734,1754,2023-10-16,2023-10-30,2023-11-02,15,RETURNED
5381,344,812,2024-06-10,2024-06-24,2024-06-25,5,RETURNED
5382,133,470,2023-01-20,2023-02-03,,0,ISSUED
5383,1614,1472,2025-07-25,2025-08-08,2025-08-05,0,RETURNED
5384,2231,456,2023-12-11,2023-12-25,2023-12-26,5,RETURNED
5385,2454,1761,2024-01-23,2024-02-06,2024-02-10,20,RETURNED
5386,2567,442,2023-03-25,2023-04-08,2023-04-09,5,RETURNED
5387,705,1134,2025-05-06,2025-05-20,2025-05-17,0,RETURNED
5388,478,626,2025-12-07,2025-12-21,2025-12-22,5,RETURNED
5389,628,1571,2025-05-27,2025-06-10,2025-06-06,0,RETURNED
5390,269,902,2023-11-26,2023-12-10,2023-12-09,0,RETURNED
5391,2555,1336,2024-07-25,2024-08-08,2024-08-03,0,RETURNED
5392,1453,355,2024-08-02,2024-08-16,2024-08-11,0,RETURNED
5393,1360,820,2023-04-14,2023-04-28,2023-04-29,5,RETURNED
5394,368,1954,2025-03-06,2025-03-20,,0,OVERDUE
5395,1412,541,2024-06-09,2024-06-23,2024-06-20,0,RETURNED
5396,1934,264,2025-11-17,2025-12-01,2025-12-06,25,RETURNED
5397,221,939,2023-05-31,2023-06-14,2023-06-09,0,RETURNED
5398,1316,855,2024-12-29,2025-01-12,2025-01-20,40,RETURNED
5399,2104,296,2024-11-14,2024-11-28,2024-12-07,45,RETURNED
5400,1461,1236,2023-09-10,2023-09-24,,0,ISSUED
5401,2003,1724,2024-06-25,2024-07-09,2024-07-06,0,RETURNED
5402,1606,731,2025-05-18,2025-06-01,,0,ISSUED
5403,563,286,2025-06-06,2025-06-20,2025-06-17,0,RETURNED
5404,747,1024,2025-09-21,2025-10-05,2025-10-02,0,RETURNED
5405,1575,1039,2024-10-19,2024-11-02,,0,ISSUED
5406,284,208,2025-08-05,2025-08-19,2025-08-20,5,RETURNED
5407,214,1764,2025-10-24,2025-11-07,2025-11-09,10,RETURNED
5408,2693,1102,2024-02-07,2024-02-21,2024-02-21,0,RETURNED
5409,608,1660,2023-11-09,2023-11-23,2023-11-30,35,RETURNED
5410,2113,1209,2023-02-05,2023-02-19,2023-02-25,30,RETURNED
5411,1675,896,2023-06-23,2023-07-07,2023-07-08,5,RETURNED
5412,1934,1095,2025-12-08,2025-12-22,2025-12-18,0,RETURNED
5413,104,1809,2023-03-03,2023-03-17,2023-03-13,0,RETURNED
5414,1400,1283,2023-03-29,2023-04-12,2023-04-12,0,RETURNED
5415,1113,1722,2025-03-04,2025-03-18,2025-03-16,0,RETURNED
5416,1080,1028,2023-02-08,2023-02-22,2023-02-18,0,RETURNED
5417,2409,781,2023-01-12,2023-01-26,2023-01-22,0,RETURNED
5418,406,269,2024-11-02,2024-11-16,2024-11-14,0,RETURNED
5419,1472,1553,2023-05-19,2023-06-02,2023-05-29,0,RETURNED
5420,838,27,2024-09-07,2024-09-21,2024-09-20,0,RETURNED
5421,1789,130,2023-06-15,2023-06-29,2023-07-03,20,RETURNED
5422,2843,1459,2023-04-14,2023-04-28,,0,ISSUED
5423,2192,755,2023-06-26,2023-07-10,2023-07-08,0,RETURNED
5424,1167,1994,2025-04-23,2025-05-07,2025-05-17,50,RETURNED
5425,2910,1654,2025-03-20,2025-04-03,2025-04-10,35,RETURNED
5426,2950,297,2023-05-06,2023-05-20,2023-05-21,5,RETURNED
5427,1156,754,2024-09-13,2024-09-27,2024-10-02,25,RETURNED
5428,375,1859,2024-05-14,2024-05-28,2024-05-29,5,RETURNED
5429,1586,59,2023-02-12,2023-02-26,2023-03-08,50,RETURNED
5430,1647,465,2023-12-19,2024-01-02,2023-12-30,0,RETURNED
5431,2188,190,2023-06-30,2023-07-14,2023-07-24,50,RETURNED
5432,2528,590,2024-09-10,2024-09-24,,0,ISSUED
5433,2063,57,2024-03-25,2024-04-08,2024-04-15,35,RETURNED
5434,1431,513,2024-09-17,2024-10-01,2024-10-10,45,RETURNED
5435,2340,774,2025-07-22,2025-08-05,2025-08-01,0,RETURNED
5436,2137,1075,2025-08-29,2025-09-12,2025-09-21,45,RETURNED
5437,1555,123,2025-12-16,2025-12-30,2025-12-28,0,RETURNED
5438,1382,1413,2024-01-08,2024-01-22,2024-01-23,5,RETURNED
5439,2074,241,2023-08-18,2023-09-01,,0,ISSUED
5440,2974,1504,2025-12-06,2025-12-20,2025-12-27,35,RETURNED
5441,2598,990,2023-06-10,2023-06-24,2023-06-29,25,RETURNED
5442,1511,623,2025-06-28,2025-07-12,2025-07-11,0,RETURNED
5443,179,700,2024-06-03,2024-06-17,2024-06-14,0,RETURNED
5444,523,183,2024-08-12,2024-08-26,2024-08-26,0,RETURNED
5445,153,1838,2023-09-01,2023-09-15,2023-09-10,0,RETURNED
5446,316,28,2025-01-22,2025-02-05,2025-02-05,0,RETURNED
5447,2878,96,2024-02-03,2024-02-17,2024-02-12,0,RETURNED
5448,354,1610,2024-03-01,2024-03-15,2024-03-16,5,RETURNED
5449,1922,67,2025-03-30,2025-04-13,2025-04-17,20,RETURNED
5450,2140,1625,2023-05-26,2023-06-09,2023-06-14,25,RETURNED
5451,265,1880,2024-07-11,2024-07-25,2024-08-04,50,RETURNED
5452,2317,747,2025-12-27,2026-01-10,2026-01-12,10,RETURNED
5453,470,1851,2025-08-29,2025-09-12,2025-09-15,15,RETURNED
5454,826,552,2023-07-28,2023-08-11,2023-08-10,0,RETURNED
5455,921,670,2024-05-17,2024-05-31,,0,ISSUED
5456,1844,1755,2025-07-19,2025-08-02,2025-08-07,25,RETURNED
5457,436,83,2023-12-31,2024-01-14,2024-01-16,10,RETURNED
5458,2368,893,2025-06-29,2025-07-13,,0,OVERDUE
5459,1306,1004,2025-07-14,2025-07-28,2025-07-29,5,RETURNED
5460,368,1836,2024-07-10,2024-07-24,2024-07-20,0,RETURNED
5461,1561,772,2024-08-13,2024-08-27,2024-08-31,20,RETURNED
5462,2684,841,2023-08-15,2023-08-29,,0,OVERDUE
5463,1326,1158,2024-06-19,2024-07-03,2024-07-04,5,RETURNED
5464,2963,1845,2025-12-22,2026-01-05,2026-01-08,15,RETURNED
5465,448,109,2024-01-19,2024-02-02,2024-02-01,0,RETURNED
5466,1121,829,2024-02-01,2024-02-15,,0,OVERDUE
5467,1762,1041,2025-09-07,2025-09-21,,0,OVERDUE
5468,2470,773,2025-10-15,2025-10-29,2025-11-01,15,RETURNED
5469,1088,298,2023-07-01,2023-07-15,,0,ISSUED
5470,1874,1584,2025-05-04,2025-05-18,2025-05-21,15,RETURNED
5471,2587,410,2024-11-06,2024-11-20,,0,ISSUED
5472,1367,1534,2023-09-03,2023-09-17,2023-09-21,20,RETURNED
5473,172,9,2023-01-05,2023-01-19,,0,ISSUED
5474,536,627,2024-05-30,2024-06-13,2024-06-23,50,RETURNED
5475,223,1976,2023-07-05,2023-07-19,2023-07-20,5,RETURNED
5476,2942,1100,2025-08-19,2025-09-02,2025-09-10,40,RETURNED
5477,957,1560,2024-10-03,2024-10-17,2024-10-12,0,RETURNED
5478,1672,826,2025-02-09,2025-02-23,2025-03-03,40,RETURNED
5479,840,1323,2023-12-09,2023-12-23,2023-12-23,0,RETURNED
5480,1509,408,2025-05-26,2025-06-09,2025-06-08,0,RETURNED
5481,2116,1895,2023-04-24,2023-05-08,,0,ISSUED
5482,1298,496,2023-04-27,2023-05-11,,0,OVERDUE
5483,2992,276,2024-05-09,2024-05-23,2024-05-29,30,RETURNED
5484,2678,1323,2025-03-10,2025-03-24,2025-03-20,0,RETURNED
5485,2900,1432,2024-06-08,2024-06-22,2024-06-17,0,RETURNED
5486,1786,1918,2023-06-18,2023-07-02,2023-06-27,0,RETURNED
5487,1915,452,2023-08-05,2023-08-19,2023-08-19,0,RETURNED
5488,814,1368,2025-01-02,2025-01-16,2025-01-24,40,RETURNED
5489,2023,1784,2025-07-29,2025-08-12,2025-08-18,30,RETURNED
5490,1529,718,2023-12-03,2023-12-17,2023-12-17,0,RETURNED
5491,1017,1504,2023-12-05,2023-12-19,2023-12-25,30,RETURNED
5492,2504,1755,2024-04-17,2024-05-01,,0,OVERDUE
5493,2577,932,2023-08-16,2023-08-30,2023-09-09,50,RETURNED
5494,822,1429,2023-11-18,2023-12-02,2023-12-01,0,RETURNED
5495,2806,382,2023-07-16,2023-07-30,2023-08-07,40,RETURNED
5496,2015,54,2025-04-11,2025-04-25,2025-04-20,0,RETURNED
5497,2903,1135,2025-05-30,2025-06-13,2025-06-13,0,RETURNED
5498,741,143,2024-06-15,2024-06-29,2024-07-07,40,RETURNED
5499,503,1597,2023-09-13,2023-09-27,2023-09-22,0,RETURNED
5500,1056,51,2023-02-13,2023-02-27,2023-02-28,5,RETURNED
5501,1655,1460,2023-08-30,2023-09-13,2023-09-09,0,RETURNED
5502,1055,1023,2024-06-22,2024-07-06,2024-07-05,0,RETURNED
5503,921,1748,2023-07-21,2023-08-04,2023-08-11,35,RETURNED
5504,2686,1634,2025-10-15,2025-10-29,2025-11-08,50,RETURNED
5505,1213,1793,2025-02-04,2025-02-18,2025-02-19,5,RETURNED
5506,2446,522,2025-05-14,2025-05-28,2025-05-29,5,RETURNED
5507,2632,1712,2023-04-17,2023-05-01,2023-04-29,0,RETURNED
5508,1975,1276,2023-03-07,2023-03-21,2023-03-23,10,RETURNED
5509,2392,386,2025-06-13,2025-06-27,,0,ISSUED
5510,2489,640,2024-09-23,2024-10-07,,0,ISSUED
5511,437,1904,2025-01-04,2025-01-18,2025-01-16,0,RETURNED
5512,2593,1324,2025-05-09,2025-05-23,,0,OVERDUE
5513,690,96,2024-06-11,2024-06-25,2024-07-03,40,RETURNED
5514,2652,754,2025-04-16,2025-04-30,2025-05-03,15,RETURNED
5515,650,283,2025-04-24,2025-05-08,2025-05-13,25,RETURNED
5516,182,226,2024-07-28,2024-08-11,2024-08-07,0,RETURNED
5517,1682,613,2023-11-10,2023-11-24,2023-11-24,0,RETURNED
5518,1538,943,2023-05-10,2023-05-24,2023-05-26,10,RETURNED
5519,1960,1798,2025-06-10,2025-06-24,,0,OVERDUE
5520,2976,472,2025-07-30,2025-08-13,2025-08-18,25,RETURNED
5521,2013,85,2025-06-30,2025-07-14,2025-07-14,0,RETURNED
5522,2972,1309,2023-08-08,2023-08-22,,0,OVERDUE
5523,2376,945,2024-10-16,2024-10-30,2024-10-28,0,RETURNED
5524,723,1370,2023-01-05,2023-01-19,2023-01-27,40,RETURNED
5525,702,138,2024-01-31,2024-02-14,2024-02-10,0,RETURNED
5526,2024,254,2024-01-06,2024-01-20,2024-01-17,0,RETURNED
5527,2029,385,2024-09-09,2024-09-23,2024-09-28,25,RETURNED
5528,943,907,2023-08-26,2023-09-09,2023-09-15,30,RETURNED
5529,1237,65,2023-02-06,2023-02-20,2023-02-19,0,RETURNED
5530,882,518,2023-10-06,2023-10-20,,0,OVERDUE
5531,862,843,2024-01-28,2024-02-11,2024-02-20,45,RETURNED
5532,706,71,2025-11-06,2025-11-20,2025-11-21,5,RETURNED
5533,2202,1046,2025-03-09,2025-03-23,2025-04-01,45,RETURNED
5534,1143,81,2025-05-10,2025-05-24,,0,ISSUED
5535,1020,399,2024-05-21,2024-06-04,,0,ISSUED
5536,883,1487,2023-10-25,2023-11-08,,0,ISSUED
5537,335,239,2023-01-04,2023-01-18,,0,OVERDUE
5538,1327,209,2024-06-08,2024-06-22,2024-06-18,0,RETURNED
5539,185,459,2024-12-08,2024-12-22,2024-12-25,15,RETURNED
5540,1169,1341,2023-10-19,2023-11-02,2023-11-08,30,RETURNED
5541,37,1035,2025-03-26,2025-04-09,,0,OVERDUE
5542,2441,1760,2024-10-27,2024-11-10,2024-11-08,0,RETURNED
5543,238,1370,2023-12-05,2023-12-19,2023-12-27,40,RETURNED
5544,1586,22,2024-11-21,2024-12-05,,0,ISSUED
5545,1259,33,2024-05-29,2024-06-12,,0,ISSUED
5546,2252,1600,2024-09-28,2024-10-12,2024-10-11,0,RETURNED
5547,1877,824,2025-10-21,2025-11-04,2025-11-10,30,RETURNED
5548,1673,160,2024-05-07,2024-05-21,,0,OVERDUE
5549,1599,1526,2025-03-30,2025-04-13,2025-04-16,15,RETURNED
5550,756,1042,2024-03-15,2024-03-29,2024-04-03,25,RETURNED
5551,2414,1273,2024-11-30,2024-12-14,2024-12-20,30,RETURNED
5552,1471,901,2023-09-06,2023-09-20,,0,OVERDUE
5553,2238,1603,2025-05-13,2025-05-27,,0,ISSUED
5554,362,376,2023-01-01,2023-01-15,2023-01-10,0,RETURNED
5555,1896,464,2025-11-07,2025-11-21,,0,OVERDUE
5556,1623,1298,2025-09-18,2025-10-02,,0,OVERDUE
5557,1867,1738,2024-02-27,2024-03-12,,0,OVERDUE
5558,1608,1693,2023-07-21,2023-08-04,2023-08-02,0,RETURNED
5559,980,299,2025-09-14,2025-09-28,,0,OVERDUE
5560,1759,1884,2024-09-22,2024-10-06,2024-10-04,0,RETURNED
5561,1218,1399,2024-08-13,2024-08-27,2024-08-22,0,RETURNED
5562,1436,841,2024-08-12,2024-08-26,,0,OVERDUE
5563,797,685,2025-03-17,2025-03-31,2025-03-31,0,RETURNED
5564,1603,192,2023-02-15,2023-03-01,2023-03-11,50,RETURNED
5565,2837,446,2024-04-02,2024-04-16,2024-04-26,50,RETURNED
5566,2990,1279,2024-08-10,2024-08-24,2024-08-27,15,RETURNED
5567,118,49,2025-08-14,2025-08-28,2025-08-29,5,RETURNED
5568,2358,1338,2023-09-13,2023-09-27,2023-09-24,0,RETURNED
5569,2667,432,2025-07-08,2025-07-22,,0,OVERDUE
5570,2687,1797,2024-06-01,2024-06-15,2024-06-21,30,RETURNED
5571,571,1966,2025-05-14,2025-05-28,2025-05-30,10,RETURNED
5572,438,909,2024-03-28,2024-04-11,2024-04-11,0,RETURNED
5573,477,935,2023-06-16,2023-06-30,,0,OVERDUE
5574,2279,330,2024-09-14,2024-09-28,2024-10-08,50,RETURNED
5575,1107,460,2025-05-27,2025-06-10,2025-06-10,0,RETURNED
5576,2790,1639,2024-03-27,2024-04-10,2024-04-14,20,RETURNED
5577,363,334,2025-03-04,2025-03-18,2025-03-28,50,RETURNED
5578,667,1053,2025-09-10,2025-09-24,,0,OVERDUE
5579,74,1962,2025-07-10,2025-07-24,,0,ISSUED
5580,1238,1451,2023-05-05,2023-05-19,2023-05-18,0,RETURNED
5581,845,1866,2024-11-11,2024-11-25,2024-11-27,10,RETURNED
5582,1125,1126,2023-06-21,2023-07-05,2023-07-06,5,RETURNED
5583,2525,1786,2025-09-03,2025-09-17,2025-09-13,0,RETURNED
5584,962,309,2025-09-18,2025-10-02,2025-10-01,0,RETURNED
5585,1810,1155,2023-08-11,2023-08-25,2023-08-31,30,RETURNED
5586,2610,8,2025-09-03,2025-09-17,2025-09-16,0,RETURNED
5587,1777,1377,2023-06-11,2023-06-25,2023-07-01,30,RETURNED
5588,118,918,2025-12-23,2026-01-06,2026-01-06,0,RETURNED
5589,1996,60,2024-09-25,2024-10-09,2024-10-19,50,RETURNED
5590,2776,156,2023-01-13,2023-01-27,2023-01-29,10,RETURNED
5591,520,910,2024-12-24,2025-01-07,2025-01-10,15,RETURNED
5592,2009,956,2023-01-27,2023-02-10,2023-02-09,0,RETURNED
5593,1250,60,2023-02-05,2023-02-19,2023-02-16,0,RETURNED
5594,1260,48,2025-11-28,2025-12-12,2025-12-16,20,RETURNED
5595,818,163,2023-02-12,2023-02-26,2023-03-06,40,RETURNED
5596,2050,1492,2023-02-13,2023-02-27,2023-02-26,0,RETURNED
5597,2481,1495,2023-05-22,2023-06-05,2023-06-11,30,RETURNED
5598,1433,1620,2025-05-02,2025-05-16,2025-05-23,35,RETURNED
5599,972,268,2024-08-14,2024-08-28,2024-08-31,15,RETURNED
5600,1825,765,2024-10-23,2024-11-06,2024-11-09,15,RETURNED
5601,2155,618,2023-01-24,2023-02-07,2023-02-09,10,RETURNED
5602,1780,243,2023-06-15,2023-06-29,2023-07-09,50,RETURNED
5603,2125,563,2024-09-28,2024-10-12,,0,OVERDUE
5604,1912,209,2023-10-18,2023-11-01,2023-11-10,45,RETURNED
5605,304,1495,2024-08-27,2024-09-10,2024-09-08,0,RETURNED
5606,2960,1251,2025-09-29,2025-10-13,2025-10-18,25,RETURNED
5607,1509,1064,2024-02-25,2024-03-10,2024-03-20,50,RETURNED
5608,1512,980,2023-12-12,2023-12-26,2023-12-29,15,RETURNED
5609,996,151,2023-08-17,2023-08-31,2023-09-06,30,RETURNED
5610,820,1015,2023-04-05,2023-04-19,,0,ISSUED
5611,1048,372,2024-11-03,2024-11-17,2024-11-16,0,RETURNED
5612,1042,129,2023-10-14,2023-10-28,2023-11-02,25,RETURNED
5613,2820,1216,2025-08-26,2025-09-09,2025-09-04,0,RETURNED
5614,544,1395,2024-09-15,2024-09-29,2024-10-05,30,RETURNED
5615,626,1545,2023-04-22,2023-05-06,,0,ISSUED
5616,2717,522,2024-12-30,2025-01-13,,0,OVERDUE
5617,341,378,2025-03-02,2025-03-16,,0,ISSUED
5618,1057,1955,2023-05-06,2023-05-20,2023-05-25,25,RETURNED
5619,1433,1189,2024-08-07,2024-08-21,,0,ISSUED
5620,2350,885,2023-06-11,2023-06-25,2023-07-04,45,RETURNED
5621,2524,1091,2024-03-20,2024-04-03,2024-04-10,35,RETURNED
5622,2993,298,2023-01-11,2023-01-25,2023-01-29,20,RETURNED
5623,2693,789,2025-06-06,2025-06-20,2025-06-20,0,RETURNED
5624,2672,872,2025-06-04,2025-06-18,2025-06-20,10,RETURNED
5625,1657,1877,2025-02-22,2025-03-08,,0,ISSUED
5626,2039,41,2024-05-27,2024-06-10,2024-06-09,0,RETURNED
5627,126,269,2023-10-08,2023-10-22,2023-10-22,0,RETURNED
5628,2627,1140,2025-06-20,2025-07-04,2025-07-01,0,RETURNED
5629,1589,164,2023-04-06,2023-04-20,2023-04-29,45,RETURNED
5630,479,341,2023-05-23,2023-06-06,,0,OVERDUE
5631,773,1012,2023-06-22,2023-07-06,2023-07-15,45,RETURNED
5632,544,94,2024-05-07,2024-05-21,,0,OVERDUE
5633,474,1663,2024-01-29,2024-02-12,,0,ISSUED
5634,129,1340,2024-06-12,2024-06-26,2024-06-29,15,RETURNED
5635,1504,1630,2024-08-23,2024-09-06,,0,OVERDUE
5636,1387,1245,2024-08-19,2024-09-02,2024-09-07,25,RETURNED
5637,44,16,2025-08-23,2025-09-06,2025-09-03,0,RETURNED
5638,12,471,2025-11-27,2025-12-11,2025-12-18,35,RETURNED
5639,502,1043,2024-10-01,2024-10-15,2024-10-24,45,RETURNED
5640,735,39,2023-04-12,2023-04-26,2023-04-22,0,RETURNED
5641,2942,1161,2025-12-01,2025-12-15,2025-12-14,0,RETURNED
5642,1631,1341,2024-02-18,2024-03-03,2024-03-10,35,RETURNED
5643,2637,88,2023-03-18,2023-04-01,2023-03-28,0,RETURNED
5644,1604,1970,2024-01-08,2024-01-22,,0,ISSUED
5645,917,1611,2025-12-10,2025-12-24,2026-01-03,50,RETURNED
5646,1211,65,2024-03-13,2024-03-27,2024-04-01,25,RETURNED
5647,2315,1400,2024-09-11,2024-09-25,2024-09-27,10,RETURNED
5648,481,873,2024-10-05,2024-10-19,2024-10-19,0,RETURNED
5649,2573,1054,2025-12-17,2025-12-31,2026-01-03,15,RETURNED
5650,2705,506,2024-01-10,2024-01-24,,0,OVERDUE
5651,910,1256,2025-07-15,2025-07-29,,0,ISSUED
5652,1062,1862,2024-02-09,2024-02-23,2024-02-24,5,RETURNED
5653,59,112,2025-09-03,2025-09-17,2025-09-16,0,RETURNED
5654,925,1523,2023-03-15,2023-03-29,,0,OVERDUE
5655,2668,443,2024-05-01,2024-05-15,2024-05-22,35,RETURNED
5656,1089,1708,2024-08-03,2024-08-17,2024-08-18,5,RETURNED
5657,2988,105,2025-08-24,2025-09-07,2025-09-07,0,RETURNED
5658,1584,1197,2025-11-15,2025-11-29,2025-11-30,5,RETURNED
5659,2052,989,2025-01-26,2025-02-09,2025-02-12,15,RETURNED
5660,2409,1365,2024-09-21,2024-10-05,2024-10-04,0,RETURNED
5661,2153,245,2024-09-23,2024-10-07,2024-10-15,40,RETURNED
5662,1912,477,2025-03-13,2025-03-27,2025-03-29,10,RETURNED
5663,14,282,2025-09-25,2025-10-09,2025-10-08,0,RETURNED
5664,1922,1091,2023-06-26,2023-07-10,,0,OVERDUE
5665,1685,1656,2023-04-16,2023-04-30,2023-05-09,45,RETURNED
5666,1241,163,2025-09-05,2025-09-19,2025-09-25,30,RETURNED
5667,2968,205,2025-11-30,2025-12-14,2025-12-21,35,RETURNED
5668,2057,943,2024-05-17,2024-05-31,2024-05-31,0,RETURNED
5669,1114,1830,2024-10-30,2024-11-13,2024-11-11,0,RETURNED
5670,1702,532,2023-07-27,2023-08-10,2023-08-07,0,RETURNED
5671,1224,261,2023-08-10,2023-08-24,2023-08-19,0,RETURNED
5672,888,430,2024-09-02,2024-09-16,2024-09-17,5,RETURNED
5673,1277,58,2025-01-21,2025-02-04,2025-02-05,5,RETURNED
5674,154,375,2023-10-21,2023-11-04,2023-11-09,25,RETURNED
5675,1929,1234,2024-08-05,2024-08-19,2024-08-27,40,RETURNED
5676,2707,732,2024-04-19,2024-05-03,,0,ISSUED
5677,2536,1841,2024-12-18,2025-01-01,2025-01-08,35,RETURNED
5678,1786,1734,2025-05-27,2025-06-10,2025-06-18,40,RETURNED
5679,2683,1511,2024-01-28,2024-02-11,2024-02-12,5,RETURNED
5680,186,1428,2025-08-14,2025-08-28,2025-08-29,5,RETURNED
5681,2015,1070,2024-08-21,2024-09-04,2024-09-14,50,RETURNED
5682,1213,456,2023-04-04,2023-04-18,2023-04-16,0,RETURNED
5683,1251,1063,2023-08-12,2023-08-26,2023-08-25,0,RETURNED
5684,652,942,2024-02-04,2024-02-18,,0,ISSUED
5685,1162,963,2025-11-26,2025-12-10,,0,OVERDUE
5686,1675,1858,2025-03-15,2025-03-29,2025-04-07,45,RETURNED
5687,2696,634,2024-10-03,2024-10-17,2024-10-27,50,RETURNED
5688,2336,1246,2025-07-13,2025-07-27,,0,ISSUED
5689,2369,1733,2024-04-21,2024-05-05,2024-05-04,0,RETURNED
5690,280,1688,2023-02-05,2023-02-19,2023-03-01,50,RETURNED
5691,1145,1159,2025-01-29,2025-02-12,2025-02-15,15,RETURNED
5692,2970,350,2025-09-11,2025-09-25,2025-09-30,25,RETURNED
5693,542,1306,2025-10-23,2025-11-06,,0,OVERDUE
5694,116,1796,2023-09-11,2023-09-25,2023-09-30,25,RETURNED
5695,240,1392,2024-11-06,2024-11-20,2024-11-24,20,RETURNED
5696,1651,286,2024-03-20,2024-04-03,,0,OVERDUE
5697,419,255,2023-06-23,2023-07-07,2023-07-06,0,RETURNED
5698,149,439,2023-02-14,2023-02-28,,0,ISSUED
5699,1992,1210,2024-09-10,2024-09-24,2024-09-19,0,RETURNED
5700,2067,926,2025-11-22,2025-12-06,,0,ISSUED
5701,1818,477,2023-05-08,2023-05-22,2023-05-26,20,RETURNED
5702,1268,1132,2023-04-23,2023-05-07,,0,ISSUED
5703,1891,648,2025-01-20,2025-02-03,2025-02-05,10,RETURNED
5704,2618,463,2024-10-27,2024-11-10,2024-11-19,45,RETURNED
5705,91,625,2025-04-03,2025-04-17,2025-04-21,20,RETURNED
5706,2636,1355,2023-09-12,2023-09-26,2023-09-30,20,RETURNED
5707,688,1620,2023-07-15,2023-07-29,2023-07-30,5,RETURNED
5708,785,825,2023-07-05,2023-07-19,2023-07-24,25,RETURNED
5709,2574,785,2023-09-23,2023-10-07,2023-10-07,0,RETURNED
5710,2685,1458,2025-06-19,2025-07-03,,0,OVERDUE
5711,1394,600,2025-10-04,2025-10-18,2025-10-26,40,RETURNED
5712,1018,1523,2025-06-02,2025-06-16,2025-06-15,0,RETURNED
5713,856,1999,2023-12-21,2024-01-04,2024-01-09,25,RETURNED
5714,51,1777,2024-02-15,2024-02-29,2024-02-29,0,RETURNED
5715,239,1639,2025-08-01,2025-08-15,2025-08-10,0,RETURNED
5716,611,1190,2024-09-04,2024-09-18,2024-09-26,40,RETURNED
5717,2448,1918,2024-07-17,2024-07-31,2024-07-30,0,RETURNED
5718,1673,1504,2024-01-02,2024-01-16,,0,OVERDUE
5719,1442,719,2023-06-18,2023-07-02,2023-07-01,0,RETURNED
5720,1499,1270,2023-06-14,2023-06-28,,0,ISSUED
5721,1463,1291,2023-11-18,2023-12-02,2023-12-11,45,RETURNED
5722,872,851,2024-08-05,2024-08-19,2024-08-15,0,RETURNED
5723,1631,979,2025-09-08,2025-09-22,2025-09-24,10,RETURNED
5724,1568,1991,2025-01-04,2025-01-18,2025-01-19,5,RETURNED
5725,468,1503,2025-03-17,2025-03-31,2025-03-26,0,RETURNED
5726,399,1487,2023-09-14,2023-09-28,2023-09-30,10,RETURNED
5727,742,1483,2025-12-26,2026-01-09,2026-01-18,45,RETURNED
5728,1043,194,2025-04-20,2025-05-04,2025-04-30,0,RETURNED
5729,1351,1687,2024-03-17,2024-03-31,2024-04-09,45,RETURNED
5730,1516,1648,2023-09-27,2023-10-11,,0,OVERDUE
5731,1103,26,2024-04-27,2024-05-11,2024-05-19,40,RETURNED
5732,1397,1238,2024-12-22,2025-01-05,2025-01-11,30,RETURNED
5733,2459,406,2025-10-09,2025-10-23,2025-10-27,20,RETURNED
5734,957,599,2023-08-07,2023-08-21,2023-08-17,0,RETURNED
5735,83,1434,2024-08-25,2024-09-08,,0,OVERDUE
5736,1906,1071,2025-08-29,2025-09-12,2025-09-13,5,RETURNED
5737,2058,571,2025-03-08,2025-03-22,2025-03-19,0,RETURNED
5738,440,4,2025-11-09,2025-11-23,,0,OVERDUE
5739,41,1943,2024-07-16,2024-07-30,2024-08-06,35,RETURNED
5740,173,1388,2023-01-14,2023-01-28,2023-01-24,0,RETURNED
5741,1633,461,2025-11-30,2025-12-14,2025-12-15,5,RETURNED
5742,2587,1747,2024-12-23,2025-01-06,2025-01-07,5,RETURNED
5743,1300,274,2025-01-18,2025-02-01,,0,ISSUED
5744,749,436,2025-01-17,2025-01-31,2025-01-31,0,RETURNED
5745,2988,611,2025-04-25,2025-05-09,2025-05-18,45,RETURNED
5746,2559,666,2023-12-03,2023-12-17,2023-12-26,45,RETURNED
5747,2630,605,2024-01-24,2024-02-07,2024-02-03,0,RETURNED
5748,1784,1581,2025-11-25,2025-12-09,2025-12-14,25,RETURNED
5749,1642,819,2025-11-26,2025-12-10,2025-12-07,0,RETURNED
5750,2358,249,2025-11-18,2025-12-02,2025-12-06,20,RETURNED
5751,1295,1240,2024-05-25,2024-06-08,2024-06-04,0,RETURNED
5752,941,502,2024-11-29,2024-12-13,2024-12-10,0,RETURNED
5753,2490,538,2024-12-16,2024-12-30,2025-01-01,10,RETURNED
5754,2528,885,2024-07-07,2024-07-21,2024-07-21,0,RETURNED
5755,2888,377,2023-11-30,2023-12-14,2023-12-13,0,RETURNED
5756,2190,1314,2024-10-20,2024-11-03,2024-11-06,15,RETURNED
5757,2504,929,2024-12-21,2025-01-04,2025-01-14,50,RETURNED
5758,2961,1284,2023-07-07,2023-07-21,2023-07-22,5,RETURNED
5759,2851,101,2025-02-13,2025-02-27,,0,ISSUED
5760,1129,408,2023-08-29,2023-09-12,2023-09-21,45,RETURNED
5761,2510,1843,2025-06-27,2025-07-11,,0,OVERDUE
5762,820,1350,2023-02-09,2023-02-23,2023-02-18,0,RETURNED
5763,1194,919,2024-12-25,2025-01-08,,0,OVERDUE
5764,2555,501,2023-09-18,2023-10-02,2023-10-01,0,RETURNED
5765,598,786,2025-02-04,2025-02-18,2025-02-20,10,RETURNED
5766,814,419,2024-12-28,2025-01-11,2025-01-11,0,RETURNED
5767,1874,912,2024-02-03,2024-02-17,,0,ISSUED
5768,2843,1190,2024-11-22,2024-12-06,2024-12-04,0,RETURNED
5769,1477,632,2025-12-24,2026-01-07,2026-01-05,0,RETURNED
5770,954,1271,2024-01-22,2024-02-05,2024-02-07,10,RETURNED
5771,1726,1794,2025-11-18,2025-12-02,2025-12-11,45,RETURNED
5772,2606,1401,2023-08-09,2023-08-23,2023-08-23,0,RETURNED
5773,1554,408,2023-05-05,2023-05-19,2023-05-23,20,RETURNED
5774,2479,968,2025-01-24,2025-02-07,2025-02-09,10,RETURNED
5775,2588,1149,2025-05-30,2025-06-13,2025-06-20,35,RETURNED
5776,2850,1148,2023-06-04,2023-06-18,2023-06-19,5,RETURNED
5777,589,1129,2023-09-25,2023-10-09,2023-10-19,50,RETURNED
5778,951,1465,2023-06-22,2023-07-06,2023-07-12,30,RETURNED
5779,687,209,2023-06-23,2023-07-07,2023-07-06,0,RETURNED
5780,2293,1348,2025-02-22,2025-03-08,2025-03-12,20,RETURNED
5781,1224,277,2024-06-05,2024-06-19,2024-06-23,20,RETURNED
5782,831,1661,2024-08-30,2024-09-13,2024-09-11,0,RETURNED
5783,902,335,2025-02-02,2025-02-16,2025-02-20,20,RETURNED
5784,1806,1952,2025-01-03,2025-01-17,2025-01-17,0,RETURNED
5785,1186,298,2025-06-24,2025-07-08,2025-07-16,40,RETURNED
5786,1674,1757,2024-03-13,2024-03-27,2024-03-31,20,RETURNED
5787,97,1580,2025-06-09,2025-06-23,2025-06-24,5,RETURNED
5788,2072,778,2025-04-23,2025-05-07,2025-05-10,15,RETURNED
5789,2207,564,2023-11-22,2023-12-06,2023-12-12,30,RETURNED
5790,2893,1194,2023-08-31,2023-09-14,2023-09-22,40,RETURNED
5791,1752,1883,2023-08-29,2023-09-12,2023-09-11,0,RETURNED
5792,1241,1290,2024-05-24,2024-06-07,2024-06-16,45,RETURNED
5793,2010,1112,2023-03-09,2023-03-23,2023-03-23,0,RETURNED
5794,1660,111,2025-06-19,2025-07-03,2025-06-29,0,RETURNED
5795,994,1996,2025-05-06,2025-05-20,2025-05-21,5,RETURNED
5796,1469,1171,2024-11-23,2024-12-07,,0,OVERDUE
5797,2921,1915,2025-04-15,2025-04-29,,0,ISSUED
5798,1774,1570,2025-03-21,2025-04-04,2025-03-30,0,RETURNED
5799,2567,1663,2023-09-04,2023-09-18,2023-09-18,0,RETURNED
5800,240,864,2025-01-04,2025-01-18,2025-01-19,5,RETURNED
5801,395,1497,2023-11-02,2023-11-16,,0,ISSUED
5802,390,1998,2024-07-27,2024-08-10,2024-08-17,35,RETURNED
5803,2536,311,2025-12-30,2026-01-13,,0,ISSUED
5804,2838,284,2024-08-22,2024-09-05,,0,OVERDUE
5805,2717,894,2025-08-12,2025-08-26,2025-08-27,5,RETURNED
5806,121,372,2025-03-23,2025-04-06,2025-04-15,45,RETURNED
5807,1774,1311,2025-06-14,2025-06-28,2025-07-01,15,RETURNED
5808,963,1359,2025-06-15,2025-06-29,2025-07-04,25,RETURNED
5809,2197,474,2025-04-09,2025-04-23,2025-04-27,20,RETURNED
5810,2303,1112,2023-09-26,2023-10-10,2023-10-10,0,RETURNED
5811,531,1608,2024-06-22,2024-07-06,2024-07-09,15,RETURNED
5812,323,961,2023-01-31,2023-02-14,2023-02-14,0,RETURNED
5813,519,753,2023-01-14,2023-01-28,2023-02-04,35,RETURNED
5814,1326,1545,2024-01-28,2024-02-11,2024-02-11,0,RETURNED
5815,2937,536,2025-10-25,2025-11-08,2025-11-17,45,RETURNED
5816,204,1921,2024-12-18,2025-01-01,,0,ISSUED
5817,936,307,2024-04-05,2024-04-19,2024-04-21,10,RETURNED
5818,2688,281,2025-01-21,2025-02-04,,0,ISSUED
5819,2941,1272,2025-05-10,2025-05-24,2025-05-21,0,RETURNED
5820,72,1763,2025-02-16,2025-03-02,2025-02-25,0,RETURNED
5821,1467,956,2023-01-11,2023-01-25,2023-01-20,0,RETURNED
5822,1726,294,2024-10-01,2024-10-15,2024-10-22,35,RETURNED
5823,2863,1972,2024-02-28,2024-03-13,,0,OVERDUE
5824,710,1738,2024-02-02,2024-02-16,2024-02-25,45,RETURNED
5825,2310,1427,2024-09-04,2024-09-18,2024-09-20,10,RETURNED
5826,586,1593,2024-12-30,2025-01-13,2025-01-21,40,RETURNED
5827,223,63,2025-04-22,2025-05-06,2025-05-06,0,RETURNED
5828,398,382,2025-05-19,2025-06-02,2025-06-12,50,RETURNED
5829,57,1903,2024-03-20,2024-04-03,2024-04-13,50,RETURNED
5830,1132,1996,2024-06-20,2024-07-04,,0,ISSUED
5831,2454,1800,2023-04-04,2023-04-18,2023-04-20,10,RETURNED
5832,2635,1099,2024-03-19,2024-04-02,2024-03-29,0,RETURNED
5833,482,1875,2025-01-20,2025-02-03,2025-02-13,50,RETURNED
5834,632,342,2025-12-08,2025-12-22,2025-12-23,5,RETURNED
5835,2172,1434,2024-02-21,2024-03-06,2024-03-14,40,RETURNED
5836,1930,1927,2025-05-21,2025-06-04,2025-06-06,10,RETURNED
5837,2758,759,2023-06-23,2023-07-07,,0,ISSUED
5838,1986,637,2025-01-25,2025-02-08,2025-02-07,0,RETURNED
5839,1094,531,2023-04-16,2023-04-30,2023-05-01,5,RETURNED
5840,1662,815,2023-09-08,2023-09-22,2023-09-30,40,RETURNED
5841,1712,610,2023-03-07,2023-03-21,2023-03-17,0,RETURNED
5842,256,1724,2024-06-26,2024-07-10,2024-07-18,40,RETURNED
5843,2175,1253,2024-03-22,2024-04-05,2024-04-10,25,RETURNED
5844,1725,969,2023-07-28,2023-08-11,2023-08-19,40,RETURNED
5845,2904,525,2023-07-31,2023-08-14,2023-08-18,20,RETURNED
5846,257,465,2025-07-18,2025-08-01,2025-07-30,0,RETURNED
5847,1982,1811,2025-06-15,2025-06-29,2025-06-29,0,RETURNED
5848,180,1130,2025-08-23,2025-09-06,2025-09-15,45,RETURNED
5849,2422,259,2025-04-09,2025-04-23,2025-04-20,0,RETURNED
5850,199,529,2024-05-19,2024-06-02,2024-05-28,0,RETURNED
5851,2042,1708,2025-05-03,2025-05-17,2025-05-17,0,RETURNED
5852,2047,1486,2025-12-13,2025-12-27,2025-12-31,20,RETURNED
5853,65,435,2024-09-30,2024-10-14,2024-10-19,25,RETURNED
5854,1195,1992,2023-01-10,2023-01-24,2023-02-02,45,RETURNED
5855,2798,1546,2025-02-19,2025-03-05,2025-03-10,25,RETURNED
5856,112,417,2023-05-02,2023-05-16,2023-05-22,30,RETURNED
5857,1747,1439,2024-01-02,2024-01-16,2024-01-20,20,RETURNED
5858,1932,29,2024-11-09,2024-11-23,2024-11-27,20,RETURNED
5859,2089,926,2024-10-12,2024-10-26,2024-10-28,10,RETURNED
5860,2789,1056,2025-03-28,2025-04-11,,0,ISSUED
5861,1446,730,2023-08-26,2023-09-09,2023-09-11,10,RETURNED
5862,1895,1211,2023-08-21,2023-09-04,2023-09-08,20,RETURNED
5863,2484,876,2023-05-21,2023-06-04,2023-06-14,50,RETURNED
5864,739,1663,2024-08-23,2024-09-06,2024-09-16,50,RETURNED
5865,1418,308,2025-11-21,2025-12-05,,0,ISSUED
5866,1086,85,2024-07-08,2024-07-22,2024-07-18,0,RETURNED
5867,86,188,2024-12-18,2025-01-01,2025-01-04,15,RETURNED
5868,2562,1655,2025-09-13,2025-09-27,2025-10-06,45,RETURNED
5869,2927,154,2024-11-12,2024-11-26,2024-11-24,0,RETURNED
5870,2669,905,2025-09-04,2025-09-18,2025-09-23,25,RETURNED
5871,970,875,2025-12-27,2026-01-10,2026-01-09,0,RETURNED
5872,261,1880,2025-11-02,2025-11-16,2025-11-12,0,RETURNED
5873,1610,1573,2024-08-07,2024-08-21,2024-08-28,35,RETURNED
5874,2991,280,2023-12-02,2023-12-16,2023-12-12,0,RETURNED
5875,1926,1378,2025-05-08,2025-05-22,2025-05-28,30,RETURNED
5876,547,1516,2023-02-17,2023-03-03,2023-03-11,40,RETURNED
5877,208,1906,2023-03-29,2023-04-12,2023-04-19,35,RETURNED
5878,204,1971,2023-07-31,2023-08-14,2023-08-23,45,RETURNED
5879,2299,666,2024-08-01,2024-08-15,2024-08-12,0,RETURNED
5880,1728,1836,2024-12-11,2024-12-25,2024-12-29,20,RETURNED
5881,752,1879,2025-09-18,2025-10-02,2025-09-30,0,RETURNED
5882,1437,970,2025-01-28,2025-02-11,2025-02-06,0,RETURNED
5883,1750,531,2025-01-26,2025-02-09,2025-02-18,45,RETURNED
5884,1692,190,2024-06-09,2024-06-23,2024-07-03,50,RETURNED
5885,2060,910,2024-08-09,2024-08-23,2024-08-30,35,RETURNED
5886,1170,431,2023-01-08,2023-01-22,2023-02-01,50,RETURNED
5887,599,1672,2023-12-21,2024-01-04,2023-12-30,0,RETURNED
5888,2072,1068,2023-01-09,2023-01-23,2023-01-27,20,RETURNED
5889,164,753,2024-02-27,2024-03-12,2024-03-19,35,RETURNED
5890,1560,1263,2024-08-03,2024-08-17,2024-08-15,0,RETURNED
5891,273,1340,2023-01-03,2023-01-17,2023-01-24,35,RETURNED
5892,729,50,2024-01-12,2024-01-26,2024-01-21,0,RETURNED
5893,490,1592,2025-12-22,2026-01-05,2026-01-09,20,RETURNED
5894,1130,1301,2024-08-16,2024-08-30,2024-08-29,0,RETURNED
5895,2296,1470,2024-06-06,2024-06-20,2024-06-29,45,RETURNED
5896,2261,1376,2025-07-18,2025-08-01,,0,OVERDUE
5897,1079,1689,2025-03-18,2025-04-01,,0,OVERDUE
5898,2318,1937,2025-09-23,2025-10-07,2025-10-04,0,RETURNED
5899,2365,1044,2025-05-05,2025-05-19,,0,ISSUED
5900,857,1587,2025-11-30,2025-12-14,2025-12-14,0,RETURNED
5901,177,1019,2024-03-26,2024-04-09,,0,OVERDUE
5902,1887,1753,2025-08-05,2025-08-19,2025-08-26,35,RETURNED
5903,2635,1018,2025-02-04,2025-02-18,2025-02-15,0,RETURNED
5904,227,69,2025-06-26,2025-07-10,2025-07-10,0,RETURNED
5905,758,1532,2023-11-21,2023-12-05,2023-12-06,5,RETURNED
5906,2980,991,2024-04-02,2024-04-16,,0,ISSUED
5907,1118,1359,2024-06-29,2024-07-13,2024-07-12,0,RETURNED
5908,2938,1806,2024-08-18,2024-09-01,,0,OVERDUE
5909,1212,960,2024-09-28,2024-10-12,2024-10-17,25,RETURNED
5910,2868,1281,2023-04-04,2023-04-18,2023-04-17,0,RETURNED
5911,5,513,2023-03-17,2023-03-31,2023-04-03,15,RETURNED
5912,907,365,2024-12-28,2025-01-11,2025-01-15,20,RETURNED
5913,2974,727,2025-08-04,2025-08-18,2025-08-16,0,RETURNED
5914,2477,1362,2024-02-25,2024-03-10,2024-03-19,45,RETURNED
5915,262,1452,2024-08-15,2024-08-29,2024-09-04,30,RETURNED
5916,1972,357,2024-04-14,2024-04-28,2024-04-27,0,RETURNED
5917,1848,1016,2024-08-11,2024-08-25,2024-08-26,5,RETURNED
5918,2090,526,2024-11-07,2024-11-21,,0,OVERDUE
5919,2715,1982,2024-02-19,2024-03-04,,0,OVERDUE
5920,2243,1021,2025-04-15,2025-04-29,2025-05-07,40,RETURNED
5921,1360,1410,2023-11-26,2023-12-10,2023-12-06,0,RETURNED
5922,152,29,2024-10-05,2024-10-19,2024-10-27,40,RETURNED
5923,245,155,2024-12-08,2024-12-22,2024-12-28,30,RETURNED
5924,2972,1921,2024-06-08,2024-06-22,2024-06-23,5,RETURNED
5925,1530,166,2025-03-27,2025-04-10,2025-04-13,15,RETURNED
5926,2381,1010,2025-08-10,2025-08-24,2025-08-20,0,RETURNED
5927,2237,306,2023-02-14,2023-02-28,,0,ISSUED
5928,2524,1534,2024-11-04,2024-11-18,2024-11-22,20,RETURNED
5929,70,1682,2023-08-13,2023-08-27,2023-08-30,15,RETURNED
5930,1364,949,2023-05-09,2023-05-23,2023-06-01,45,RETURNED
5931,1073,1346,2023-06-19,2023-07-03,2023-07-04,5,RETURNED
5932,1206,888,2024-01-13,2024-01-27,,0,OVERDUE
5933,2757,607,2024-09-09,2024-09-23,2024-09-29,30,RETURNED
5934,2411,1756,2023-06-28,2023-07-12,2023-07-15,15,RETURNED
5935,1643,1566,2024-10-29,2024-11-12,2024-11-20,40,RETURNED
5936,1586,1401,2023-12-25,2024-01-08,2024-01-10,10,RETURNED
5937,1746,847,2023-04-13,2023-04-27,2023-05-01,20,RETURNED
5938,1597,1445,2025-02-16,2025-03-02,2025-02-26,0,RETURNED
5939,809,1892,2024-08-17,2024-08-31,,0,OVERDUE
5940,2620,560,2025-09-14,2025-09-28,2025-10-04,30,RETURNED
5941,2173,1434,2024-04-15,2024-04-29,2024-04-28,0,RETURNED
5942,21,927,2025-06-26,2025-07-10,2025-07-16,30,RETURNED
5943,2497,1770,2025-03-25,2025-04-08,,0,ISSUED
5944,2964,600,2025-03-15,2025-03-29,2025-03-29,0,RETURNED
5945,830,1961,2025-05-14,2025-05-28,,0,OVERDUE
5946,2619,451,2024-03-09,2024-03-23,2024-03-20,0,RETURNED
5947,932,536,2025-06-12,2025-06-26,2025-06-27,5,RETURNED
5948,784,563,2024-06-23,2024-07-07,2024-07-14,35,RETURNED
5949,954,156,2024-12-26,2025-01-09,,0,OVERDUE
5950,2060,938,2024-03-21,2024-04-04,2024-04-07,15,RETURNED
5951,448,433,2024-03-22,2024-04-05,2024-04-12,35,RETURNED
5952,2446,1964,2023-06-26,2023-07-10,2023-07-09,0,RETURNED
5953,2462,609,2023-07-09,2023-07-23,,0,OVERDUE
5954,2127,1372,2025-04-16,2025-04-30,2025-04-27,0,RETURNED
5955,2081,837,2025-05-15,2025-05-29,2025-06-01,15,RETURNED
5956,733,839,2024-05-25,2024-06-08,,0,OVERDUE
5957,1557,1045,2025-09-26,2025-10-10,2025-10-15,25,RETURNED
5958,2479,381,2025-08-19,2025-09-02,2025-09-09,35,RETURNED
5959,879,281,2025-06-18,2025-07-02,2025-07-07,25,RETURNED
5960,2542,1430,2025-04-22,2025-05-06,,0,ISSUED
5961,1669,1673,2024-10-19,2024-11-02,,0,ISSUED
5962,1482,410,2024-11-21,2024-12-05,2024-12-13,40,RETURNED
5963,1031,402,2025-03-18,2025-04-01,2025-04-01,0,RETURNED
5964,1676,1027,2025-12-12,2025-12-26,2026-01-01,30,RETURNED
5965,2999,1337,2023-10-18,2023-11-01,2023-11-08,35,RETURNED
5966,2239,1141,2024-11-09,2024-11-23,,0,OVERDUE
5967,1714,640,2023-11-18,2023-12-02,,0,ISSUED
5968,67,1175,2023-05-28,2023-06-11,2023-06-14,15,RETURNED
5969,1982,1372,2025-08-09,2025-08-23,,0,ISSUED
5970,1951,31,2023-04-22,2023-05-06,2023-05-01,0,RETURNED
5971,833,120,2023-10-03,2023-10-17,,0,ISSUED
5972,2197,1795,2024-12-28,2025-01-11,2025-01-11,0,RETURNED
5973,330,1708,2024-11-06,2024-11-20,2024-11-21,5,RETURNED
5974,408,243,2025-07-25,2025-08-08,2025-08-17,45,RETURNED
5975,2234,1160,2024-03-24,2024-04-07,2024-04-15,40,RETURNED
5976,1275,1587,2023-01-06,2023-01-20,2023-01-15,0,RETURNED
5977,823,1952,2024-12-20,2025-01-03,2025-01-07,20,RETURNED
5978,1822,661,2024-02-29,2024-03-14,2024-03-09,0,RETURNED
5979,530,1223,2025-08-01,2025-08-15,2025-08-11,0,RETURNED
5980,1301,1601,2025-07-15,2025-07-29,2025-07-24,0,RETURNED
5981,143,1004,2025-04-02,2025-04-16,2025-04-23,35,RETURNED
5982,2131,1983,2024-10-21,2024-11-04,2024-11-10,30,RETURNED
5983,2319,1479,2024-09-10,2024-09-24,2024-09-24,0,RETURNED
5984,569,311,2023-07-15,2023-07-29,2023-08-05,35,RETURNED
5985,929,1304,2023-05-18,2023-06-01,2023-05-27,0,RETURNED
5986,729,1284,2025-03-11,2025-03-25,2025-03-27,10,RETURNED
5987,86,1792,2025-03-16,2025-03-30,2025-03-30,0,RETURNED
5988,2138,1490,2023-03-10,2023-03-24,2023-03-21,0,RETURNED
5989,2982,1785,2024-11-14,2024-11-28,,0,ISSUED
5990,1891,1432,2023-11-07,2023-11-21,,0,ISSUED
5991,1362,1547,2025-01-03,2025-01-17,2025-01-14,0,RETURNED
5992,1493,516,2025-03-28,2025-04-11,2025-04-20,45,RETURNED
5993,822,257,2024-11-08,2024-11-22,2024-11-18,0,RETURNED
5994,2109,1016,2023-08-17,2023-08-31,2023-08-31,0,RETURNED
5995,1052,1910,2024-10-03,2024-10-17,2024-10-16,0,RETURNED
5996,2753,146,2025-05-13,2025-05-27,2025-05-22,0,RETURNED
5997,2607,1845,2023-03-12,2023-03-26,,0,ISSUED
5998,213,586,2025-10-25,2025-11-08,2025-11-07,0,RETURNED
5999,373,1919,2024-01-24,2024-02-07,2024-02-08,5,RETURNED
6000,1865,894,2023-07-11,2023-07-25,2023-07-20,0,RETURNED
6001,410,1422,2025-04-09,2025-04-23,2025-05-03,50,RETURNED
6002,777,1839,2025-06-01,2025-06-15,2025-06-25,50,RETURNED
6003,1369,795,2023-08-31,2023-09-14,2023-09-13,0,RETURNED
6004,255,1256,2024-09-02,2024-09-16,2024-09-19,15,RETURNED
6005,2721,1298,2025-10-13,2025-10-27,2025-11-05,45,RETURNED
6006,1075,1922,2024-03-30,2024-04-13,2024-04-21,40,RETURNED
6007,945,357,2025-10-02,2025-10-16,2025-10-17,5,RETURNED
6008,2690,1414,2025-07-23,2025-08-06,2025-08-05,0,RETURNED
6009,2493,576,2023-11-14,2023-11-28,2023-11-26,0,RETURNED
6010,850,1292,2025-03-24,2025-04-07,,0,ISSUED
6011,2593,804,2024-01-22,2024-02-05,2024-02-12,35,RETURNED
6012,1589,926,2023-05-03,2023-05-17,2023-05-20,15,RETURNED
6013,2476,1589,2025-02-23,2025-03-09,2025-03-09,0,RETURNED
6014,1944,1,2025-07-19,2025-08-02,2025-08-01,0,RETURNED
6015,1138,1234,2023-02-21,2023-03-07,2023-03-16,45,RETURNED
6016,1363,331,2023-12-15,2023-12-29,,0,OVERDUE
6017,2219,67,2023-12-31,2024-01-14,2024-01-15,5,RETURNED
6018,1426,1358,2025-09-15,2025-09-29,2025-09-27,0,RETURNED
6019,2630,1117,2023-03-09,2023-03-23,2023-03-29,30,RETURNED
6020,274,935,2025-11-05,2025-11-19,,0,ISSUED
6021,1835,1788,2025-02-27,2025-03-13,,0,ISSUED
6022,57,823,2025-12-03,2025-12-17,2025-12-15,0,RETURNED
6023,444,811,2023-04-04,2023-04-18,2023-04-23,25,RETURNED
6024,509,1824,2025-10-29,2025-11-12,2025-11-11,0,RETURNED
6025,300,631,2023-11-16,2023-11-30,2023-12-09,45,RETURNED
6026,2107,738,2025-05-22,2025-06-05,2025-06-03,0,RETURNED
6027,2155,30,2024-03-29,2024-04-12,,0,OVERDUE
6028,2598,215,2023-05-08,2023-05-22,,0,OVERDUE
6029,2376,1022,2025-02-16,2025-03-02,2025-03-01,0,RETURNED
6030,231,739,2025-04-23,2025-05-07,,0,ISSUED
6031,1430,681,2025-06-19,2025-07-03,2025-07-12,45,RETURNED
6032,116,1426,2023-11-14,2023-11-28,2023-11-30,10,RETURNED
6033,427,1640,2023-09-18,2023-10-02,2023-10-05,15,RETURNED
6034,2590,1505,2024-10-11,2024-10-25,,0,ISSUED
6035,2882,1813,2025-10-16,2025-10-30,2025-10-25,0,RETURNED
6036,2104,1284,2025-12-01,2025-12-15,2025-12-10,0,RETURNED
6037,2415,36,2025-08-13,2025-08-27,2025-08-27,0,RETURNED
6038,168,817,2025-01-29,2025-02-12,2025-02-08,0,RETURNED
6039,2349,1473,2024-07-13,2024-07-27,,0,OVERDUE
6040,1055,1004,2023-11-22,2023-12-06,2023-12-11,25,RETURNED
6041,2271,1276,2023-11-27,2023-12-11,2023-12-21,50,RETURNED
6042,1890,1773,2024-05-22,2024-06-05,2024-06-04,0,RETURNED
6043,108,1187,2025-05-13,2025-05-27,,0,OVERDUE
6044,2875,1060,2024-03-25,2024-04-08,2024-04-12,20,RETURNED
6045,1374,1090,2024-10-25,2024-11-08,2024-11-03,0,RETURNED
6046,863,696,2025-03-06,2025-03-20,,0,ISSUED
6047,814,50,2023-04-09,2023-04-23,,0,ISSUED
6048,2890,893,2025-11-08,2025-11-22,,0,OVERDUE
6049,775,753,2023-07-27,2023-08-10,,0,OVERDUE
6050,2243,771,2024-08-29,2024-09-12,2024-09-13,5,RETURNED
6051,896,1078,2023-02-23,2023-03-09,,0,ISSUED
6052,2732,121,2025-01-10,2025-01-24,2025-01-19,0,RETURNED
6053,1503,1290,2025-12-25,2026-01-08,2026-01-03,0,RETURNED
6054,180,1513,2025-11-28,2025-12-12,2025-12-16,20,RETURNED
6055,2602,1211,2025-08-27,2025-09-10,2025-09-19,45,RETURNED
6056,1493,414,2023-07-20,2023-08-03,2023-08-02,0,RETURNED
6057,2485,769,2024-08-17,2024-08-31,2024-08-26,0,RETURNED
6058,2193,1254,2024-11-28,2024-12-12,2024-12-20,40,RETURNED
6059,725,557,2023-06-14,2023-06-28,2023-07-08,50,RETURNED
6060,894,48,2025-04-16,2025-04-30,,0,OVERDUE
6061,2092,777,2025-04-08,2025-04-22,2025-04-24,10,RETURNED
6062,1499,704,2025-05-31,2025-06-14,2025-06-15,5,RETURNED
6063,159,44,2025-07-12,2025-07-26,2025-07-23,0,RETURNED
6064,808,1914,2024-07-02,2024-07-16,2024-07-13,0,RETURNED
6065,767,1893,2023-02-26,2023-03-12,2023-03-18,30,RETURNED
6066,1679,1488,2024-12-25,2025-01-08,2025-01-17,45,RETURNED
6067,661,1095,2023-08-09,2023-08-23,2023-08-20,0,RETURNED
6068,386,516,2024-09-28,2024-10-12,,0,OVERDUE
6069,1562,539,2023-12-29,2024-01-12,,0,ISSUED
6070,1882,483,2025-11-27,2025-12-11,2025-12-15,20,RETURNED
6071,2566,302,2024-12-29,2025-01-12,2025-01-20,40,RETURNED
6072,649,643,2024-02-15,2024-02-29,,0,ISSUED
6073,1732,497,2025-12-17,2025-12-31,2026-01-07,35,RETURNED
6074,1428,866,2024-10-19,2024-11-02,,0,OVERDUE
6075,307,1459,2025-03-19,2025-04-02,2025-04-12,50,RETURNED
6076,656,1641,2024-07-10,2024-07-24,,0,ISSUED
6077,1556,1301,2023-11-23,2023-12-07,2023-12-11,20,RETURNED
6078,2371,593,2025-07-30,2025-08-13,2025-08-13,0,RETURNED
6079,258,225,2024-06-28,2024-07-12,2024-07-10,0,RETURNED
6080,730,129,2025-01-08,2025-01-22,2025-01-20,0,RETURNED
6081,1678,1426,2023-07-06,2023-07-20,,0,ISSUED
6082,30,1725,2023-01-20,2023-02-03,2023-02-05,10,RETURNED
6083,2699,1347,2024-12-22,2025-01-05,2025-01-12,35,RETURNED
6084,1970,1321,2024-06-01,2024-06-15,,0,OVERDUE
6085,1121,786,2023-07-02,2023-07-16,2023-07-19,15,RETURNED
6086,2216,547,2024-10-11,2024-10-25,,0,OVERDUE
6087,2043,706,2023-11-28,2023-12-12,2023-12-14,10,RETURNED
6088,2318,368,2025-04-18,2025-05-02,2025-05-11,45,RETURNED
6089,2870,1870,2024-03-28,2024-04-11,2024-04-06,0,RETURNED
6090,972,680,2024-04-20,2024-05-04,,0,OVERDUE
6091,2780,728,2025-09-12,2025-09-26,2025-09-24,0,RETURNED
6092,386,833,2024-07-19,2024-08-02,2024-07-28,0,RETURNED
6093,10,978,2025-01-29,2025-02-12,2025-02-15,15,RETURNED
6094,2126,517,2025-12-11,2025-12-25,2025-12-21,0,RETURNED
6095,1667,1561,2023-04-01,2023-04-15,2023-04-18,15,RETURNED
6096,876,457,2023-09-01,2023-09-15,2023-09-20,25,RETURNED
6097,594,1503,2025-03-10,2025-03-24,2025-03-19,0,RETURNED
6098,2962,1171,2025-05-31,2025-06-14,2025-06-11,0,RETURNED
6099,105,292,2023-12-14,2023-12-28,2024-01-06,45,RETURNED
6100,1179,1636,2023-04-24,2023-05-08,2023-05-09,5,RETURNED
6101,410,804,2024-11-04,2024-11-18,2024-11-13,0,RETURNED
6102,2737,1586,2023-11-23,2023-12-07,2023-12-09,10,RETURNED
6103,1279,1940,2024-07-30,2024-08-13,2024-08-22,45,RETURNED
6104,2552,114,2025-08-15,2025-08-29,2025-08-24,0,RETURNED
6105,2756,1160,2024-09-24,2024-10-08,2024-10-10,10,RETURNED
6106,1040,737,2024-09-02,2024-09-16,2024-09-19,15,RETURNED
6107,2198,595,2023-02-03,2023-02-17,2023-02-14,0,RETURNED
6108,1862,500,2025-07-05,2025-07-19,2025-07-28,45,RETURNED
6109,707,726,2024-02-23,2024-03-08,2024-03-08,0,RETURNED
6110,774,510,2024-12-27,2025-01-10,2025-01-12,10,RETURNED
6111,254,1922,2024-10-25,2024-11-08,2024-11-08,0,RETURNED
6112,1210,1544,2023-05-09,2023-05-23,,0,OVERDUE
6113,561,140,2023-02-19,2023-03-05,2023-03-02,0,RETURNED
6114,2854,1432,2025-06-28,2025-07-12,2025-07-21,45,RETURNED
6115,1005,1482,2023-12-28,2024-01-11,2024-01-15,20,RETURNED
6116,1732,1034,2023-07-13,2023-07-27,2023-07-31,20,RETURNED
6117,351,1250,2025-11-29,2025-12-13,2025-12-11,0,RETURNED
6118,139,707,2023-11-13,2023-11-27,2023-12-05,40,RETURNED
6119,2891,1795,2023-06-27,2023-07-11,2023-07-06,0,RETURNED
6120,1472,378,2024-05-02,2024-05-16,2024-05-24,40,RETURNED
6121,1295,422,2025-07-07,2025-07-21,2025-07-28,35,RETURNED
6122,2706,1542,2024-08-25,2024-09-08,2024-09-05,0,RETURNED
6123,1017,1052,2025-11-03,2025-11-17,2025-11-13,0,RETURNED
6124,1324,1776,2024-01-02,2024-01-16,,0,OVERDUE
6125,888,376,2024-08-31,2024-09-14,,0,ISSUED
6126,699,635,2023-10-31,2023-11-14,2023-11-22,40,RETURNED
6127,2153,196,2025-05-11,2025-05-25,,0,OVERDUE
6128,2282,1194,2024-11-16,2024-11-30,,0,OVERDUE
6129,75,832,2024-03-08,2024-03-22,2024-03-24,10,RETURNED
6130,204,762,2023-09-24,2023-10-08,2023-10-12,20,RETURNED
6131,1242,1782,2025-08-31,2025-09-14,2025-09-10,0,RETURNED
6132,1495,1646,2025-12-20,2026-01-03,,0,ISSUED
6133,1435,103,2024-10-15,2024-10-29,2024-11-07,45,RETURNED
6134,2271,120,2025-10-24,2025-11-07,2025-11-03,0,RETURNED
6135,2800,1515,2023-07-28,2023-08-11,,0,OVERDUE
6136,2695,158,2023-03-12,2023-03-26,2023-03-25,0,RETURNED
6137,1899,1308,2025-05-01,2025-05-15,2025-05-23,40,RETURNED
6138,122,262,2023-06-30,2023-07-14,2023-07-19,25,RETURNED
6139,2552,476,2025-12-19,2026-01-02,2025-12-29,0,RETURNED
6140,618,1972,2023-11-21,2023-12-05,2023-12-08,15,RETURNED
6141,1045,712,2024-05-17,2024-05-31,2024-06-04,20,RETURNED
6142,2165,897,2023-03-25,2023-04-08,2023-04-03,0,RETURNED
6143,1564,783,2025-01-14,2025-01-28,,0,ISSUED
6144,937,770,2025-09-30,2025-10-14,,0,ISSUED
6145,2609,1367,2024-01-26,2024-02-09,2024-02-14,25,RETURNED
6146,977,1546,2025-04-17,2025-05-01,,0,ISSUED
6147,1542,1338,2024-12-05,2024-12-19,2024-12-29,50,RETURNED
6148,202,1163,2023-05-29,2023-06-12,2023-06-13,5,RETURNED
6149,257,882,2024-03-28,2024-04-11,,0,ISSUED
6150,1501,621,2024-01-24,2024-02-07,2024-02-12,25,RETURNED
6151,1576,1082,2024-04-12,2024-04-26,2024-05-06,50,RETURNED
6152,1692,327,2024-08-30,2024-09-13,2024-09-13,0,RETURNED
6153,1078,1637,2023-04-28,2023-05-12,,0,ISSUED
6154,2494,93,2024-03-12,2024-03-26,2024-03-28,10,RETURNED
6155,841,865,2023-02-22,2023-03-08,,0,ISSUED
6156,774,487,2023-02-06,2023-02-20,2023-02-23,15,RETURNED
6157,948,575,2023-03-06,2023-03-20,2023-03-24,20,RETURNED
6158,698,907,2024-08-07,2024-08-21,2024-08-19,0,RETURNED
6159,2930,1429,2024-12-10,2024-12-24,,0,ISSUED
6160,637,544,2024-12-31,2025-01-14,2025-01-17,15,RETURNED
6161,1056,897,2024-09-10,2024-09-24,2024-09-24,0,RETURNED
6162,1940,151,2023-12-13,2023-12-27,2024-01-05,45,RETURNED
6163,608,1304,2024-02-13,2024-02-27,2024-03-07,45,RETURNED
6164,2451,411,2024-06-16,2024-06-30,2024-06-28,0,RETURNED
6165,1343,1016,2023-07-02,2023-07-16,,0,ISSUED
6166,2968,1770,2024-01-27,2024-02-10,2024-02-15,25,RETURNED
6167,1644,249,2024-05-26,2024-06-09,,0,ISSUED
6168,2805,1056,2025-01-29,2025-02-12,2025-02-18,30,RETURNED
6169,18,1051,2023-12-27,2024-01-10,2024-01-08,0,RETURNED
6170,385,725,2025-09-12,2025-09-26,2025-10-04,40,RETURNED
6171,1359,1838,2024-06-13,2024-06-27,2024-07-06,45,RETURNED
6172,1525,261,2023-09-29,2023-10-13,2023-10-20,35,RETURNED
6173,2491,534,2025-11-15,2025-11-29,2025-12-02,15,RETURNED
6174,248,1370,2024-05-04,2024-05-18,2024-05-21,15,RETURNED
6175,1074,708,2023-08-12,2023-08-26,,0,ISSUED
6176,1640,554,2024-09-15,2024-09-29,2024-09-24,0,RETURNED
6177,1081,841,2023-06-07,2023-06-21,2023-06-19,0,RETURNED
6178,220,1345,2024-05-23,2024-06-06,2024-06-07,5,RETURNED
6179,2350,245,2025-07-24,2025-08-07,2025-08-04,0,RETURNED
6180,1707,1818,2023-10-23,2023-11-06,2023-11-15,45,RETURNED
6181,1650,591,2024-08-03,2024-08-17,2024-08-12,0,RETURNED
6182,1226,1351,2024-05-18,2024-06-01,2024-06-07,30,RETURNED
6183,598,1350,2024-01-11,2024-01-25,2024-01-27,10,RETURNED
6184,765,734,2023-01-08,2023-01-22,2023-02-01,50,RETURNED
6185,2494,342,2023-12-22,2024-01-05,2024-01-11,30,RETURNED
6186,1817,373,2023-06-01,2023-06-15,,0,OVERDUE
6187,644,1236,2025-05-05,2025-05-19,2025-05-27,40,RETURNED
6188,252,270,2025-10-29,2025-11-12,2025-11-07,0,RETURNED
6189,689,426,2025-12-10,2025-12-24,2025-12-20,0,RETURNED
6190,1678,243,2024-10-20,2024-11-03,,0,OVERDUE
6191,992,1995,2025-06-12,2025-06-26,2025-07-02,30,RETURNED
6192,1338,1561,2023-10-09,2023-10-23,2023-10-31,40,RETURNED
6193,2529,946,2023-01-05,2023-01-19,2023-01-19,0,RETURNED
6194,460,150,2024-02-03,2024-02-17,2024-02-20,15,RETURNED
6195,1781,1606,2025-09-23,2025-10-07,2025-10-10,15,RETURNED
6196,1935,519,2024-05-24,2024-06-07,2024-06-04,0,RETURNED
6197,1865,64,2023-08-21,2023-09-04,,0,OVERDUE
6198,1570,546,2025-10-04,2025-10-18,2025-10-27,45,RETURNED
6199,1246,513,2025-10-04,2025-10-18,2025-10-24,30,RETURNED
6200,1632,598,2023-03-07,2023-03-21,2023-03-31,50,RETURNED
6201,2200,537,2025-02-17,2025-03-03,2025-03-09,30,RETURNED
6202,193,367,2024-01-19,2024-02-02,2024-02-04,10,RETURNED
6203,125,834,2025-10-10,2025-10-24,2025-10-25,5,RETURNED
6204,2918,1861,2024-07-30,2024-08-13,2024-08-10,0,RETURNED
6205,1052,1316,2024-12-30,2025-01-13,2025-01-19,30,RETURNED
6206,1501,48,2024-09-10,2024-09-24,,0,OVERDUE
6207,1541,1652,2025-09-28,2025-10-12,2025-10-19,35,RETURNED
6208,2799,1305,2023-07-10,2023-07-24,2023-07-23,0,RETURNED
6209,2771,1768,2024-10-10,2024-10-24,2024-10-22,0,RETURNED
6210,407,416,2024-12-31,2025-01-14,2025-01-24,50,RETURNED
6211,2601,142,2024-10-12,2024-10-26,2024-10-31,25,RETURNED
6212,2710,438,2023-04-17,2023-05-01,2023-05-03,10,RETURNED
6213,2786,1971,2025-06-02,2025-06-16,2025-06-14,0,RETURNED
6214,2975,499,2024-11-13,2024-11-27,,0,ISSUED
6215,15,1201,2023-07-10,2023-07-24,2023-08-01,40,RETURNED
6216,67,726,2025-03-15,2025-03-29,2025-03-29,0,RETURNED
6217,2904,178,2023-04-25,2023-05-09,2023-05-11,10,RETURNED
6218,2255,1652,2023-07-10,2023-07-24,2023-07-30,30,RETURNED
6219,2038,470,2023-02-22,2023-03-08,2023-03-09,5,RETURNED
6220,2171,834,2024-09-11,2024-09-25,2024-09-26,5,RETURNED
6221,529,1052,2025-05-14,2025-05-28,2025-05-31,15,RETURNED
6222,2543,1299,2025-09-06,2025-09-20,2025-09-27,35,RETURNED
6223,472,100,2024-03-18,2024-04-01,2024-04-10,45,RETURNED
6224,573,1468,2024-07-04,2024-07-18,2024-07-16,0,RETURNED
6225,2248,74,2023-06-01,2023-06-15,2023-06-10,0,RETURNED
6226,1552,536,2023-11-22,2023-12-06,,0,ISSUED
6227,650,527,2024-05-30,2024-06-13,2024-06-16,15,RETURNED
6228,320,1129,2023-03-31,2023-04-14,2023-04-13,0,RETURNED
6229,2529,553,2024-08-27,2024-09-10,2024-09-09,0,RETURNED
6230,1194,20,2025-06-21,2025-07-05,2025-07-09,20,RETURNED
6231,2566,1073,2025-02-09,2025-02-23,2025-02-18,0,RETURNED
6232,928,48,2023-12-26,2024-01-09,2024-01-07,0,RETURNED
6233,2268,791,2023-02-03,2023-02-17,2023-02-20,15,RETURNED
6234,1354,277,2023-05-03,2023-05-17,,0,OVERDUE
6235,1945,1478,2023-01-31,2023-02-14,2023-02-11,0,RETURNED
6236,2036,1673,2023-04-20,2023-05-04,2023-05-06,10,RETURNED
6237,542,711,2025-06-09,2025-06-23,2025-07-03,50,RETURNED
6238,1067,425,2023-10-11,2023-10-25,2023-11-03,45,RETURNED
6239,972,1167,2024-06-26,2024-07-10,2024-07-15,25,RETURNED
6240,1150,903,2025-05-10,2025-05-24,2025-05-20,0,RETURNED
6241,672,1378,2025-12-20,2026-01-03,2026-01-05,10,RETURNED
6242,2493,1170,2025-08-26,2025-09-09,2025-09-08,0,RETURNED
6243,1492,1241,2023-11-17,2023-12-01,2023-12-04,15,RETURNED
6244,1290,1190,2023-10-04,2023-10-18,2023-10-20,10,RETURNED
6245,485,1056,2025-10-26,2025-11-09,2025-11-08,0,RETURNED
6246,1039,265,2023-11-27,2023-12-11,2023-12-07,0,RETURNED
6247,2785,859,2024-02-27,2024-03-12,2024-03-08,0,RETURNED
6248,2979,1622,2025-02-28,2025-03-14,2025-03-15,5,RETURNED
6249,720,1905,2025-03-07,2025-03-21,,0,ISSUED
6250,2876,1569,2024-01-29,2024-02-12,2024-02-15,15,RETURNED
6251,2253,1274,2025-08-26,2025-09-09,2025-09-18,45,RETURNED
6252,2152,959,2025-06-11,2025-06-25,2025-06-27,10,RETURNED
6253,2982,1459,2023-04-06,2023-04-20,,0,ISSUED
6254,2441,723,2024-12-09,2024-12-23,2024-12-21,0,RETURNED
6255,959,305,2024-03-24,2024-04-07,2024-04-12,25,RETURNED
6256,2902,1844,2025-03-17,2025-03-31,2025-03-31,0,RETURNED
6257,2387,1521,2025-02-01,2025-02-15,2025-02-13,0,RETURNED
6258,727,437,2024-02-14,2024-02-28,2024-03-05,30,RETURNED
6259,1008,1721,2023-11-20,2023-12-04,2023-11-30,0,RETURNED
6260,939,1341,2024-03-07,2024-03-21,2024-03-20,0,RETURNED
6261,2843,1122,2023-09-01,2023-09-15,2023-09-18,15,RETURNED
6262,635,66,2024-12-25,2025-01-08,2025-01-12,20,RETURNED
6263,245,709,2024-10-21,2024-11-04,2024-10-31,0,RETURNED
6264,1200,1642,2024-01-30,2024-02-13,2024-02-19,30,RETURNED
6265,1371,1751,2024-07-17,2024-07-31,,0,OVERDUE
6266,2466,256,2025-06-20,2025-07-04,,0,ISSUED
6267,2667,1957,2023-04-15,2023-04-29,2023-05-03,20,RETURNED
6268,1879,974,2024-11-28,2024-12-12,2024-12-22,50,RETURNED
6269,2904,314,2023-03-23,2023-04-06,,0,ISSUED
6270,2854,29,2025-12-05,2025-12-19,2025-12-24,25,RETURNED
6271,2623,851,2025-06-06,2025-06-20,2025-06-20,0,RETURNED
6272,906,1918,2025-08-29,2025-09-12,2025-09-09,0,RETURNED
6273,470,1061,2024-03-06,2024-03-20,,0,OVERDUE
6274,2410,1241,2023-06-12,2023-06-26,2023-06-26,0,RETURNED
6275,628,129,2023-10-04,2023-10-18,2023-10-23,25,RETURNED
6276,1418,196,2025-07-21,2025-08-04,2025-08-10,30,RETURNED
6277,1002,1179,2024-09-06,2024-09-20,2024-09-23,15,RETURNED
6278,1546,288,2025-04-29,2025-05-13,2025-05-22,45,RETURNED
6279,1373,605,2023-10-22,2023-11-05,2023-11-11,30,RETURNED
6280,219,993,2024-01-27,2024-02-10,2024-02-18,40,RETURNED
6281,2946,1499,2024-10-20,2024-11-03,2024-11-09,30,RETURNED
6282,2835,1976,2025-06-24,2025-07-08,,0,OVERDUE
6283,1905,1617,2023-10-12,2023-10-26,2023-10-29,15,RETURNED
6284,1877,1212,2023-06-07,2023-06-21,,0,OVERDUE
6285,2808,280,2023-05-14,2023-05-28,2023-05-30,10,RETURNED
6286,2740,1291,2024-09-01,2024-09-15,,0,OVERDUE
6287,460,731,2024-05-05,2024-05-19,2024-05-25,30,RETURNED
6288,2888,538,2023-12-30,2024-01-13,2024-01-08,0,RETURNED
6289,1897,1131,2023-08-23,2023-09-06,2023-09-12,30,RETURNED
6290,2038,387,2023-06-08,2023-06-22,2023-06-18,0,RETURNED
6291,549,216,2024-04-17,2024-05-01,,0,OVERDUE
6292,736,1908,2024-10-11,2024-10-25,2024-10-28,15,RETURNED
6293,1866,752,2025-07-20,2025-08-03,2025-08-09,30,RETURNED
6294,52,1023,2025-01-26,2025-02-09,2025-02-18,45,RETURNED
6295,2260,1707,2025-12-01,2025-12-15,2025-12-16,5,RETURNED
6296,354,1451,2025-03-06,2025-03-20,2025-03-29,45,RETURNED
6297,2071,220,2023-12-08,2023-12-22,2023-12-30,40,RETURNED
6298,1906,385,2024-04-07,2024-04-21,2024-04-17,0,RETURNED
6299,2338,409,2023-05-05,2023-05-19,2023-05-25,30,RETURNED
6300,2707,54,2025-02-12,2025-02-26,2025-02-28,10,RETURNED
6301,2677,420,2025-02-09,2025-02-23,2025-02-24,5,RETURNED
6302,2890,394,2024-02-19,2024-03-04,2024-02-29,0,RETURNED
6303,1627,820,2024-03-08,2024-03-22,,0,ISSUED
6304,804,384,2025-04-03,2025-04-17,2025-04-18,5,RETURNED
6305,672,1128,2023-08-24,2023-09-07,2023-09-14,35,RETURNED
6306,2649,519,2025-05-27,2025-06-10,2025-06-09,0,RETURNED
6307,1529,293,2025-06-25,2025-07-09,2025-07-11,10,RETURNED
6308,2534,599,2023-09-20,2023-10-04,2023-10-05,5,RETURNED
6309,1593,948,2025-03-04,2025-03-18,2025-03-16,0,RETURNED
6310,1898,1869,2025-05-15,2025-05-29,2025-05-29,0,RETURNED
6311,1332,572,2023-05-04,2023-05-18,2023-05-26,40,RETURNED
6312,1926,1826,2023-08-04,2023-08-18,2023-08-28,50,RETURNED
6313,1544,1928,2024-03-07,2024-03-21,2024-03-17,0,RETURNED
6314,1150,117,2023-11-06,2023-11-20,2023-11-28,40,RETURNED
6315,175,755,2023-11-16,2023-11-30,2023-12-03,15,RETURNED
6316,650,1043,2025-10-23,2025-11-06,,0,OVERDUE
6317,372,1262,2024-07-29,2024-08-12,,0,ISSUED
6318,1615,731,2023-02-09,2023-02-23,2023-02-23,0,RETURNED
6319,2278,635,2025-08-15,2025-08-29,,0,OVERDUE
6320,2623,1189,2023-01-11,2023-01-25,2023-01-20,0,RETURNED
6321,2817,526,2023-06-13,2023-06-27,,0,OVERDUE
6322,2490,691,2024-10-28,2024-11-11,2024-11-20,45,RETURNED
6323,2598,536,2025-02-18,2025-03-04,2025-03-11,35,RETURNED
6324,1018,1552,2024-08-30,2024-09-13,2024-09-18,25,RETURNED
6325,2389,1327,2023-12-03,2023-12-17,2023-12-20,15,RETURNED
6326,2054,994,2025-04-27,2025-05-11,2025-05-19,40,RETURNED
6327,1596,510,2025-12-29,2026-01-12,,0,ISSUED
6328,2573,425,2024-06-16,2024-06-30,2024-07-09,45,RETURNED
6329,2432,1056,2024-11-18,2024-12-02,,0,OVERDUE
6330,2902,180,2024-07-06,2024-07-20,,0,OVERDUE
6331,2019,294,2023-10-09,2023-10-23,,0,OVERDUE
6332,1432,1827,2025-07-31,2025-08-14,2025-08-23,45,RETURNED
6333,913,28,2023-08-26,2023-09-09,2023-09-05,0,RETURNED
6334,2959,992,2023-12-15,2023-12-29,2023-12-25,0,RETURNED
6335,1064,672,2025-08-25,2025-09-08,2025-09-04,0,RETURNED
6336,2447,1899,2025-10-31,2025-11-14,2025-11-20,30,RETURNED
6337,630,533,2023-09-28,2023-10-12,,0,ISSUED
6338,1102,1325,2024-10-26,2024-11-09,2024-11-05,0,RETURNED
6339,1348,1869,2023-08-25,2023-09-08,,0,ISSUED
6340,1532,442,2025-01-10,2025-01-24,,0,OVERDUE
6341,2702,1090,2025-12-03,2025-12-17,2025-12-20,15,RETURNED
6342,1433,355,2025-11-18,2025-12-02,2025-12-11,45,RETURNED
6343,2261,1091,2024-02-06,2024-02-20,2024-02-22,10,RETURNED
6344,607,1393,2023-06-03,2023-06-17,2023-06-17,0,RETURNED
6345,1588,117,2024-06-17,2024-07-01,2024-07-08,35,RETURNED
6346,674,1083,2025-11-23,2025-12-07,2025-12-06,0,RETURNED
6347,899,1944,2023-10-18,2023-11-01,,0,OVERDUE
6348,2875,892,2023-01-02,2023-01-16,2023-01-19,15,RETURNED
6349,2752,719,2024-01-22,2024-02-05,2024-02-05,0,RETURNED
6350,2297,975,2024-06-29,2024-07-13,2024-07-21,40,RETURNED
6351,2456,387,2024-02-13,2024-02-27,,0,ISSUED
6352,507,1582,2025-05-31,2025-06-14,,0,OVERDUE
6353,706,947,2025-07-13,2025-07-27,2025-08-05,45,RETURNED
6354,2569,1803,2023-02-13,2023-02-27,2023-02-22,0,RETURNED
6355,2512,736,2025-06-14,2025-06-28,2025-06-23,0,RETURNED
6356,2005,184,2024-12-05,2024-12-19,,0,OVERDUE
6357,800,463,2024-04-02,2024-04-16,2024-04-17,5,RETURNED
6358,2777,283,2024-09-28,2024-10-12,2024-10-22,50,RETURNED
6359,2919,1725,2025-08-22,2025-09-05,,0,OVERDUE
6360,833,1303,2023-08-22,2023-09-05,2023-09-05,0,RETURNED
6361,888,396,2025-09-27,2025-10-11,,0,ISSUED
6362,1623,84,2023-05-04,2023-05-18,2023-05-17,0,RETURNED
6363,660,1406,2024-01-26,2024-02-09,2024-02-06,0,RETURNED
6364,491,1351,2025-07-05,2025-07-19,2025-07-16,0,RETURNED
6365,2204,1775,2023-09-03,2023-09-17,2023-09-25,40,RETURNED
6366,2279,1719,2023-11-07,2023-11-21,2023-11-25,20,RETURNED
6367,2783,628,2025-09-28,2025-10-12,2025-10-20,40,RETURNED
6368,565,1132,2023-02-15,2023-03-01,2023-03-01,0,RETURNED
6369,2568,1522,2025-05-22,2025-06-05,2025-06-10,25,RETURNED
6370,279,1998,2025-06-18,2025-07-02,2025-07-08,30,RETURNED
6371,1033,103,2024-06-09,2024-06-23,2024-07-02,45,RETURNED
6372,2708,196,2025-03-02,2025-03-16,2025-03-20,20,RETURNED
6373,1497,1811,2025-06-16,2025-06-30,2025-07-01,5,RETURNED
6374,603,820,2025-08-07,2025-08-21,2025-08-16,0,RETURNED
6375,1032,1442,2023-08-26,2023-09-09,2023-09-12,15,RETURNED
6376,542,168,2023-04-01,2023-04-15,2023-04-12,0,RETURNED
6377,2269,957,2024-12-13,2024-12-27,2025-01-02,30,RETURNED
6378,2089,346,2024-06-09,2024-06-23,2024-06-20,0,RETURNED
6379,601,1256,2025-12-28,2026-01-11,2026-01-18,35,RETURNED
6380,2369,362,2023-05-28,2023-06-11,,0,ISSUED
6381,118,1598,2025-03-15,2025-03-29,,0,ISSUED
6382,2361,1376,2024-08-05,2024-08-19,2024-08-25,30,RETURNED
6383,1407,955,2024-08-22,2024-09-05,2024-09-05,0,RETURNED
6384,2393,4,2023-09-19,2023-10-03,2023-10-02,0,RETURNED
6385,2139,1783,2025-06-02,2025-06-16,2025-06-11,0,RETURNED
6386,2578,1272,2024-09-07,2024-09-21,,0,ISSUED
6387,683,1642,2025-11-25,2025-12-09,,0,OVERDUE
6388,922,1497,2024-05-13,2024-05-27,2024-05-29,10,RETURNED
6389,1148,1029,2023-09-06,2023-09-20,2023-09-26,30,RETURNED
6390,1031,209,2025-01-01,2025-01-15,,0,OVERDUE
6391,519,1713,2023-08-09,2023-08-23,2023-08-22,0,RETURNED
6392,414,454,2025-02-07,2025-02-21,2025-03-02,45,RETURNED
6393,2726,942,2024-11-29,2024-12-13,2024-12-18,25,RETURNED
6394,1019,1244,2024-08-17,2024-08-31,2024-09-06,30,RETURNED
6395,1797,763,2025-12-14,2025-12-28,,0,OVERDUE
6396,699,581,2025-08-16,2025-08-30,,0,ISSUED
6397,2011,1645,2023-01-16,2023-01-30,2023-02-05,30,RETURNED
6398,13,1188,2024-05-07,2024-05-21,2024-05-19,0,RETURNED
6399,894,1706,2024-05-31,2024-06-14,2024-06-24,50,RETURNED
6400,37,1611,2023-11-27,2023-12-11,2023-12-18,35,RETURNED
6401,1298,333,2023-07-01,2023-07-15,,0,ISSUED
6402,1694,451,2024-12-05,2024-12-19,2024-12-24,25,RETURNED
6403,235,1258,2024-02-25,2024-03-10,2024-03-17,35,RETURNED
6404,624,1944,2023-09-02,2023-09-16,2023-09-19,15,RETURNED
6405,930,896,2024-04-28,2024-05-12,,0,ISSUED
6406,1590,838,2023-12-17,2023-12-31,2023-12-29,0,RETURNED
6407,2840,19,2025-05-08,2025-05-22,,0,ISSUED
6408,509,1455,2025-12-14,2025-12-28,,0,ISSUED
6409,67,449,2024-05-16,2024-05-30,2024-05-28,0,RETURNED
6410,573,389,2025-09-28,2025-10-12,2025-10-10,0,RETURNED
6411,2878,875,2025-12-26,2026-01-09,2026-01-07,0,RETURNED
6412,331,82,2025-07-02,2025-07-16,2025-07-18,10,RETURNED
6413,1119,427,2024-04-24,2024-05-08,2024-05-13,25,RETURNED
6414,2927,453,2024-01-05,2024-01-19,2024-01-14,0,RETURNED
6415,2282,1997,2023-09-01,2023-09-15,2023-09-24,45,RETURNED
6416,86,1336,2024-03-08,2024-03-22,2024-03-30,40,RETURNED
6417,646,481,2025-07-13,2025-07-27,2025-08-01,25,RETURNED
6418,888,1860,2024-09-18,2024-10-02,2024-10-09,35,RETURNED
6419,660,1442,2025-11-30,2025-12-14,2025-12-12,0,RETURNED
6420,1888,1892,2025-02-27,2025-03-13,2025-03-08,0,RETURNED
6421,1986,208,2024-02-08,2024-02-22,2024-02-27,25,RETURNED
6422,97,264,2025-11-07,2025-11-21,2025-11-24,15,RETURNED
6423,2167,503,2025-08-25,2025-09-08,2025-09-16,40,RETURNED
6424,526,1521,2023-11-23,2023-12-07,2023-12-07,0,RETURNED
6425,1838,767,2025-12-15,2025-12-29,,0,ISSUED
6426,1010,463,2023-11-30,2023-12-14,2023-12-09,0,RETURNED
6427,2063,312,2023-04-29,2023-05-13,,0,ISSUED
6428,2010,1102,2025-08-09,2025-08-23,,0,OVERDUE
6429,1267,482,2023-10-03,2023-10-17,2023-10-13,0,RETURNED
6430,1788,674,2023-05-05,2023-05-19,2023-05-17,0,RETURNED
6431,2517,1959,2025-10-29,2025-11-12,2025-11-20,40,RETURNED
6432,1191,177,2023-07-28,2023-08-11,2023-08-09,0,RETURNED
6433,794,1285,2025-10-11,2025-10-25,2025-10-21,0,RETURNED
6434,791,131,2023-12-31,2024-01-14,2024-01-21,35,RETURNED
6435,2045,1182,2024-06-17,2024-07-01,,0,OVERDUE
6436,2952,1723,2023-04-19,2023-05-03,2023-05-02,0,RETURNED
6437,2810,1554,2024-09-19,2024-10-03,2024-10-03,0,RETURNED
6438,2997,1010,2023-01-27,2023-02-10,2023-02-07,0,RETURNED
6439,279,701,2023-05-18,2023-06-01,2023-05-31,0,RETURNED
6440,2163,1374,2023-12-17,2023-12-31,,0,OVERDUE
6441,1815,830,2025-07-11,2025-07-25,,0,OVERDUE
6442,1330,2,2024-12-01,2024-12-15,,0,ISSUED
6443,1579,1469,2023-02-26,2023-03-12,,0,OVERDUE
6444,2009,1931,2025-05-09,2025-05-23,2025-05-28,25,RETURNED
6445,480,630,2023-06-18,2023-07-02,2023-06-28,0,RETURNED
6446,1109,629,2024-12-21,2025-01-04,2025-01-06,10,RETURNED
6447,2077,1886,2025-01-26,2025-02-09,,0,ISSUED
6448,279,645,2024-06-29,2024-07-13,2024-07-20,35,RETURNED
6449,1828,1548,2025-07-29,2025-08-12,2025-08-15,15,RETURNED
6450,658,1505,2023-03-06,2023-03-20,,0,OVERDUE
6451,2241,1923,2024-09-25,2024-10-09,2024-10-13,20,RETURNED
6452,2439,521,2023-10-26,2023-11-09,2023-11-19,50,RETURNED
6453,2259,1400,2025-05-14,2025-05-28,2025-06-02,25,RETURNED
6454,1798,1592,2025-09-12,2025-09-26,2025-10-03,35,RETURNED
6455,436,1162,2024-12-16,2024-12-30,2025-01-06,35,RETURNED
6456,262,210,2023-06-30,2023-07-14,2023-07-18,20,RETURNED
6457,1877,262,2025-10-13,2025-10-27,2025-11-04,40,RETURNED
6458,441,121,2025-06-29,2025-07-13,,0,ISSUED
6459,1982,449,2024-05-21,2024-06-04,2024-06-02,0,RETURNED
6460,355,626,2024-03-02,2024-03-16,2024-03-14,0,RETURNED
6461,467,179,2023-08-31,2023-09-14,2023-09-16,10,RETURNED
6462,773,989,2023-05-03,2023-05-17,2023-05-21,20,RETURNED
6463,243,1734,2025-02-18,2025-03-04,2025-03-06,10,RETURNED
6464,727,1687,2024-03-14,2024-03-28,2024-04-01,20,RETURNED
6465,1327,769,2025-08-19,2025-09-02,2025-09-06,20,RETURNED
6466,1221,719,2025-04-18,2025-05-02,2025-05-09,35,RETURNED
6467,1377,1105,2025-11-06,2025-11-20,,0,ISSUED
6468,2668,929,2025-11-22,2025-12-06,2025-12-15,45,RETURNED
6469,1501,1150,2023-04-08,2023-04-22,,0,ISSUED
6470,1712,1253,2023-04-25,2023-05-09,2023-05-08,0,RETURNED
6471,2105,102,2023-09-28,2023-10-12,2023-10-08,0,RETURNED
6472,780,224,2025-04-19,2025-05-03,2025-04-28,0,RETURNED
6473,755,390,2023-10-11,2023-10-25,2023-10-29,20,RETURNED
6474,2955,423,2024-07-16,2024-07-30,2024-07-27,0,RETURNED
6475,802,1439,2023-11-07,2023-11-21,2023-11-19,0,RETURNED
6476,852,1662,2025-05-29,2025-06-12,,0,ISSUED
6477,524,1308,2024-03-27,2024-04-10,2024-04-12,10,RETURNED
6478,2178,987,2023-10-19,2023-11-02,,0,ISSUED
6479,1920,781,2023-04-16,2023-04-30,2023-05-06,30,RETURNED
6480,2337,900,2024-03-12,2024-03-26,2024-04-01,30,RETURNED
6481,1336,1930,2024-06-20,2024-07-04,2024-06-30,0,RETURNED
6482,2430,1629,2024-01-09,2024-01-23,2024-01-20,0,RETURNED
6483,2786,1770,2025-06-05,2025-06-19,,0,OVERDUE
6484,2186,1676,2024-04-27,2024-05-11,2024-05-10,0,RETURNED
6485,2248,841,2024-03-15,2024-03-29,2024-03-30,5,RETURNED
6486,1594,135,2024-02-07,2024-02-21,2024-02-20,0,RETURNED
6487,1738,192,2025-04-23,2025-05-07,2025-05-02,0,RETURNED
6488,599,1778,2024-06-07,2024-06-21,2024-06-21,0,RETURNED
6489,1168,69,2024-04-18,2024-05-02,,0,OVERDUE
6490,1119,1178,2023-04-30,2023-05-14,2023-05-22,40,RETURNED
6491,590,250,2024-02-04,2024-02-18,2024-02-24,30,RETURNED
6492,2723,518,2025-11-07,2025-11-21,2025-11-26,25,RETURNED
6493,327,1305,2025-05-20,2025-06-03,2025-06-10,35,RETURNED
6494,2227,57,2024-12-17,2024-12-31,,0,OVERDUE
6495,597,1818,2025-09-25,2025-10-09,2025-10-08,0,RETURNED
6496,1308,38,2024-12-12,2024-12-26,2024-12-29,15,RETURNED
6497,428,1143,2024-10-03,2024-10-17,2024-10-24,35,RETURNED
6498,1413,1906,2023-07-27,2023-08-10,2023-08-10,0,RETURNED
6499,1355,694,2024-12-04,2024-12-18,2024-12-20,10,RETURNED
6500,2700,1149,2024-11-30,2024-12-14,2024-12-20,30,RETURNED
6501,2391,703,2024-03-21,2024-04-04,2024-04-04,0,RETURNED
6502,1325,1088,2025-08-18,2025-09-01,2025-08-28,0,RETURNED
6503,1512,1372,2024-12-30,2025-01-13,2025-01-20,35,RETURNED
6504,1521,1829,2025-01-24,2025-02-07,2025-02-04,0,RETURNED
6505,2504,560,2024-04-15,2024-04-29,,0,ISSUED
6506,2942,1147,2023-08-30,2023-09-13,2023-09-19,30,RETURNED
6507,2274,1146,2024-09-24,2024-10-08,2024-10-12,20,RETURNED
6508,1833,1162,2025-11-04,2025-11-18,,0,OVERDUE
6509,44,1053,2024-05-05,2024-05-19,2024-05-16,0,RETURNED
6510,1891,756,2023-11-19,2023-12-03,,0,OVERDUE
6511,413,411,2025-04-06,2025-04-20,,0,ISSUED
6512,1008,1228,2023-07-07,2023-07-21,,0,OVERDUE
6513,512,552,2023-09-27,2023-10-11,,0,OVERDUE
6514,415,580,2023-05-21,2023-06-04,2023-06-11,35,RETURNED
6515,982,905,2024-03-09,2024-03-23,2024-03-31,40,RETURNED
6516,116,1121,2024-05-28,2024-06-11,2024-06-20,45,RETURNED
6517,2381,1251,2025-07-18,2025-08-01,2025-08-09,40,RETURNED
6518,830,580,2024-11-08,2024-11-22,2024-11-28,30,RETURNED
6519,2097,1493,2023-06-04,2023-06-18,2023-06-23,25,RETURNED
6520,1084,1625,2023-06-26,2023-07-10,,0,ISSUED
6521,556,1885,2025-05-29,2025-06-12,,0,ISSUED
6522,1738,354,2024-03-04,2024-03-18,2024-03-21,15,RETURNED
6523,1994,1715,2024-03-25,2024-04-08,,0,ISSUED
6524,637,1927,2023-01-26,2023-02-09,2023-02-19,50,RETURNED
6525,671,1793,2023-03-31,2023-04-14,2023-04-09,0,RETURNED
6526,1500,1005,2023-03-09,2023-03-23,2023-04-01,45,RETURNED
6527,1104,1492,2023-12-05,2023-12-19,2023-12-23,20,RETURNED
6528,151,589,2023-10-29,2023-11-12,2023-11-19,35,RETURNED
6529,2567,1346,2023-01-26,2023-02-09,2023-02-14,25,RETURNED
6530,1733,1472,2025-09-29,2025-10-13,2025-10-12,0,RETURNED
6531,683,965,2023-06-25,2023-07-09,2023-07-09,0,RETURNED
6532,2005,184,2024-12-31,2025-01-14,2025-01-13,0,RETURNED
6533,2661,1738,2024-03-19,2024-04-02,2024-04-06,20,RETURNED
6534,2994,1425,2023-08-29,2023-09-12,2023-09-15,15,RETURNED
6535,1340,1890,2023-09-29,2023-10-13,2023-10-12,0,RETURNED
6536,2070,1282,2023-10-04,2023-10-18,2023-10-16,0,RETURNED
6537,2053,1340,2024-09-16,2024-09-30,2024-10-03,15,RETURNED
6538,388,1128,2025-06-05,2025-06-19,,0,OVERDUE
6539,778,1942,2025-12-25,2026-01-08,,0,ISSUED
6540,2922,576,2024-06-15,2024-06-29,2024-07-02,15,RETURNED
6541,2553,1639,2025-07-31,2025-08-14,2025-08-16,10,RETURNED
6542,1346,390,2023-05-23,2023-06-06,2023-06-03,0,RETURNED
6543,1743,550,2023-03-31,2023-04-14,2023-04-16,10,RETURNED
6544,1442,516,2023-10-20,2023-11-03,2023-10-29,0,RETURNED
6545,2254,415,2023-08-21,2023-09-04,,0,OVERDUE
6546,2494,490,2025-04-26,2025-05-10,2025-05-08,0,RETURNED
6547,2526,294,2024-07-30,2024-08-13,2024-08-13,0,RETURNED
6548,1132,295,2025-04-04,2025-04-18,2025-04-18,0,RETURNED
6549,973,1982,2024-03-10,2024-03-24,2024-03-22,0,RETURNED
6550,2163,1356,2025-01-02,2025-01-16,2025-01-24,40,RETURNED
6551,2629,1908,2023-09-12,2023-09-26,2023-09-26,0,RETURNED
6552,242,1907,2024-08-11,2024-08-25,2024-08-22,0,RETURNED
6553,2074,875,2023-12-28,2024-01-11,2024-01-09,0,RETURNED
6554,2085,346,2024-02-18,2024-03-03,2024-03-09,30,RETURNED
6555,1770,238,2024-03-03,2024-03-17,,0,OVERDUE
6556,1283,1093,2024-08-18,2024-09-01,2024-08-28,0,RETURNED
6557,1990,1842,2024-10-20,2024-11-03,2024-10-31,0,RETURNED
6558,2525,731,2025-08-23,2025-09-06,2025-09-13,35,RETURNED
6559,403,634,2025-02-10,2025-02-24,2025-02-28,20,RETURNED
6560,641,1127,2023-10-21,2023-11-04,2023-11-09,25,RETURNED
6561,425,608,2025-02-05,2025-02-19,2025-02-19,0,RETURNED
6562,2368,782,2025-08-11,2025-08-25,2025-08-21,0,RETURNED
6563,903,762,2024-06-04,2024-06-18,,0,OVERDUE
6564,1403,1351,2023-10-09,2023-10-23,,0,OVERDUE
6565,2996,1124,2025-12-10,2025-12-24,,0,ISSUED
6566,1539,313,2025-09-04,2025-09-18,2025-09-13,0,RETURNED
6567,2114,1020,2024-01-27,2024-02-10,2024-02-15,25,RETURNED
6568,81,762,2023-05-26,2023-06-09,2023-06-12,15,RETURNED
6569,385,1030,2024-08-21,2024-09-04,,0,OVERDUE
6570,707,1140,2023-03-31,2023-04-14,2023-04-11,0,RETURNED
6571,1958,1764,2023-12-06,2023-12-20,2023-12-30,50,RETURNED
6572,1585,22,2025-04-04,2025-04-18,2025-04-16,0,RETURNED
6573,1520,375,2025-03-06,2025-03-20,2025-03-28,40,RETURNED
6574,1043,862,2024-01-21,2024-02-04,2024-02-08,20,RETURNED
6575,1165,358,2024-09-10,2024-09-24,2024-10-04,50,RETURNED
6576,240,8,2025-10-31,2025-11-14,2025-11-16,10,RETURNED
6577,1468,1555,2023-03-24,2023-04-07,2023-04-07,0,RETURNED
6578,2563,341,2023-05-12,2023-05-26,,0,OVERDUE
6579,153,584,2024-09-19,2024-10-03,2024-09-29,0,RETURNED
6580,1943,1169,2023-12-13,2023-12-27,2024-01-03,35,RETURNED
6581,400,859,2025-10-05,2025-10-19,2025-10-26,35,RETURNED
6582,2083,1615,2024-11-13,2024-11-27,2024-12-02,25,RETURNED
6583,2617,438,2025-12-14,2025-12-28,2025-12-26,0,RETURNED
6584,279,1462,2025-01-18,2025-02-01,,0,ISSUED
6585,777,1484,2025-05-30,2025-06-13,2025-06-21,40,RETURNED
6586,1417,925,2025-08-13,2025-08-27,2025-08-26,0,RETURNED
6587,463,1301,2024-06-02,2024-06-16,,0,OVERDUE
6588,2971,203,2023-11-18,2023-12-02,2023-12-08,30,RETURNED
6589,91,1416,2023-08-23,2023-09-06,2023-09-01,0,RETURNED
6590,1700,375,2025-04-12,2025-04-26,2025-04-28,10,RETURNED
6591,182,555,2025-06-12,2025-06-26,2025-06-23,0,RETURNED
6592,826,1360,2025-03-05,2025-03-19,2025-03-27,40,RETURNED
6593,1408,1938,2024-04-24,2024-05-08,2024-05-15,35,RETURNED
6594,2325,1834,2023-06-22,2023-07-06,2023-07-11,25,RETURNED
6595,1175,1212,2023-05-27,2023-06-10,2023-06-08,0,RETURNED
6596,2347,41,2025-12-30,2026-01-13,2026-01-09,0,RETURNED
6597,446,454,2024-09-26,2024-10-10,2024-10-09,0,RETURNED
6598,2200,115,2023-11-29,2023-12-13,2023-12-18,25,RETURNED
6599,395,467,2024-09-08,2024-09-22,2024-09-30,40,RETURNED
6600,1542,818,2023-02-10,2023-02-24,2023-02-24,0,RETURNED
6601,2202,856,2024-03-06,2024-03-20,2024-03-27,35,RETURNED
6602,281,488,2023-02-10,2023-02-24,,0,ISSUED
6603,9,1139,2024-12-30,2025-01-13,,0,ISSUED
6604,672,1624,2025-05-30,2025-06-13,,0,ISSUED
6605,1787,1653,2024-05-07,2024-05-21,2024-05-27,30,RETURNED
6606,2113,407,2024-12-07,2024-12-21,2024-12-26,25,RETURNED
6607,1603,1697,2025-01-30,2025-02-13,,0,ISSUED
6608,1184,4,2025-02-06,2025-02-20,2025-02-27,35,RETURNED
6609,1256,1120,2025-06-04,2025-06-18,2025-06-23,25,RETURNED
6610,541,743,2025-02-03,2025-02-17,2025-02-17,0,RETURNED
6611,918,993,2024-04-11,2024-04-25,2024-04-21,0,RETURNED
6612,364,1685,2025-12-15,2025-12-29,2025-12-28,0,RETURNED
6613,1985,352,2023-11-27,2023-12-11,,0,ISSUED
6614,2162,65,2023-04-13,2023-04-27,,0,ISSUED
6615,4,500,2023-06-26,2023-07-10,2023-07-11,5,RETURNED
6616,2110,1268,2023-11-17,2023-12-01,2023-11-27,0,RETURNED
6617,2656,1699,2024-08-31,2024-09-14,2024-09-21,35,RETURNED
6618,115,1959,2024-08-16,2024-08-30,2024-08-25,0,RETURNED
6619,2246,1980,2024-01-23,2024-02-06,2024-02-10,20,RETURNED
6620,209,352,2023-09-11,2023-09-25,,0,ISSUED
6621,2743,1187,2024-09-12,2024-09-26,2024-09-23,0,RETURNED
6622,2037,181,2023-05-23,2023-06-06,2023-06-01,0,RETURNED
6623,1593,634,2025-10-31,2025-11-14,2025-11-09,0,RETURNED
6624,995,1414,2025-09-03,2025-09-17,2025-09-24,35,RETURNED
6625,2155,1399,2025-08-27,2025-09-10,2025-09-15,25,RETURNED
6626,1927,1931,2025-09-22,2025-10-06,2025-10-08,10,RETURNED
6627,1033,1000,2023-03-19,2023-04-02,,0,OVERDUE
6628,1341,74,2024-05-25,2024-06-08,2024-06-04,0,RETURNED
6629,506,872,2025-05-28,2025-06-11,2025-06-11,0,RETURNED
6630,2347,1437,2023-09-06,2023-09-20,2023-09-19,0,RETURNED
6631,518,997,2023-06-26,2023-07-10,,0,ISSUED
6632,2514,932,2023-07-04,2023-07-18,2023-07-27,45,RETURNED
6633,2218,1854,2023-12-02,2023-12-16,2023-12-24,40,RETURNED
6634,2388,392,2023-05-03,2023-05-17,,0,ISSUED
6635,2805,1909,2024-09-07,2024-09-21,2024-09-25,20,RETURNED
6636,1142,811,2025-01-28,2025-02-11,2025-02-21,50,RETURNED
6637,708,1396,2023-02-23,2023-03-09,,0,ISSUED
6638,1201,1036,2024-03-02,2024-03-16,2024-03-19,15,RETURNED
6639,653,612,2024-11-04,2024-11-18,2024-11-19,5,RETURNED
6640,2852,1831,2023-09-05,2023-09-19,2023-09-20,5,RETURNED
6641,1916,1472,2024-03-18,2024-04-01,2024-04-11,50,RETURNED
6642,540,286,2025-12-02,2025-12-16,2025-12-12,0,RETURNED
6643,1786,225,2024-10-29,2024-11-12,2024-11-12,0,RETURNED
6644,752,460,2024-11-20,2024-12-04,2024-12-12,40,RETURNED
6645,475,244,2025-12-29,2026-01-12,2026-01-07,0,RETURNED
6646,412,176,2023-09-10,2023-09-24,,0,OVERDUE
6647,1144,688,2025-12-19,2026-01-02,2025-12-30,0,RETURNED
6648,92,1316,2024-10-14,2024-10-28,2024-11-05,40,RETURNED
6649,233,1027,2025-09-27,2025-10-11,,0,OVERDUE
6650,299,149,2025-10-17,2025-10-31,2025-10-30,0,RETURNED
6651,2292,983,2025-03-14,2025-03-28,2025-03-31,15,RETURNED
6652,2436,1624,2023-01-24,2023-02-07,,0,ISSUED
6653,846,753,2025-03-22,2025-04-05,,0,OVERDUE
6654,1691,391,2024-01-29,2024-02-12,2024-02-21,45,RETURNED
6655,815,1062,2025-11-09,2025-11-23,2025-11-29,30,RETURNED
6656,2208,1848,2023-10-07,2023-10-21,2023-10-27,30,RETURNED
6657,2111,794,2023-10-05,2023-10-19,2023-10-17,0,RETURNED
6658,1702,667,2025-06-13,2025-06-27,2025-06-24,0,RETURNED
6659,2393,1791,2024-01-23,2024-02-06,2024-02-07,5,RETURNED
6660,1607,555,2023-10-01,2023-10-15,,0,OVERDUE
6661,401,358,2023-05-18,2023-06-01,2023-05-29,0,RETURNED
6662,734,1929,2023-07-22,2023-08-05,2023-08-12,35,RETURNED
6663,1303,418,2023-01-25,2023-02-08,2023-02-15,35,RETURNED
6664,2084,529,2025-09-03,2025-09-17,2025-09-15,0,RETURNED
6665,309,546,2025-10-31,2025-11-14,2025-11-21,35,RETURNED
6666,1888,530,2025-10-07,2025-10-21,2025-10-18,0,RETURNED
6667,2449,898,2023-06-13,2023-06-27,2023-06-22,0,RETURNED
6668,323,1717,2024-04-18,2024-05-02,2024-05-08,30,RETURNED
6669,732,1425,2025-04-26,2025-05-10,2025-05-15,25,RETURNED
6670,1897,1242,2024-09-28,2024-10-12,2024-10-07,0,RETURNED
6671,906,503,2025-06-21,2025-07-05,,0,ISSUED
6672,282,155,2025-09-12,2025-09-26,2025-10-04,40,RETURNED
6673,2787,1587,2025-04-15,2025-04-29,,0,OVERDUE
6674,2196,1103,2024-10-14,2024-10-28,2024-10-28,0,RETURNED
6675,2831,1945,2025-10-17,2025-10-31,2025-11-06,30,RETURNED
6676,1234,797,2023-03-31,2023-04-14,2023-04-09,0,RETURNED
6677,2998,165,2025-06-16,2025-06-30,2025-07-10,50,RETURNED
6678,103,451,2023-03-23,2023-04-06,2023-04-10,20,RETURNED
6679,2252,79,2025-08-01,2025-08-15,2025-08-12,0,RETURNED
6680,496,692,2024-05-05,2024-05-19,2024-05-18,0,RETURNED
6681,2240,1470,2023-01-24,2023-02-07,,0,OVERDUE
6682,465,357,2025-08-27,2025-09-10,,0,ISSUED
6683,744,333,2025-07-14,2025-07-28,2025-07-26,0,RETURNED
6684,2510,1654,2024-11-08,2024-11-22,2024-11-30,40,RETURNED
6685,2837,1276,2025-12-09,2025-12-23,2025-12-20,0,RETURNED
6686,2735,1675,2024-09-30,2024-10-14,2024-10-16,10,RETURNED
6687,392,1838,2025-06-17,2025-07-01,2025-07-09,40,RETURNED
6688,1189,1928,2024-02-21,2024-03-06,2024-03-06,0,RETURNED
6689,1823,811,2025-04-05,2025-04-19,2025-04-15,0,RETURNED
6690,710,1379,2025-01-27,2025-02-10,2025-02-14,20,RETURNED
6691,524,1328,2024-04-28,2024-05-12,2024-05-16,20,RETURNED
6692,2435,107,2024-08-01,2024-08-15,2024-08-23,40,RETURNED
6693,2437,342,2023-08-29,2023-09-12,,0,ISSUED
6694,1794,818,2023-03-13,2023-03-27,2023-03-22,0,RETURNED
6695,1329,1295,2024-05-07,2024-05-21,,0,OVERDUE
6696,838,90,2025-08-24,2025-09-07,2025-09-15,40,RETURNED
6697,156,1126,2025-11-27,2025-12-11,2025-12-13,10,RETURNED
6698,2612,1671,2024-08-06,2024-08-20,2024-08-22,10,RETURNED
6699,596,579,2024-02-04,2024-02-18,2024-02-18,0,RETURNED
6700,2404,704,2023-05-19,2023-06-02,2023-05-30,0,RETURNED
6701,2984,1318,2023-05-27,2023-06-10,,0,OVERDUE
6702,1723,1718,2025-04-30,2025-05-14,2025-05-12,0,RETURNED
6703,1556,1435,2025-10-10,2025-10-24,2025-10-27,15,RETURNED
6704,1488,747,2025-02-24,2025-03-10,,0,OVERDUE
6705,2468,313,2024-01-05,2024-01-19,2024-01-18,0,RETURNED
6706,1290,1225,2025-12-12,2025-12-26,2025-12-23,0,RETURNED
6707,1129,1946,2023-05-02,2023-05-16,2023-05-26,50,RETURNED
6708,146,701,2025-11-23,2025-12-07,,0,OVERDUE
6709,1255,414,2024-08-27,2024-09-10,2024-09-14,20,RETURNED
6710,862,831,2023-06-03,2023-06-17,2023-06-14,0,RETURNED
6711,2469,161,2023-12-17,2023-12-31,,0,OVERDUE
6712,2201,685,2023-09-09,2023-09-23,2023-10-02,45,RETURNED
6713,354,1959,2024-11-18,2024-12-02,2024-11-27,0,RETURNED
6714,2531,1507,2024-08-20,2024-09-03,2024-09-12,45,RETURNED
6715,2010,440,2024-06-11,2024-06-25,,0,OVERDUE
6716,146,1669,2024-06-11,2024-06-25,2024-07-02,35,RETURNED
6717,157,427,2025-05-08,2025-05-22,2025-05-26,20,RETURNED
6718,685,419,2023-04-28,2023-05-12,2023-05-19,35,RETURNED
6719,956,110,2023-06-02,2023-06-16,2023-06-15,0,RETURNED
6720,2957,213,2025-09-05,2025-09-19,2025-09-17,0,RETURNED
6721,200,1877,2025-09-13,2025-09-27,2025-09-24,0,RETURNED
6722,49,1531,2025-01-12,2025-01-26,,0,ISSUED
6723,73,1032,2024-06-14,2024-06-28,2024-07-01,15,RETURNED
6724,1343,812,2024-10-07,2024-10-21,2024-10-16,0,RETURNED
6725,1136,1805,2025-05-15,2025-05-29,,0,OVERDUE
6726,2457,352,2023-07-04,2023-07-18,,0,ISSUED
6727,1404,481,2023-08-01,2023-08-15,2023-08-10,0,RETURNED
6728,1119,1766,2024-08-28,2024-09-11,2024-09-17,30,RETURNED
6729,2445,1469,2023-06-26,2023-07-10,2023-07-11,5,RETURNED
6730,2063,1296,2025-08-17,2025-08-31,2025-09-02,10,RETURNED
6731,1492,894,2025-03-11,2025-03-25,,0,OVERDUE
6732,2063,1784,2023-01-06,2023-01-20,2023-01-16,0,RETURNED
6733,2706,268,2025-06-02,2025-06-16,,0,OVERDUE
6734,1613,1659,2023-01-18,2023-02-01,2023-02-09,40,RETURNED
6735,81,588,2024-07-21,2024-08-04,2024-08-14,50,RETURNED
6736,215,681,2024-03-09,2024-03-23,2024-04-02,50,RETURNED
6737,1053,955,2024-01-21,2024-02-04,,0,ISSUED
6738,2885,467,2024-12-12,2024-12-26,2024-12-23,0,RETURNED
6739,2209,1615,2025-11-08,2025-11-22,2025-12-01,45,RETURNED
6740,1782,675,2024-05-22,2024-06-05,2024-06-08,15,RETURNED
6741,214,614,2025-10-24,2025-11-07,2025-11-15,40,RETURNED
6742,2595,1514,2024-10-26,2024-11-09,2024-11-06,0,RETURNED
6743,484,1421,2025-06-18,2025-07-02,2025-06-29,0,RETURNED
6744,2599,864,2025-08-19,2025-09-02,2025-09-12,50,RETURNED
6745,2045,1927,2023-02-04,2023-02-18,2023-02-27,45,RETURNED
6746,1720,247,2023-12-25,2024-01-08,2024-01-14,30,RETURNED
6747,2094,93,2025-01-13,2025-01-27,2025-01-27,0,RETURNED
6748,2853,736,2023-08-31,2023-09-14,2023-09-19,25,RETURNED
6749,299,381,2024-01-19,2024-02-02,2024-02-08,30,RETURNED
6750,474,1582,2025-05-15,2025-05-29,2025-06-01,15,RETURNED
6751,762,1948,2024-11-02,2024-11-16,2024-11-15,0,RETURNED
6752,1369,1570,2023-09-28,2023-10-12,2023-10-17,25,RETURNED
6753,374,1944,2025-01-02,2025-01-16,2025-01-18,10,RETURNED
6754,2780,1869,2025-07-27,2025-08-10,,0,ISSUED
6755,709,1306,2023-09-12,2023-09-26,,0,OVERDUE
6756,609,1735,2024-07-03,2024-07-17,2024-07-15,0,RETURNED
6757,2858,709,2023-08-10,2023-08-24,2023-08-31,35,RETURNED
6758,119,1772,2023-01-12,2023-01-26,,0,ISSUED
6759,2627,1481,2023-07-16,2023-07-30,2023-08-08,45,RETURNED
6760,459,419,2023-07-06,2023-07-20,,0,ISSUED
6761,1913,358,2025-07-24,2025-08-07,,0,OVERDUE
6762,344,834,2024-02-15,2024-02-29,2024-02-25,0,RETURNED
6763,1111,526,2023-05-22,2023-06-05,,0,OVERDUE
6764,23,643,2023-09-18,2023-10-02,2023-09-27,0,RETURNED
6765,2506,623,2024-10-03,2024-10-17,2024-10-16,0,RETURNED
6766,755,705,2023-03-19,2023-04-02,2023-03-28,0,RETURNED
6767,825,286,2024-03-14,2024-03-28,2024-03-30,10,RETURNED
6768,1573,661,2024-06-23,2024-07-07,2024-07-03,0,RETURNED
6769,1514,148,2025-12-29,2026-01-12,2026-01-11,0,RETURNED
6770,2112,401,2025-07-04,2025-07-18,,0,ISSUED
6771,2378,1791,2024-02-21,2024-03-06,,0,OVERDUE
6772,2053,995,2024-03-30,2024-04-13,2024-04-17,20,RETURNED
6773,1417,1170,2025-11-01,2025-11-15,,0,OVERDUE
6774,1092,1163,2025-05-15,2025-05-29,,0,OVERDUE
6775,2078,731,2025-10-22,2025-11-05,2025-11-05,0,RETURNED
6776,1897,312,2025-05-07,2025-05-21,2025-05-21,0,RETURNED
6777,1337,1709,2025-06-27,2025-07-11,2025-07-20,45,RETURNED
6778,2616,562,2023-08-26,2023-09-09,2023-09-14,25,RETURNED
6779,780,1672,2023-01-09,2023-01-23,2023-01-18,0,RETURNED
6780,2656,1675,2023-11-18,2023-12-02,2023-12-01,0,RETURNED
6781,623,1478,2024-05-27,2024-06-10,2024-06-15,25,RETURNED
6782,2508,900,2023-08-25,2023-09-08,2023-09-04,0,RETURNED
6783,789,511,2025-01-31,2025-02-14,,0,ISSUED
6784,1152,281,2025-10-13,2025-10-27,2025-10-28,5,RETURNED
6785,1245,976,2023-11-18,2023-12-02,2023-12-02,0,RETURNED
6786,599,1483,2025-01-30,2025-02-13,,0,ISSUED
6787,93,1667,2023-05-06,2023-05-20,2023-05-20,0,RETURNED
6788,731,419,2023-06-11,2023-06-25,,0,OVERDUE
6789,1252,1234,2024-08-09,2024-08-23,2024-08-21,0,RETURNED
6790,2919,1629,2023-05-17,2023-05-31,2023-06-03,15,RETURNED
6791,947,710,2024-01-15,2024-01-29,2024-02-06,40,RETURNED
6792,1300,1194,2024-12-23,2025-01-06,2025-01-05,0,RETURNED
6793,1746,257,2024-05-22,2024-06-05,2024-05-31,0,RETURNED
6794,2002,686,2023-02-15,2023-03-01,2023-02-25,0,RETURNED
6795,1316,1727,2025-04-06,2025-04-20,,0,OVERDUE
6796,566,299,2025-04-13,2025-04-27,2025-04-27,0,RETURNED
6797,1566,1158,2023-06-15,2023-06-29,2023-06-29,0,RETURNED
6798,2910,1590,2024-12-10,2024-12-24,2024-12-25,5,RETURNED
6799,1081,1010,2024-03-27,2024-04-10,2024-04-06,0,RETURNED
6800,1359,761,2025-12-23,2026-01-06,2026-01-08,10,RETURNED
6801,213,1641,2023-02-23,2023-03-09,2023-03-11,10,RETURNED
6802,1647,519,2025-01-30,2025-02-13,,0,OVERDUE
6803,152,1751,2024-12-09,2024-12-23,,0,ISSUED
6804,2647,534,2024-03-18,2024-04-01,2024-04-07,30,RETURNED
6805,1340,683,2024-05-05,2024-05-19,,0,OVERDUE
6806,306,1616,2024-10-19,2024-11-02,2024-11-04,10,RETURNED
6807,1269,1608,2023-06-15,2023-06-29,2023-07-01,10,RETURNED
6808,2892,1964,2025-05-12,2025-05-26,2025-05-26,0,RETURNED
6809,1017,1003,2023-03-26,2023-04-09,2023-04-14,25,RETURNED
6810,2752,1313,2024-03-23,2024-04-06,2024-04-07,5,RETURNED
6811,702,1981,2024-02-17,2024-03-02,2024-03-07,25,RETURNED
6812,2031,929,2024-11-03,2024-11-17,2024-11-23,30,RETURNED
6813,1104,1790,2025-08-06,2025-08-20,2025-08-24,20,RETURNED
6814,325,478,2024-10-25,2024-11-08,,0,OVERDUE
6815,2260,111,2023-08-18,2023-09-01,,0,ISSUED
6816,91,456,2024-04-08,2024-04-22,,0,ISSUED
6817,2353,520,2024-10-04,2024-10-18,2024-10-20,10,RETURNED
6818,493,1907,2025-08-18,2025-09-01,2025-09-11,50,RETURNED
6819,474,291,2023-12-30,2024-01-13,2024-01-19,30,RETURNED
6820,2982,571,2024-02-20,2024-03-05,,0,OVERDUE
6821,497,1068,2023-08-16,2023-08-30,2023-09-02,15,RETURNED
6822,1610,517,2023-10-07,2023-10-21,2023-10-17,0,RETURNED
6823,1316,60,2023-05-21,2023-06-04,2023-06-11,35,RETURNED
6824,927,715,2024-02-16,2024-03-01,2024-03-05,20,RETURNED
6825,2163,1384,2025-11-27,2025-12-11,2025-12-21,50,RETURNED
6826,540,1826,2024-09-14,2024-09-28,2024-10-04,30,RETURNED
6827,241,1415,2023-08-26,2023-09-09,2023-09-13,20,RETURNED
6828,2121,1118,2025-04-13,2025-04-27,2025-05-06,45,RETURNED
6829,838,485,2023-04-14,2023-04-28,2023-04-25,0,RETURNED
6830,964,1581,2025-04-23,2025-05-07,2025-05-11,20,RETURNED
6831,986,1276,2025-03-17,2025-03-31,,0,OVERDUE
6832,1192,316,2023-02-13,2023-02-27,2023-02-23,0,RETURNED
6833,1912,1954,2023-02-18,2023-03-04,2023-03-04,0,RETURNED
6834,2272,1074,2023-08-20,2023-09-03,,0,OVERDUE
6835,2459,90,2023-04-09,2023-04-23,2023-04-23,0,RETURNED
6836,1305,1548,2024-03-05,2024-03-19,,0,OVERDUE
6837,2141,494,2023-02-10,2023-02-24,,0,ISSUED
6838,498,1534,2025-01-07,2025-01-21,,0,OVERDUE
6839,1483,1983,2024-02-26,2024-03-11,2024-03-10,0,RETURNED
6840,647,1522,2024-11-15,2024-11-29,2024-12-01,10,RETURNED
6841,256,259,2025-07-01,2025-07-15,2025-07-17,10,RETURNED
6842,1788,1865,2023-01-15,2023-01-29,2023-02-03,25,RETURNED
6843,389,1993,2024-12-26,2025-01-09,2025-01-08,0,RETURNED
6844,192,1545,2024-02-28,2024-03-13,,0,OVERDUE
6845,2539,655,2025-09-19,2025-10-03,,0,OVERDUE
6846,867,1781,2024-08-16,2024-08-30,2024-08-25,0,RETURNED
6847,2979,1272,2023-04-24,2023-05-08,2023-05-12,20,RETURNED
6848,1571,1513,2024-05-15,2024-05-29,2024-06-03,25,RETURNED
6849,747,1815,2023-07-28,2023-08-11,2023-08-19,40,RETURNED
6850,1268,1335,2023-06-27,2023-07-11,2023-07-17,30,RETURNED
6851,809,785,2025-03-27,2025-04-10,2025-04-06,0,RETURNED
6852,237,1774,2023-12-16,2023-12-30,,0,ISSUED
6853,2528,881,2024-06-03,2024-06-17,2024-06-25,40,RETURNED
6854,2429,1718,2024-10-03,2024-10-17,2024-10-15,0,RETURNED
6855,2117,396,2025-11-23,2025-12-07,2025-12-13,30,RETURNED
6856,293,18,2023-03-11,2023-03-25,2023-03-29,20,RETURNED
6857,2723,1082,2025-06-12,2025-06-26,2025-06-24,0,RETURNED
6858,1501,1906,2025-06-14,2025-06-28,2025-07-02,20,RETURNED
6859,557,1203,2024-11-01,2024-11-15,2024-11-18,15,RETURNED
6860,1382,991,2024-09-11,2024-09-25,2024-10-02,35,RETURNED
6861,433,1824,2025-05-21,2025-06-04,,0,OVERDUE
6862,1838,1290,2023-10-10,2023-10-24,2023-11-03,50,RETURNED
6863,2390,1869,2025-01-05,2025-01-19,,0,ISSUED
6864,828,1658,2024-08-26,2024-09-09,2024-09-15,30,RETURNED
6865,460,335,2024-03-08,2024-03-22,2024-03-19,0,RETURNED
6866,327,1495,2024-04-14,2024-04-28,2024-04-23,0,RETURNED
6867,1901,165,2025-07-27,2025-08-10,2025-08-05,0,RETURNED
6868,2252,1361,2024-12-25,2025-01-08,2025-01-14,30,RETURNED
6869,1278,295,2025-12-13,2025-12-27,2025-12-28,5,RETURNED
6870,116,1071,2024-03-27,2024-04-10,2024-04-19,45,RETURNED
6871,2674,1529,2023-09-14,2023-09-28,2023-10-02,20,RETURNED
6872,2671,572,2023-04-12,2023-04-26,2023-05-05,45,RETURNED
6873,2550,1213,2025-01-16,2025-01-30,2025-02-05,30,RETURNED
6874,509,667,2024-05-16,2024-05-30,2024-05-26,0,RETURNED
6875,2886,973,2023-08-22,2023-09-05,2023-09-14,45,RETURNED
6876,2258,208,2024-02-23,2024-03-08,2024-03-14,30,RETURNED
6877,866,1127,2024-04-24,2024-05-08,2024-05-17,45,RETURNED
6878,2221,1603,2023-12-20,2024-01-03,2023-12-29,0,RETURNED
6879,2933,1916,2025-01-16,2025-01-30,2025-02-02,15,RETURNED
6880,1023,1895,2025-03-22,2025-04-05,,0,ISSUED
6881,324,1782,2023-01-27,2023-02-10,2023-02-07,0,RETURNED
6882,2112,1652,2023-02-21,2023-03-07,,0,ISSUED
6883,2386,630,2023-07-31,2023-08-14,,0,OVERDUE
6884,1130,1394,2025-01-27,2025-02-10,2025-02-15,25,RETURNED
6885,2527,1988,2023-12-15,2023-12-29,2024-01-06,40,RETURNED
6886,2772,397,2025-01-02,2025-01-16,2025-01-17,5,RETURNED
6887,2673,823,2023-07-15,2023-07-29,2023-08-01,15,RETURNED
6888,2292,48,2023-10-07,2023-10-21,2023-10-28,35,RETURNED
6889,1878,945,2024-06-22,2024-07-06,2024-07-04,0,RETURNED
6890,682,757,2024-08-18,2024-09-01,,0,OVERDUE
6891,794,225,2023-12-19,2024-01-02,2024-01-12,50,RETURNED
6892,1321,527,2024-06-12,2024-06-26,2024-07-03,35,RETURNED
6893,10,1369,2023-06-17,2023-07-01,2023-07-01,0,RETURNED
6894,2484,1518,2023-02-23,2023-03-09,2023-03-07,0,RETURNED
6895,472,826,2025-08-20,2025-09-03,2025-09-09,30,RETURNED
6896,2029,684,2025-03-14,2025-03-28,2025-04-02,25,RETURNED
6897,857,102,2025-07-04,2025-07-18,2025-07-18,0,RETURNED
6898,1777,1567,2025-03-28,2025-04-11,2025-04-18,35,RETURNED
6899,436,1002,2025-11-20,2025-12-04,,0,ISSUED
6900,1378,1767,2023-03-19,2023-04-02,2023-03-31,0,RETURNED
6901,1102,1045,2025-12-11,2025-12-25,2025-12-24,0,RETURNED
6902,1517,799,2025-10-04,2025-10-18,2025-10-22,20,RETURNED
6903,1663,266,2023-11-05,2023-11-19,,0,ISSUED
6904,859,1522,2025-04-14,2025-04-28,,0,OVERDUE
6905,432,1197,2023-01-10,2023-01-24,2023-02-01,40,RETURNED
6906,1960,1058,2024-11-02,2024-11-16,2024-11-20,20,RETURNED
6907,867,531,2023-11-28,2023-12-12,2023-12-19,35,RETURNED
6908,197,1420,2024-12-27,2025-01-10,2025-01-14,20,RETURNED
6909,2319,38,2023-01-05,2023-01-19,2023-01-16,0,RETURNED
6910,2867,1157,2025-04-03,2025-04-17,,0,ISSUED
6911,664,129,2025-10-07,2025-10-21,2025-10-31,50,RETURNED
6912,2987,375,2024-07-13,2024-07-27,2024-07-30,15,RETURNED
6913,2022,1508,2023-01-25,2023-02-08,2023-02-11,15,RETURNED
6914,1301,1856,2024-11-23,2024-12-07,,0,OVERDUE
6915,1616,529,2025-05-05,2025-05-19,2025-05-19,0,RETURNED
6916,2724,1655,2024-01-24,2024-02-07,2024-02-08,5,RETURNED
6917,2975,1656,2023-12-27,2024-01-10,2024-01-16,30,RETURNED
6918,1284,1668,2024-07-27,2024-08-10,2024-08-13,15,RETURNED
6919,2410,229,2024-02-20,2024-03-05,2024-03-11,30,RETURNED
6920,567,1997,2025-06-06,2025-06-20,,0,ISSUED
6921,472,354,2023-12-22,2024-01-05,2024-01-09,20,RETURNED
6922,894,1669,2025-12-06,2025-12-20,2025-12-18,0,RETURNED
6923,2894,1723,2025-12-06,2025-12-20,,0,OVERDUE
6924,602,398,2023-10-22,2023-11-05,2023-11-08,15,RETURNED
6925,58,941,2025-12-04,2025-12-18,2025-12-15,0,RETURNED
6926,806,1741,2025-12-14,2025-12-28,2025-12-25,0,RETURNED
6927,613,708,2023-05-09,2023-05-23,2023-05-26,15,RETURNED
6928,2933,1956,2024-04-16,2024-04-30,,0,OVERDUE
6929,2798,329,2024-04-12,2024-04-26,2024-04-26,0,RETURNED
6930,413,748,2025-05-05,2025-05-19,2025-05-15,0,RETURNED
6931,2217,666,2025-12-06,2025-12-20,2025-12-27,35,RETURNED
6932,530,382,2023-06-24,2023-07-08,2023-07-03,0,RETURNED
6933,444,954,2024-04-25,2024-05-09,2024-05-12,15,RETURNED
6934,458,1440,2025-07-11,2025-07-25,2025-07-26,5,RETURNED
6935,2350,1041,2024-10-02,2024-10-16,2024-10-22,30,RETURNED
6936,2004,1375,2023-08-07,2023-08-21,,0,OVERDUE
6937,713,40,2023-10-06,2023-10-20,,0,ISSUED
6938,2339,1519,2025-10-08,2025-10-22,2025-10-25,15,RETURNED
6939,1971,270,2025-06-18,2025-07-02,2025-07-06,20,RETURNED
6940,1415,146,2024-11-20,2024-12-04,2024-12-07,15,RETURNED
6941,263,1403,2024-06-10,2024-06-24,2024-07-01,35,RETURNED
6942,2530,894,2023-03-21,2023-04-04,2023-04-09,25,RETURNED
6943,197,1671,2025-03-08,2025-03-22,2025-03-17,0,RETURNED
6944,2427,533,2025-01-06,2025-01-20,2025-01-21,5,RETURNED
6945,2616,1224,2023-01-15,2023-01-29,2023-02-07,45,RETURNED
6946,2082,1216,2025-10-28,2025-11-11,2025-11-13,10,RETURNED
6947,271,1171,2025-06-02,2025-06-16,2025-06-26,50,RETURNED
6948,2325,693,2025-02-05,2025-02-19,2025-02-14,0,RETURNED
6949,37,1990,2025-08-28,2025-09-11,2025-09-06,0,RETURNED
6950,526,270,2023-08-05,2023-08-19,2023-08-17,0,RETURNED
6951,1174,1707,2023-06-08,2023-06-22,,0,OVERDUE
6952,2177,333,2024-06-26,2024-07-10,2024-07-05,0,RETURNED
6953,161,1120,2024-03-01,2024-03-15,2024-03-23,40,RETURNED
6954,2518,257,2023-04-17,2023-05-01,2023-05-05,20,RETURNED
6955,293,833,2024-08-21,2024-09-04,2024-09-12,40,RETURNED
6956,2609,981,2023-06-30,2023-07-14,2023-07-22,40,RETURNED
6957,498,1657,2025-11-04,2025-11-18,,0,ISSUED
6958,432,1248,2023-10-23,2023-11-06,2023-11-10,20,RETURNED
6959,860,536,2023-02-17,2023-03-03,2023-03-09,30,RETURNED
6960,522,1117,2025-04-10,2025-04-24,2025-05-02,40,RETURNED
6961,1811,842,2024-09-15,2024-09-29,,0,ISSUED
6962,1030,295,2023-06-02,2023-06-16,2023-06-23,35,RETURNED
6963,1632,1736,2023-04-05,2023-04-19,2023-04-17,0,RETURNED
6964,2962,496,2025-07-13,2025-07-27,2025-07-25,0,RETURNED
6965,127,364,2023-04-23,2023-05-07,,0,ISSUED
6966,1530,347,2024-03-14,2024-03-28,2024-03-27,0,RETURNED
6967,2577,244,2024-05-13,2024-05-27,,0,ISSUED
6968,240,1270,2024-12-03,2024-12-17,2024-12-22,25,RETURNED
6969,2015,611,2024-12-31,2025-01-14,2025-01-15,5,RETURNED
6970,298,1561,2023-11-07,2023-11-21,2023-11-16,0,RETURNED
6971,2517,859,2023-06-28,2023-07-12,2023-07-17,25,RETURNED
6972,1641,65,2025-02-03,2025-02-17,2025-02-25,40,RETURNED
6973,1329,21,2023-05-03,2023-05-17,2023-05-18,5,RETURNED
6974,1806,1731,2025-03-08,2025-03-22,2025-03-31,45,RETURNED
6975,1377,943,2023-03-09,2023-03-23,2023-03-20,0,RETURNED
6976,1666,647,2024-06-13,2024-06-27,,0,OVERDUE
6977,323,576,2024-01-24,2024-02-07,2024-02-05,0,RETURNED
6978,93,878,2023-11-14,2023-11-28,2023-12-08,50,RETURNED
6979,1920,1355,2023-10-03,2023-10-17,2023-10-21,20,RETURNED
6980,2813,337,2024-11-28,2024-12-12,2024-12-09,0,RETURNED
6981,2456,729,2023-11-07,2023-11-21,,0,OVERDUE
6982,15,1269,2023-05-22,2023-06-05,2023-06-09,20,RETURNED
6983,1578,571,2025-06-24,2025-07-08,2025-07-16,40,RETURNED
6984,2023,70,2024-12-24,2025-01-07,2025-01-08,5,RETURNED
6985,561,407,2024-02-17,2024-03-02,2024-02-27,0,RETURNED
6986,2511,1502,2024-08-24,2024-09-07,2024-09-15,40,RETURNED
6987,224,1863,2025-02-21,2025-03-07,2025-03-13,30,RETURNED
6988,459,621,2025-03-03,2025-03-17,2025-03-24,35,RETURNED
6989,936,1346,2023-07-11,2023-07-25,2023-07-30,25,RETURNED
6990,37,1779,2023-11-20,2023-12-04,2023-12-13,45,RETURNED
6991,2398,1990,2024-09-27,2024-10-11,,0,OVERDUE
6992,1760,241,2025-03-20,2025-04-03,2025-04-13,50,RETURNED
6993,2870,1815,2025-04-25,2025-05-09,2025-05-11,10,RETURNED
6994,241,1369,2023-06-10,2023-06-24,2023-07-03,45,RETURNED
6995,2041,1106,2024-03-08,2024-03-22,2024-03-18,0,RETURNED
6996,2543,1404,2024-03-13,2024-03-27,2024-03-29,10,RETURNED
6997,991,463,2023-10-07,2023-10-21,2023-10-22,5,RETURNED
6998,705,668,2023-04-16,2023-04-30,2023-05-02,10,RETURNED
6999,1607,270,2024-06-10,2024-06-24,,0,OVERDUE
7000,2723,926,2024-03-20,2024-04-03,,0,OVERDUE
7001,2758,424,2024-05-22,2024-06-05,2024-06-12,35,RETURNED
7002,2978,693,2025-01-08,2025-01-22,2025-01-18,0,RETURNED
7003,2753,687,2025-04-25,2025-05-09,2025-05-15,30,RETURNED
7004,1204,400,2023-04-29,2023-05-13,2023-05-21,40,RETURNED
7005,1165,427,2023-02-05,2023-02-19,2023-02-16,0,RETURNED
7006,746,1435,2024-12-04,2024-12-18,2024-12-25,35,RETURNED
7007,2060,1106,2025-12-29,2026-01-12,2026-01-20,40,RETURNED
7008,712,508,2024-06-12,2024-06-26,,0,OVERDUE
7009,2924,891,2023-11-30,2023-12-14,2023-12-13,0,RETURNED
7010,411,1444,2025-04-03,2025-04-17,2025-04-18,5,RETURNED
7011,1876,1594,2025-01-31,2025-02-14,2025-02-21,35,RETURNED
7012,1888,1865,2023-03-20,2023-04-03,2023-04-06,15,RETURNED
7013,1586,1841,2025-11-15,2025-11-29,2025-12-03,20,RETURNED
7014,2877,834,2023-03-19,2023-04-02,2023-03-30,0,RETURNED
7015,2210,1682,2023-11-10,2023-11-24,,0,ISSUED
7016,2600,1679,2024-02-14,2024-02-28,2024-02-28,0,RETURNED
7017,1458,1901,2025-10-18,2025-11-01,2025-11-11,50,RETURNED
7018,554,133,2025-01-30,2025-02-13,2025-02-21,40,RETURNED
7019,286,165,2025-11-17,2025-12-01,2025-12-11,50,RETURNED
7020,1709,1104,2024-08-18,2024-09-01,2024-09-06,25,RETURNED
7021,570,1439,2025-10-23,2025-11-06,,0,ISSUED
7022,1394,37,2025-10-03,2025-10-17,2025-10-27,50,RETURNED
7023,2058,1273,2025-07-15,2025-07-29,,0,OVERDUE
7024,382,801,2024-10-30,2024-11-13,2024-11-21,40,RETURNED
7025,2913,1507,2025-01-10,2025-01-24,2025-02-01,40,RETURNED
7026,474,1564,2025-08-12,2025-08-26,2025-08-22,0,RETURNED
7027,2702,1277,2025-04-06,2025-04-20,2025-04-28,40,RETURNED
7028,2253,71,2025-04-12,2025-04-26,2025-05-06,50,RETURNED
7029,1950,1340,2023-09-05,2023-09-19,2023-09-24,25,RETURNED
7030,2665,325,2024-02-29,2024-03-14,2024-03-09,0,RETURNED
7031,2320,1168,2023-04-26,2023-05-10,2023-05-17,35,RETURNED
7032,1386,485,2025-12-02,2025-12-16,2025-12-21,25,RETURNED
7033,1231,1489,2025-08-03,2025-08-17,2025-08-24,35,RETURNED
7034,800,857,2023-05-04,2023-05-18,2023-05-25,35,RETURNED
7035,2502,1655,2025-03-25,2025-04-08,,0,ISSUED
7036,1572,1645,2023-04-06,2023-04-20,,0,OVERDUE
7037,2324,1872,2025-10-12,2025-10-26,2025-10-24,0,RETURNED
7038,46,1368,2024-07-06,2024-07-20,2024-07-18,0,RETURNED
7039,1416,609,2023-11-02,2023-11-16,2023-11-24,40,RETURNED
7040,630,149,2023-05-11,2023-05-25,2023-05-28,15,RETURNED
7041,2112,1183,2024-03-15,2024-03-29,2024-03-26,0,RETURNED
7042,90,1744,2023-03-23,2023-04-06,2023-04-05,0,RETURNED
7043,140,966,2023-12-19,2024-01-02,2024-01-08,30,RETURNED
7044,806,404,2024-06-19,2024-07-03,,0,ISSUED
7045,2239,1342,2023-02-24,2023-03-10,2023-03-07,0,RETURNED
7046,1483,1834,2023-07-25,2023-08-08,2023-08-11,15,RETURNED
7047,866,1296,2023-07-03,2023-07-17,2023-07-15,0,RETURNED
7048,1034,324,2025-07-05,2025-07-19,2025-07-28,45,RETURNED
7049,1209,622,2025-11-25,2025-12-09,2025-12-17,40,RETURNED
7050,84,427,2025-09-11,2025-09-25,,0,OVERDUE
7051,224,733,2025-01-03,2025-01-17,2025-01-27,50,RETURNED
7052,1078,1483,2024-01-28,2024-02-11,2024-02-08,0,RETURNED
7053,2689,1267,2024-02-06,2024-02-20,2024-02-27,35,RETURNED
7054,1574,1937,2024-09-05,2024-09-19,2024-09-29,50,RETURNED
7055,1283,160,2024-09-02,2024-09-16,2024-09-25,45,RETURNED
7056,34,5,2024-09-07,2024-09-21,2024-09-25,20,RETURNED
7057,1833,169,2024-10-19,2024-11-02,,0,ISSUED
7058,1535,1092,2023-10-29,2023-11-12,2023-11-15,15,RETURNED
7059,764,1208,2024-01-15,2024-01-29,2024-01-29,0,RETURNED
7060,682,1951,2025-02-20,2025-03-06,2025-03-01,0,RETURNED
7061,1711,840,2025-10-08,2025-10-22,,0,OVERDUE
7062,555,1382,2024-04-09,2024-04-23,2024-04-22,0,RETURNED
7063,955,1044,2025-12-27,2026-01-10,2026-01-18,40,RETURNED
7064,1066,350,2023-06-24,2023-07-08,,0,OVERDUE
7065,2309,786,2023-01-12,2023-01-26,2023-02-01,30,RETURNED
7066,1318,1241,2023-09-24,2023-10-08,2023-10-04,0,RETURNED
7067,1446,1595,2025-10-06,2025-10-20,2025-10-21,5,RETURNED
7068,2424,1050,2023-03-16,2023-03-30,2023-03-30,0,RETURNED
7069,40,31,2025-12-20,2026-01-03,2025-12-30,0,RETURNED
7070,40,1493,2023-03-23,2023-04-06,2023-04-06,0,RETURNED
7071,335,1435,2025-11-13,2025-11-27,,0,ISSUED
7072,1432,458,2023-12-25,2024-01-08,2024-01-05,0,RETURNED
7073,546,714,2024-05-20,2024-06-03,2024-06-03,0,RETURNED
7074,616,332,2024-07-29,2024-08-12,2024-08-12,0,RETURNED
7075,191,1900,2024-12-13,2024-12-27,2024-12-27,0,RETURNED
7076,2578,1051,2025-09-10,2025-09-24,2025-09-29,25,RETURNED
7077,569,1182,2025-08-30,2025-09-13,2025-09-12,0,RETURNED
7078,1920,1599,2024-06-15,2024-06-29,2024-06-26,0,RETURNED
7079,1489,969,2025-10-05,2025-10-19,2025-10-28,45,RETURNED
7080,64,177,2023-09-21,2023-10-05,,0,ISSUED
7081,1901,277,2024-11-13,2024-11-27,2024-12-03,30,RETURNED
7082,1119,1997,2023-08-24,2023-09-07,2023-09-05,0,RETURNED
7083,1160,892,2024-04-10,2024-04-24,,0,ISSUED
7084,1624,833,2024-02-04,2024-02-18,2024-02-19,5,RETURNED
7085,1476,1235,2025-07-16,2025-07-30,2025-08-08,45,RETURNED
7086,950,833,2025-11-08,2025-11-22,2025-11-30,40,RETURNED
7087,1845,958,2023-12-29,2024-01-12,,0,OVERDUE
7088,2036,1359,2024-01-13,2024-01-27,2024-01-24,0,RETURNED
7089,2968,1246,2024-04-18,2024-05-02,,0,ISSUED
7090,1313,1086,2025-11-04,2025-11-18,,0,OVERDUE
7091,1927,556,2025-12-13,2025-12-27,2026-01-05,45,RETURNED
7092,2189,159,2023-08-28,2023-09-11,2023-09-17,30,RETURNED
7093,590,1612,2025-06-15,2025-06-29,2025-07-09,50,RETURNED
7094,2685,1607,2023-12-25,2024-01-08,2024-01-07,0,RETURNED
7095,1019,1998,2024-03-08,2024-03-22,,0,OVERDUE
7096,1592,1833,2023-11-06,2023-11-20,2023-11-23,15,RETURNED
7097,2239,1021,2024-02-25,2024-03-10,2024-03-16,30,RETURNED
7098,335,1151,2024-11-18,2024-12-02,2024-12-04,10,RETURNED
7099,1442,1821,2024-03-20,2024-04-03,2024-04-04,5,RETURNED
7100,2931,1466,2023-07-15,2023-07-29,,0,ISSUED
7101,2459,1112,2025-06-30,2025-07-14,2025-07-19,25,RETURNED
7102,740,615,2024-08-13,2024-08-27,2024-09-06,50,RETURNED
7103,2560,1377,2023-12-05,2023-12-19,2023-12-26,35,RETURNED
7104,1609,869,2024-04-26,2024-05-10,2024-05-16,30,RETURNED
7105,589,1016,2023-11-21,2023-12-05,2023-12-03,0,RETURNED
7106,2812,531,2024-06-07,2024-06-21,,0,OVERDUE
7107,2457,1407,2023-09-11,2023-09-25,2023-09-20,0,RETURNED
7108,1810,1817,2025-03-07,2025-03-21,2025-03-22,5,RETURNED
7109,699,6,2024-08-23,2024-09-06,2024-09-11,25,RETURNED
7110,2602,1261,2024-08-11,2024-08-25,2024-09-04,50,RETURNED
7111,195,1861,2023-08-21,2023-09-04,2023-09-11,35,RETURNED
7112,2691,756,2023-06-21,2023-07-05,,0,OVERDUE
7113,16,1734,2025-12-19,2026-01-02,2026-01-10,40,RETURNED
7114,6,464,2023-12-19,2024-01-02,2024-01-01,0,RETURNED
7115,21,404,2024-06-13,2024-06-27,2024-06-27,0,RETURNED
7116,2731,1686,2024-10-09,2024-10-23,2024-11-02,50,RETURNED
7117,1457,146,2024-07-22,2024-08-05,2024-08-02,0,RETURNED
7118,581,1158,2023-04-28,2023-05-12,2023-05-09,0,RETURNED
7119,2976,1751,2024-12-13,2024-12-27,,0,ISSUED
7120,2875,44,2023-04-25,2023-05-09,2023-05-12,15,RETURNED
7121,704,84,2023-12-16,2023-12-30,2023-12-28,0,RETURNED
7122,1330,1192,2025-12-04,2025-12-18,2025-12-19,5,RETURNED
7123,1288,1690,2025-07-13,2025-07-27,2025-07-31,20,RETURNED
7124,2565,1907,2025-04-20,2025-05-04,2025-05-08,20,RETURNED
7125,1018,829,2023-04-08,2023-04-22,2023-05-02,50,RETURNED
7126,2177,1193,2025-06-23,2025-07-07,,0,ISSUED
7127,2296,647,2023-02-04,2023-02-18,2023-02-20,10,RETURNED
7128,1033,812,2025-10-19,2025-11-02,,0,ISSUED
7129,1647,1493,2024-04-23,2024-05-07,2024-05-09,10,RETURNED
7130,1600,107,2025-05-25,2025-06-08,2025-06-07,0,RETURNED
7131,2100,733,2023-06-26,2023-07-10,2023-07-11,5,RETURNED
7132,10,1348,2024-11-21,2024-12-05,2024-11-30,0,RETURNED
7133,2752,1248,2025-09-08,2025-09-22,2025-09-21,0,RETURNED
7134,2093,1716,2023-01-17,2023-01-31,2023-01-30,0,RETURNED
7135,139,783,2024-10-24,2024-11-07,2024-11-11,20,RETURNED
7136,816,1824,2025-04-01,2025-04-15,2025-04-22,35,RETURNED
7137,2149,166,2025-04-14,2025-04-28,2025-04-25,0,RETURNED
7138,572,979,2023-08-21,2023-09-04,2023-09-12,40,RETURNED
7139,946,509,2023-05-13,2023-05-27,2023-06-05,45,RETURNED
7140,957,73,2025-10-09,2025-10-23,2025-10-19,0,RETURNED
7141,216,213,2023-10-25,2023-11-08,2023-11-07,0,RETURNED
7142,552,1006,2025-03-11,2025-03-25,2025-03-24,0,RETURNED
7143,545,1971,2024-02-23,2024-03-08,2024-03-09,5,RETURNED
7144,2323,431,2024-06-18,2024-07-02,,0,ISSUED
7145,922,1190,2023-12-20,2024-01-03,2024-01-10,35,RETURNED
7146,2896,219,2023-12-16,2023-12-30,2024-01-02,15,RETURNED
7147,2938,841,2025-11-10,2025-11-24,2025-11-23,0,RETURNED
7148,853,498,2024-07-20,2024-08-03,2024-08-06,15,RETURNED
7149,1898,338,2023-04-10,2023-04-24,2023-04-27,15,RETURNED
7150,403,1840,2024-10-16,2024-10-30,2024-11-04,25,RETURNED
7151,78,985,2023-06-26,2023-07-10,2023-07-10,0,RETURNED
7152,1002,290,2024-04-07,2024-04-21,,0,OVERDUE
7153,1099,80,2024-08-04,2024-08-18,,0,ISSUED
7154,1480,964,2025-08-14,2025-08-28,2025-08-28,0,RETURNED
7155,2966,1025,2023-03-01,2023-03-15,2023-03-25,50,RETURNED
7156,2877,286,2024-10-04,2024-10-18,2024-10-17,0,RETURNED
7157,2018,681,2023-12-26,2024-01-09,2024-01-16,35,RETURNED
7158,1493,1685,2024-01-04,2024-01-18,2024-01-14,0,RETURNED
7159,471,1691,2024-12-31,2025-01-14,2025-01-18,20,RETURNED
7160,949,58,2023-05-18,2023-06-01,2023-05-30,0,RETURNED
7161,2596,309,2023-10-22,2023-11-05,,0,ISSUED
7162,4,1042,2025-05-31,2025-06-14,2025-06-16,10,RETURNED
7163,761,981,2025-09-07,2025-09-21,,0,ISSUED
7164,1603,653,2023-05-15,2023-05-29,2023-05-24,0,RETURNED
7165,2317,1353,2023-06-26,2023-07-10,2023-07-17,35,RETURNED
7166,731,979,2024-09-11,2024-09-25,2024-09-28,15,RETURNED
7167,1973,422,2025-07-02,2025-07-16,2025-07-21,25,RETURNED
7168,2773,614,2025-10-09,2025-10-23,,0,OVERDUE
7169,43,401,2024-10-07,2024-10-21,2024-10-20,0,RETURNED
7170,2569,412,2025-07-10,2025-07-24,2025-07-19,0,RETURNED
7171,618,174,2024-10-16,2024-10-30,2024-11-03,20,RETURNED
7172,1416,1888,2023-12-08,2023-12-22,2023-12-30,40,RETURNED
7173,850,1673,2025-10-23,2025-11-06,2025-11-13,35,RETURNED
7174,2355,745,2024-10-17,2024-10-31,2024-10-31,0,RETURNED
7175,291,466,2023-07-22,2023-08-05,2023-08-09,20,RETURNED
7176,2926,731,2024-04-07,2024-04-21,2024-04-19,0,RETURNED
7177,596,1234,2023-11-11,2023-11-25,2023-11-29,20,RETURNED
7178,527,1075,2023-05-03,2023-05-17,2023-05-17,0,RETURNED
7179,866,3,2023-10-12,2023-10-26,2023-10-28,10,RETURNED
7180,1486,1198,2025-12-21,2026-01-04,,0,OVERDUE
7181,687,872,2023-05-26,2023-06-09,2023-06-19,50,RETURNED
7182,629,1926,2025-11-15,2025-11-29,2025-12-06,35,RETURNED
7183,2776,1362,2025-04-21,2025-05-05,2025-05-03,0,RETURNED
7184,2168,466,2025-05-26,2025-06-09,2025-06-18,45,RETURNED
7185,1188,1186,2025-08-18,2025-09-01,2025-09-03,10,RETURNED
7186,1426,630,2025-08-11,2025-08-25,,0,OVERDUE
7187,1949,1628,2023-05-08,2023-05-22,2023-05-26,20,RETURNED
7188,2109,169,2025-07-18,2025-08-01,2025-08-09,40,RETURNED
7189,448,801,2025-04-22,2025-05-06,2025-05-14,40,RETURNED
7190,1706,1446,2025-04-20,2025-05-04,2025-05-08,20,RETURNED
7191,2885,1403,2023-06-19,2023-07-03,2023-07-03,0,RETURNED
7192,1695,624,2024-03-13,2024-03-27,2024-04-03,35,RETURNED
7193,2554,1393,2024-10-13,2024-10-27,2024-11-06,50,RETURNED
7194,814,673,2024-12-08,2024-12-22,,0,OVERDUE
7195,708,1013,2023-01-29,2023-02-12,,0,ISSUED
7196,921,487,2025-02-10,2025-02-24,2025-03-04,40,RETURNED
7197,9,1467,2024-07-20,2024-08-03,2024-08-04,5,RETURNED
7198,1871,1434,2024-05-19,2024-06-02,2024-06-07,25,RETURNED
7199,1273,1725,2025-07-02,2025-07-16,2025-07-26,50,RETURNED
7200,2188,572,2025-10-14,2025-10-28,2025-11-03,30,RETURNED
7201,765,468,2025-08-25,2025-09-08,,0,ISSUED
7202,2582,1022,2023-10-20,2023-11-03,2023-11-12,45,RETURNED
7203,489,1692,2024-01-11,2024-01-25,2024-01-24,0,RETURNED
7204,2125,881,2024-02-23,2024-03-08,2024-03-12,20,RETURNED
7205,1339,1407,2024-09-13,2024-09-27,2024-09-22,0,RETURNED
7206,2995,1738,2024-11-15,2024-11-29,2024-12-03,20,RETURNED
7207,485,706,2025-07-24,2025-08-07,2025-08-15,40,RETURNED
7208,671,1180,2025-12-05,2025-12-19,2025-12-22,15,RETURNED
7209,2881,1857,2024-08-15,2024-08-29,2024-09-03,25,RETURNED
7210,2904,338,2023-06-09,2023-06-23,2023-06-23,0,RETURNED
7211,2130,355,2024-11-14,2024-11-28,2024-12-07,45,RETURNED
7212,1203,1434,2025-09-26,2025-10-10,2025-10-16,30,RETURNED
7213,1915,266,2024-06-13,2024-06-27,2024-06-22,0,RETURNED
7214,358,1527,2025-01-04,2025-01-18,2025-01-24,30,RETURNED
7215,1935,1663,2024-06-21,2024-07-05,2024-07-05,0,RETURNED
7216,1532,1099,2025-05-18,2025-06-01,2025-06-01,0,RETURNED
7217,2118,291,2025-08-05,2025-08-19,2025-08-21,10,RETURNED
7218,2644,1926,2025-03-19,2025-04-02,,0,OVERDUE
7219,185,689,2024-06-24,2024-07-08,2024-07-03,0,RETURNED
7220,1798,608,2024-04-22,2024-05-06,2024-05-05,0,RETURNED
7221,2654,328,2023-02-10,2023-02-24,2023-02-24,0,RETURNED
7222,1515,253,2024-04-20,2024-05-04,,0,OVERDUE
7223,2069,618,2024-06-08,2024-06-22,2024-06-23,5,RETURNED
7224,1380,857,2025-02-07,2025-02-21,,0,OVERDUE
7225,288,1040,2023-08-12,2023-08-26,2023-09-01,30,RETURNED
7226,1782,947,2024-05-21,2024-06-04,,0,OVERDUE
7227,2993,1939,2025-06-28,2025-07-12,,0,OVERDUE
7228,2859,1813,2023-09-12,2023-09-26,2023-10-01,25,RETURNED
7229,1591,389,2023-03-12,2023-03-26,2023-03-29,15,RETURNED
7230,1259,1958,2025-04-29,2025-05-13,2025-05-16,15,RETURNED
7231,536,1008,2023-05-01,2023-05-15,2023-05-11,0,RETURNED
7232,164,740,2025-12-29,2026-01-12,2026-01-09,0,RETURNED
7233,1428,701,2024-11-28,2024-12-12,2024-12-21,45,RETURNED
7234,1221,1320,2023-12-09,2023-12-23,2023-12-21,0,RETURNED
7235,2849,1061,2025-11-24,2025-12-08,2025-12-09,5,RETURNED
7236,2914,1738,2025-02-19,2025-03-05,2025-03-14,45,RETURNED
7237,162,560,2023-05-18,2023-06-01,2023-06-08,35,RETURNED
7238,2351,1917,2023-06-14,2023-06-28,2023-07-06,40,RETURNED
7239,2412,1680,2024-06-10,2024-06-24,2024-06-24,0,RETURNED
7240,276,1150,2023-11-25,2023-12-09,2023-12-09,0,RETURNED
7241,1903,36,2023-08-01,2023-08-15,2023-08-20,25,RETURNED
7242,465,550,2025-05-13,2025-05-27,2025-06-05,45,RETURNED
7243,1768,955,2025-08-18,2025-09-01,2025-09-02,5,RETURNED
7244,77,1513,2023-03-09,2023-03-23,2023-04-01,45,RETURNED
7245,483,1894,2025-03-08,2025-03-22,2025-03-23,5,RETURNED
7246,177,9,2025-10-15,2025-10-29,2025-10-30,5,RETURNED
7247,1630,761,2023-03-09,2023-03-23,2023-03-31,40,RETURNED
7248,1811,1724,2023-08-25,2023-09-08,2023-09-03,0,RETURNED
7249,1018,103,2024-05-05,2024-05-19,,0,ISSUED
7250,2639,962,2023-09-19,2023-10-03,,0,ISSUED
7251,720,1639,2024-06-21,2024-07-05,,0,ISSUED
7252,2638,1700,2025-09-03,2025-09-17,2025-09-20,15,RETURNED
7253,2501,261,2023-11-10,2023-11-24,2023-11-25,5,RETURNED
7254,1911,615,2024-12-13,2024-12-27,2024-12-26,0,RETURNED
7255,2062,1913,2025-09-27,2025-10-11,,0,ISSUED
7256,14,3,2025-05-03,2025-05-17,,0,ISSUED
7257,1109,23,2025-01-18,2025-02-01,2025-02-02,5,RETURNED
7258,2839,892,2023-02-11,2023-02-25,2023-02-28,15,RETURNED
7259,40,400,2025-04-07,2025-04-21,2025-04-22,5,RETURNED
7260,53,1306,2025-08-28,2025-09-11,,0,OVERDUE
7261,285,754,2023-10-07,2023-10-21,,0,OVERDUE
7262,938,1225,2024-01-02,2024-01-16,2024-01-24,40,RETURNED
7263,2854,1041,2024-10-11,2024-10-25,,0,ISSUED
7264,945,797,2023-01-19,2023-02-02,2023-02-07,25,RETURNED
7265,1641,839,2024-12-15,2024-12-29,2025-01-04,30,RETURNED
7266,588,1292,2025-03-27,2025-04-10,2025-04-13,15,RETURNED
7267,2455,942,2025-02-13,2025-02-27,2025-03-02,15,RETURNED
7268,2669,1661,2024-05-07,2024-05-21,2024-05-19,0,RETURNED
7269,1134,829,2023-01-17,2023-01-31,2023-01-31,0,RETURNED
7270,540,397,2024-01-09,2024-01-23,2024-01-20,0,RETURNED
7271,2426,1884,2023-12-25,2024-01-08,2024-01-13,25,RETURNED
7272,674,1972,2025-05-30,2025-06-13,2025-06-19,30,RETURNED
7273,1894,1041,2024-03-14,2024-03-28,2024-03-25,0,RETURNED
7274,1403,840,2025-01-05,2025-01-19,2025-01-14,0,RETURNED
7275,1886,881,2024-04-25,2024-05-09,,0,ISSUED
7276,2623,633,2025-06-09,2025-06-23,2025-06-22,0,RETURNED
7277,2179,730,2025-08-04,2025-08-18,2025-08-24,30,RETURNED
7278,2520,1208,2023-01-21,2023-02-04,,0,ISSUED
7279,2568,260,2023-04-19,2023-05-03,2023-04-30,0,RETURNED
7280,1965,1618,2023-01-17,2023-01-31,2023-02-01,5,RETURNED
7281,395,1849,2024-10-05,2024-10-19,,0,ISSUED
7282,1792,1245,2025-04-03,2025-04-17,,0,ISSUED
7283,286,423,2023-09-26,2023-10-10,2023-10-16,30,RETURNED
7284,2115,933,2025-09-13,2025-09-27,2025-10-02,25,RETURNED
7285,611,838,2024-01-07,2024-01-21,2024-01-25,20,RETURNED
7286,2546,1884,2024-08-25,2024-09-08,2024-09-12,20,RETURNED
7287,2889,1993,2025-09-06,2025-09-20,2025-09-27,35,RETURNED
7288,877,353,2025-03-20,2025-04-03,2025-04-07,20,RETURNED
7289,638,947,2025-03-14,2025-03-28,2025-03-24,0,RETURNED
7290,1040,1007,2023-11-19,2023-12-03,2023-12-13,50,RETURNED
7291,49,148,2025-03-25,2025-04-08,2025-04-16,40,RETURNED
7292,5,1005,2025-12-04,2025-12-18,2025-12-24,30,RETURNED
7293,2955,381,2025-01-01,2025-01-15,2025-01-23,40,RETURNED
7294,1563,547,2025-04-06,2025-04-20,2025-04-28,40,RETURNED
7295,857,1667,2025-11-08,2025-11-22,2025-11-26,20,RETURNED
7296,181,515,2023-05-08,2023-05-22,2023-05-17,0,RETURNED
7297,140,1517,2025-04-03,2025-04-17,2025-04-19,10,RETURNED
7298,678,366,2024-09-08,2024-09-22,,0,OVERDUE
7299,2265,1622,2025-05-08,2025-05-22,2025-05-30,40,RETURNED
7300,78,555,2023-12-16,2023-12-30,2023-12-31,5,RETURNED
7301,538,223,2023-06-21,2023-07-05,2023-07-07,10,RETURNED
7302,2911,680,2023-10-28,2023-11-11,,0,ISSUED
7303,934,1618,2024-07-05,2024-07-19,,0,OVERDUE
7304,2520,1817,2024-09-20,2024-10-04,2024-10-11,35,RETURNED
7305,988,1230,2023-11-29,2023-12-13,2023-12-20,35,RETURNED
7306,880,1262,2023-02-19,2023-03-05,2023-03-10,25,RETURNED
7307,2605,413,2024-03-14,2024-03-28,2024-04-06,45,RETURNED
7308,2259,1129,2025-10-20,2025-11-03,2025-10-31,0,RETURNED
7309,1950,402,2025-06-23,2025-07-07,2025-07-09,10,RETURNED
7310,1041,1510,2024-02-18,2024-03-03,2024-03-12,45,RETURNED
7311,116,1332,2025-05-19,2025-06-02,2025-05-28,0,RETURNED
7312,2631,1865,2023-12-18,2024-01-01,2024-01-01,0,RETURNED
7313,1120,201,2025-05-08,2025-05-22,2025-05-24,10,RETURNED
7314,559,827,2024-05-27,2024-06-10,,0,OVERDUE
7315,1093,1379,2025-12-06,2025-12-20,2025-12-17,0,RETURNED
7316,1839,63,2025-08-22,2025-09-05,2025-09-10,25,RETURNED
7317,2484,998,2025-12-01,2025-12-15,2025-12-19,20,RETURNED
7318,1424,980,2025-06-11,2025-06-25,2025-06-29,20,RETURNED
7319,1907,249,2025-01-31,2025-02-14,2025-02-11,0,RETURNED
7320,2517,704,2023-02-28,2023-03-14,,0,OVERDUE
7321,2083,1218,2025-05-23,2025-06-06,2025-06-15,45,RETURNED
7322,2960,741,2025-10-15,2025-10-29,2025-10-26,0,RETURNED
7323,1078,1001,2023-11-03,2023-11-17,,0,ISSUED
7324,390,314,2023-05-21,2023-06-04,2023-06-13,45,RETURNED
7325,2354,1720,2025-05-01,2025-05-15,2025-05-25,50,RETURNED
7326,1030,435,2025-08-30,2025-09-13,2025-09-10,0,RETURNED
7327,31,1621,2023-11-02,2023-11-16,2023-11-15,0,RETURNED
7328,1634,1528,2023-03-16,2023-03-30,2023-04-02,15,RETURNED
7329,2318,772,2024-05-03,2024-05-17,2024-05-19,10,RETURNED
7330,242,1519,2024-03-17,2024-03-31,2024-04-07,35,RETURNED
7331,344,1367,2025-02-06,2025-02-20,,0,OVERDUE
7332,284,1160,2023-05-17,2023-05-31,2023-05-29,0,RETURNED
7333,1048,1196,2023-03-28,2023-04-11,2023-04-14,15,RETURNED
7334,2009,1911,2024-05-20,2024-06-03,2024-06-01,0,RETURNED
7335,2123,1435,2024-05-19,2024-06-02,2024-06-02,0,RETURNED
7336,1060,1221,2023-07-01,2023-07-15,2023-07-25,50,RETURNED
7337,2037,822,2024-12-07,2024-12-21,,0,OVERDUE
7338,23,1289,2025-03-09,2025-03-23,2025-03-22,0,RETURNED
7339,2668,485,2023-07-03,2023-07-17,2023-07-13,0,RETURNED
7340,2541,56,2025-09-18,2025-10-02,,0,OVERDUE
7341,1513,1687,2025-07-19,2025-08-02,2025-08-07,25,RETURNED
7342,778,411,2024-09-25,2024-10-09,,0,OVERDUE
7343,2937,1551,2023-01-01,2023-01-15,2023-01-19,20,RETURNED
7344,282,1753,2023-05-05,2023-05-19,2023-05-23,20,RETURNED
7345,1752,1323,2023-10-07,2023-10-21,2023-10-20,0,RETURNED
7346,2183,1458,2024-05-18,2024-06-01,,0,OVERDUE
7347,2552,1823,2024-10-04,2024-10-18,2024-10-23,25,RETURNED
7348,1188,1354,2024-08-21,2024-09-04,2024-09-04,0,RETURNED
7349,2682,988,2024-09-05,2024-09-19,2024-09-28,45,RETURNED
7350,2972,647,2023-11-04,2023-11-18,2023-11-17,0,RETURNED
7351,2311,637,2024-01-26,2024-02-09,2024-02-19,50,RETURNED
7352,1156,1280,2023-10-20,2023-11-03,2023-11-11,40,RETURNED
7353,1035,717,2025-12-22,2026-01-05,2026-01-11,30,RETURNED
7354,64,1999,2023-05-25,2023-06-08,2023-06-04,0,RETURNED
7355,326,1580,2023-06-20,2023-07-04,,0,OVERDUE
7356,2632,1367,2025-05-24,2025-06-07,,0,OVERDUE
7357,386,1451,2024-12-06,2024-12-20,2024-12-21,5,RETURNED
7358,2811,651,2023-01-19,2023-02-02,2023-02-02,0,RETURNED
7359,232,1141,2023-10-11,2023-10-25,2023-10-25,0,RETURNED
7360,180,1386,2023-11-25,2023-12-09,2023-12-13,20,RETURNED
7361,2581,1746,2025-09-28,2025-10-12,2025-10-13,5,RETURNED
7362,531,843,2025-10-12,2025-10-26,2025-10-22,0,RETURNED
7363,2356,1881,2025-08-17,2025-08-31,2025-09-05,25,RETURNED
7364,965,956,2024-07-08,2024-07-22,2024-07-25,15,RETURNED
7365,2581,1571,2025-07-05,2025-07-19,,0,OVERDUE
7366,1432,1692,2024-12-11,2024-12-25,2024-12-27,10,RETURNED
7367,20,1605,2024-05-28,2024-06-11,2024-06-16,25,RETURNED
7368,2546,599,2024-04-15,2024-04-29,2024-04-28,0,RETURNED
7369,37,252,2023-07-21,2023-08-04,,0,OVERDUE
7370,447,1112,2023-09-03,2023-09-17,2023-09-27,50,RETURNED
7371,2188,1508,2024-01-05,2024-01-19,2024-01-15,0,RETURNED
7372,2598,1596,2024-02-08,2024-02-22,2024-02-24,10,RETURNED
7373,1271,1014,2024-01-12,2024-01-26,,0,OVERDUE
7374,2453,1849,2023-01-25,2023-02-08,2023-02-05,0,RETURNED
7375,1794,1832,2025-03-26,2025-04-09,2025-04-05,0,RETURNED
7376,1137,297,2024-01-15,2024-01-29,2024-01-26,0,RETURNED
7377,2594,1777,2025-07-04,2025-07-18,2025-07-27,45,RETURNED
7378,2952,1361,2024-05-31,2024-06-14,2024-06-19,25,RETURNED
7379,2958,1425,2023-04-29,2023-05-13,2023-05-12,0,RETURNED
7380,890,1228,2023-11-08,2023-11-22,2023-12-02,50,RETURNED
7381,866,1299,2024-06-08,2024-06-22,2024-06-18,0,RETURNED
7382,2245,558,2023-07-04,2023-07-18,2023-07-26,40,RETURNED
7383,466,1378,2023-02-12,2023-02-26,2023-02-23,0,RETURNED
7384,1751,656,2025-05-12,2025-05-26,2025-05-30,20,RETURNED
7385,2476,893,2023-05-04,2023-05-18,2023-05-20,10,RETURNED
7386,1947,224,2025-01-02,2025-01-16,,0,ISSUED
7387,2081,584,2023-10-22,2023-11-05,2023-11-01,0,RETURNED
7388,693,1165,2025-10-16,2025-10-30,,0,OVERDUE
7389,1405,260,2025-11-30,2025-12-14,2025-12-18,20,RETURNED
7390,2819,1037,2023-10-02,2023-10-16,,0,ISSUED
7391,1574,1372,2023-04-01,2023-04-15,2023-04-11,0,RETURNED
7392,1200,1387,2024-09-25,2024-10-09,,0,ISSUED
7393,1606,1936,2025-08-04,2025-08-18,2025-08-20,10,RETURNED
7394,1760,701,2025-02-17,2025-03-03,,0,OVERDUE
7395,744,894,2023-08-30,2023-09-13,,0,OVERDUE
7396,2788,514,2024-01-28,2024-02-11,2024-02-14,15,RETURNED
7397,935,1651,2024-12-24,2025-01-07,2025-01-13,30,RETURNED
7398,582,1337,2023-07-23,2023-08-06,2023-08-01,0,RETURNED
7399,2336,1568,2024-10-28,2024-11-11,,0,ISSUED
7400,1281,1716,2023-03-14,2023-03-28,,0,ISSUED
7401,2001,361,2023-02-26,2023-03-12,,0,OVERDUE
7402,2691,346,2025-04-24,2025-05-08,2025-05-12,20,RETURNED
7403,962,1405,2023-03-05,2023-03-19,2023-03-17,0,RETURNED
7404,885,798,2025-03-17,2025-03-31,2025-04-01,5,RETURNED
7405,1282,1452,2024-05-29,2024-06-12,2024-06-21,45,RETURNED
7406,500,1177,2023-10-03,2023-10-17,2023-10-14,0,RETURNED
7407,2107,1924,2025-03-01,2025-03-15,2025-03-20,25,RETURNED
7408,1524,1493,2024-08-25,2024-09-08,2024-09-04,0,RETURNED
7409,23,264,2025-04-21,2025-05-05,,0,OVERDUE
7410,2410,1224,2025-11-04,2025-11-18,,0,ISSUED
7411,373,1370,2025-09-22,2025-10-06,2025-10-14,40,RETURNED
7412,1731,590,2024-11-26,2024-12-10,2024-12-17,35,RETURNED
7413,1946,1106,2023-03-13,2023-03-27,2023-03-28,5,RETURNED
7414,734,348,2025-02-07,2025-02-21,2025-02-25,20,RETURNED
7415,2990,1249,2023-09-21,2023-10-05,2023-10-12,35,RETURNED
7416,2661,1895,2023-05-24,2023-06-07,2023-06-13,30,RETURNED
7417,1516,319,2025-12-13,2025-12-27,,0,ISSUED
7418,197,1407,2023-12-01,2023-12-15,2023-12-18,15,RETURNED
7419,1450,458,2023-03-12,2023-03-26,2023-03-22,0,RETURNED
7420,2312,127,2023-10-30,2023-11-13,2023-11-16,15,RETURNED
7421,1668,1301,2025-05-30,2025-06-13,2025-06-09,0,RETURNED
7422,1634,359,2025-12-26,2026-01-09,2026-01-04,0,RETURNED
7423,1611,610,2023-12-06,2023-12-20,2023-12-19,0,RETURNED
7424,1029,404,2023-03-03,2023-03-17,2023-03-12,0,RETURNED
7425,1615,363,2025-12-25,2026-01-08,,0,OVERDUE
7426,2482,782,2025-02-25,2025-03-11,2025-03-16,25,RETURNED
7427,1717,945,2025-08-06,2025-08-20,2025-08-30,50,RETURNED
7428,2598,1705,2023-06-08,2023-06-22,2023-06-28,30,RETURNED
7429,635,1255,2023-08-29,2023-09-12,2023-09-13,5,RETURNED
7430,1517,73,2024-10-24,2024-11-07,2024-11-13,30,RETURNED
7431,1216,1762,2024-11-05,2024-11-19,2024-11-27,40,RETURNED
7432,1867,608,2025-08-24,2025-09-07,2025-09-12,25,RETURNED
7433,451,201,2025-03-22,2025-04-05,2025-04-01,0,RETURNED
7434,1760,1588,2023-08-18,2023-09-01,2023-09-06,25,RETURNED
7435,1109,373,2023-05-04,2023-05-18,2023-05-17,0,RETURNED
7436,64,1070,2025-02-24,2025-03-10,,0,ISSUED
7437,2561,235,2023-06-06,2023-06-20,2023-06-29,45,RETURNED
7438,1277,1059,2024-12-11,2024-12-25,,0,OVERDUE
7439,732,1539,2025-01-21,2025-02-04,,0,OVERDUE
7440,393,999,2024-12-16,2024-12-30,,0,OVERDUE
7441,2919,1767,2024-06-26,2024-07-10,2024-07-11,5,RETURNED
7442,275,687,2025-07-02,2025-07-16,2025-07-24,40,RETURNED
7443,842,1563,2024-09-02,2024-09-16,,0,ISSUED
7444,811,138,2023-11-05,2023-11-19,2023-11-16,0,RETURNED
7445,1510,764,2023-01-03,2023-01-17,2023-01-12,0,RETURNED
7446,1872,322,2023-05-11,2023-05-25,2023-05-27,10,RETURNED
7447,3000,1345,2024-02-15,2024-02-29,,0,OVERDUE
7448,2562,1511,2025-12-10,2025-12-24,2025-12-26,10,RETURNED
7449,1620,816,2023-02-10,2023-02-24,2023-03-06,50,RETURNED
7450,2188,1143,2025-01-29,2025-02-12,2025-02-22,50,RETURNED
7451,2888,423,2024-09-17,2024-10-01,2024-10-01,0,RETURNED
7452,1177,738,2024-11-19,2024-12-03,2024-12-10,35,RETURNED
7453,1405,1944,2024-03-14,2024-03-28,,0,OVERDUE
7454,357,682,2025-05-30,2025-06-13,,0,OVERDUE
7455,1953,1885,2025-08-14,2025-08-28,2025-09-03,30,RETURNED
7456,2519,1909,2025-10-25,2025-11-08,2025-11-17,45,RETURNED
7457,1109,462,2023-09-16,2023-09-30,2023-10-10,50,RETURNED
7458,101,895,2024-03-24,2024-04-07,2024-04-12,25,RETURNED
7459,1991,740,2025-11-25,2025-12-09,2025-12-18,45,RETURNED
7460,541,1572,2023-04-25,2023-05-09,2023-05-15,30,RETURNED
7461,2715,807,2023-02-12,2023-02-26,,0,ISSUED
7462,106,1588,2023-07-14,2023-07-28,2023-07-31,15,RETURNED
7463,2952,1562,2024-12-14,2024-12-28,2025-01-02,25,RETURNED
7464,1288,973,2024-05-08,2024-05-22,2024-05-25,15,RETURNED
7465,1430,1160,2023-04-27,2023-05-11,2023-05-16,25,RETURNED
7466,1208,134,2023-12-07,2023-12-21,,0,OVERDUE
7467,1498,1903,2024-08-19,2024-09-02,2024-09-12,50,RETURNED
7468,964,1612,2025-07-02,2025-07-16,2025-07-18,10,RETURNED
7469,667,604,2024-08-12,2024-08-26,2024-09-05,50,RETURNED
7470,2800,922,2024-04-17,2024-05-01,2024-05-07,30,RETURNED
7471,1215,1947,2023-11-01,2023-11-15,2023-11-17,10,RETURNED
7472,1210,1701,2024-07-02,2024-07-16,2024-07-16,0,RETURNED
7473,1842,567,2024-05-10,2024-05-24,2024-05-27,15,RETURNED
7474,2087,838,2025-07-20,2025-08-03,2025-08-02,0,RETURNED
7475,1583,905,2023-05-09,2023-05-23,2023-06-01,45,RETURNED
7476,1909,331,2023-10-23,2023-11-06,2023-11-13,35,RETURNED
7477,38,1742,2023-12-05,2023-12-19,2023-12-24,25,RETURNED
7478,2875,1308,2024-12-10,2024-12-24,2024-12-30,30,RETURNED
7479,1995,1048,2025-01-11,2025-01-25,2025-02-04,50,RETURNED
7480,1649,1505,2025-07-07,2025-07-21,,0,OVERDUE
7481,2197,1413,2024-08-31,2024-09-14,2024-09-22,40,RETURNED
7482,901,634,2025-12-14,2025-12-28,2025-12-31,15,RETURNED
7483,907,197,2024-02-17,2024-03-02,,0,ISSUED
7484,1721,93,2024-03-26,2024-04-09,2024-04-12,15,RETURNED
7485,2505,1572,2025-10-30,2025-11-13,2025-11-09,0,RETURNED
7486,1811,628,2024-11-14,2024-11-28,,0,ISSUED
7487,1979,284,2025-08-08,2025-08-22,2025-08-30,40,RETURNED
7488,2820,423,2023-04-29,2023-05-13,2023-05-12,0,RETURNED
7489,2371,681,2024-04-25,2024-05-09,2024-05-09,0,RETURNED
7490,840,393,2025-11-10,2025-11-24,,0,OVERDUE
7491,66,1911,2024-01-10,2024-01-24,2024-01-28,20,RETURNED
7492,1734,261,2023-11-27,2023-12-11,2023-12-19,40,RETURNED
7493,156,744,2023-12-23,2024-01-06,2024-01-10,20,RETURNED
7494,1908,485,2024-12-23,2025-01-06,,0,OVERDUE
7495,419,795,2023-10-26,2023-11-09,2023-11-07,0,RETURNED
7496,298,1878,2023-04-29,2023-05-13,2023-05-23,50,RETURNED
7497,2950,1782,2025-07-09,2025-07-23,,0,ISSUED
7498,2383,234,2023-02-04,2023-02-18,2023-02-17,0,RETURNED
7499,1870,1416,2025-01-04,2025-01-18,,0,OVERDUE
7500,292,1517,2024-11-16,2024-11-30,2024-11-27,0,RETURNED
7501,699,1263,2024-03-11,2024-03-25,,0,OVERDUE
7502,2490,1471,2024-12-25,2025-01-08,2025-01-07,0,RETURNED
7503,1268,1875,2025-07-28,2025-08-11,2025-08-15,20,RETURNED
7504,546,1255,2024-12-11,2024-12-25,2025-01-02,40,RETURNED
7505,2988,609,2024-10-14,2024-10-28,,0,OVERDUE
7506,2298,421,2025-07-04,2025-07-18,2025-07-15,0,RETURNED
7507,1597,1652,2024-01-02,2024-01-16,,0,OVERDUE
7508,2441,1336,2024-11-08,2024-11-22,2024-11-23,5,RETURNED
7509,2905,1275,2024-12-10,2024-12-24,,0,ISSUED
7510,2948,1303,2024-02-16,2024-03-01,2024-02-28,0,RETURNED
7511,1620,1661,2023-08-22,2023-09-05,,0,OVERDUE
7512,2385,1213,2023-01-09,2023-01-23,2023-01-20,0,RETURNED
7513,387,1320,2024-01-05,2024-01-19,2024-01-20,5,RETURNED
7514,1751,1705,2025-08-17,2025-08-31,2025-08-29,0,RETURNED
7515,908,723,2024-04-20,2024-05-04,2024-05-06,10,RETURNED
7516,611,589,2023-01-21,2023-02-04,2023-02-11,35,RETURNED
7517,329,1479,2023-06-11,2023-06-25,2023-07-03,40,RETURNED
7518,1191,1168,2024-11-27,2024-12-11,,0,ISSUED
7519,1401,965,2023-02-15,2023-03-01,2023-03-08,35,RETURNED
7520,1197,288,2025-04-28,2025-05-12,2025-05-19,35,RETURNED
7521,2002,1313,2023-02-18,2023-03-04,2023-03-07,15,RETURNED
7522,1457,1724,2025-09-12,2025-09-26,2025-10-02,30,RETURNED
7523,1150,853,2024-12-23,2025-01-06,2025-01-01,0,RETURNED
7524,1299,1370,2023-09-22,2023-10-06,,0,OVERDUE
7525,416,1214,2023-10-26,2023-11-09,2023-11-07,0,RETURNED
7526,274,1798,2025-02-15,2025-03-01,2025-02-28,0,RETURNED
7527,1079,1494,2025-03-29,2025-04-12,,0,OVERDUE
7528,2009,1856,2023-12-19,2024-01-02,2024-01-01,0,RETURNED
7529,1304,1931,2025-06-08,2025-06-22,,0,ISSUED
7530,1507,1844,2023-08-30,2023-09-13,2023-09-23,50,RETURNED
7531,1636,1536,2023-05-21,2023-06-04,,0,ISSUED
7532,1376,1031,2023-03-23,2023-04-06,2023-04-08,10,RETURNED
7533,283,959,2024-06-07,2024-06-21,,0,ISSUED
7534,233,1451,2023-06-04,2023-06-18,,0,OVERDUE
7535,983,352,2025-03-15,2025-03-29,2025-04-02,20,RETURNED
7536,121,911,2024-11-05,2024-11-19,2024-11-28,45,RETURNED
7537,1734,622,2023-12-27,2024-01-10,2024-01-14,20,RETURNED
7538,2371,582,2025-05-04,2025-05-18,2025-05-13,0,RETURNED
7539,2355,876,2025-05-05,2025-05-19,2025-05-15,0,RETURNED
7540,1064,1596,2024-05-30,2024-06-13,,0,ISSUED
7541,869,991,2023-08-05,2023-08-19,2023-08-29,50,RETURNED
7542,38,884,2023-10-22,2023-11-05,2023-11-08,15,RETURNED
7543,1703,1557,2023-03-03,2023-03-17,2023-03-23,30,RETURNED
7544,474,1247,2024-05-17,2024-05-31,,0,OVERDUE
7545,658,1582,2025-11-14,2025-11-28,2025-11-27,0,RETURNED
7546,1392,1250,2024-03-12,2024-03-26,2024-03-25,0,RETURNED
7547,2259,1625,2023-03-29,2023-04-12,2023-04-09,0,RETURNED
7548,1145,219,2025-06-20,2025-07-04,2025-07-02,0,RETURNED
7549,1181,1505,2024-06-01,2024-06-15,,0,OVERDUE
7550,2341,1064,2024-06-30,2024-07-14,,0,OVERDUE
7551,396,737,2025-02-12,2025-02-26,2025-03-06,40,RETURNED
7552,1080,997,2025-03-01,2025-03-15,,0,ISSUED
7553,1596,92,2023-03-07,2023-03-21,2023-03-31,50,RETURNED
7554,2360,163,2023-12-15,2023-12-29,,0,OVERDUE
7555,35,996,2024-01-20,2024-02-03,2024-02-05,10,RETURNED
7556,1414,148,2024-05-30,2024-06-13,,0,OVERDUE
7557,340,565,2025-03-21,2025-04-04,2025-04-13,45,RETURNED
7558,753,522,2025-08-07,2025-08-21,,0,OVERDUE
7559,94,1444,2023-06-05,2023-06-19,,0,ISSUED
7560,2170,1332,2025-09-02,2025-09-16,2025-09-13,0,RETURNED
7561,631,1198,2024-10-20,2024-11-03,2024-11-01,0,RETURNED
7562,2328,1943,2024-02-26,2024-03-11,2024-03-18,35,RETURNED
7563,272,1682,2023-09-28,2023-10-12,2023-10-08,0,RETURNED
7564,2040,532,2023-05-13,2023-05-27,2023-05-26,0,RETURNED
7565,1430,1680,2024-10-17,2024-10-31,2024-11-05,25,RETURNED
7566,1962,481,2025-07-10,2025-07-24,2025-07-28,20,RETURNED
7567,465,769,2023-05-27,2023-06-10,2023-06-11,5,RETURNED
7568,1667,1298,2023-08-25,2023-09-08,2023-09-08,0,RETURNED
7569,2313,1134,2023-09-27,2023-10-11,,0,ISSUED
7570,39,648,2025-04-26,2025-05-10,2025-05-18,40,RETURNED
7571,422,600,2023-07-13,2023-07-27,,0,OVERDUE
7572,2873,1338,2024-09-10,2024-09-24,2024-09-22,0,RETURNED
7573,2237,295,2023-04-20,2023-05-04,,0,ISSUED
7574,408,604,2023-08-10,2023-08-24,2023-08-21,0,RETURNED
7575,1420,375,2025-03-24,2025-04-07,2025-04-17,50,RETURNED
7576,805,350,2024-11-23,2024-12-07,2024-12-09,10,RETURNED
7577,2230,1243,2025-03-12,2025-03-26,2025-03-31,25,RETURNED
7578,644,1590,2024-10-01,2024-10-15,,0,OVERDUE
7579,793,1312,2025-07-05,2025-07-19,2025-07-28,45,RETURNED
7580,436,1408,2023-11-18,2023-12-02,2023-12-10,40,RETURNED
7581,2360,229,2024-07-27,2024-08-10,,0,OVERDUE
7582,140,868,2024-07-29,2024-08-12,2024-08-14,10,RETURNED
7583,2046,1075,2023-09-17,2023-10-01,2023-10-07,30,RETURNED
7584,170,789,2023-07-01,2023-07-15,2023-07-19,20,RETURNED
7585,167,1146,2025-04-11,2025-04-25,2025-05-03,40,RETURNED
7586,7,752,2024-02-12,2024-02-26,2024-02-22,0,RETURNED
7587,2838,1808,2023-12-17,2023-12-31,2023-12-27,0,RETURNED
7588,2513,624,2025-06-01,2025-06-15,2025-06-18,15,RETURNED
7589,1963,1966,2024-07-31,2024-08-14,2024-08-17,15,RETURNED
7590,2398,229,2025-10-27,2025-11-10,2025-11-14,20,RETURNED
7591,1064,737,2023-09-20,2023-10-04,,0,ISSUED
7592,157,1759,2023-08-26,2023-09-09,,0,ISSUED
7593,411,1094,2025-06-30,2025-07-14,2025-07-24,50,RETURNED
7594,2674,1215,2025-06-06,2025-06-20,2025-06-26,30,RETURNED
7595,36,617,2025-01-21,2025-02-04,,0,ISSUED
7596,2418,1731,2023-06-25,2023-07-09,2023-07-16,35,RETURNED
7597,2764,904,2024-01-01,2024-01-15,2024-01-21,30,RETURNED
7598,1103,72,2025-10-09,2025-10-23,2025-10-26,15,RETURNED
7599,2084,240,2024-02-06,2024-02-20,2024-02-22,10,RETURNED
7600,596,565,2023-01-21,2023-02-04,2023-01-31,0,RETURNED
7601,1757,1254,2024-06-22,2024-07-06,2024-07-12,30,RETURNED
7602,2034,143,2025-09-19,2025-10-03,2025-10-04,5,RETURNED
7603,2803,1503,2025-10-29,2025-11-12,2025-11-22,50,RETURNED
7604,2358,1315,2024-11-19,2024-12-03,2024-11-28,0,RETURNED
7605,1493,88,2025-01-09,2025-01-23,2025-01-30,35,RETURNED
7606,191,1870,2023-04-22,2023-05-06,,0,OVERDUE
7607,2226,1483,2023-10-11,2023-10-25,2023-10-26,5,RETURNED
7608,557,1291,2025-11-28,2025-12-12,2025-12-17,25,RETURNED
7609,536,518,2024-01-27,2024-02-10,2024-02-07,0,RETURNED
7610,537,1096,2023-08-16,2023-08-30,2023-09-04,25,RETURNED
7611,1196,191,2025-02-26,2025-03-12,,0,ISSUED
7612,1635,1920,2023-07-27,2023-08-10,2023-08-14,20,RETURNED
7613,62,574,2025-10-04,2025-10-18,2025-10-20,10,RETURNED
7614,163,1217,2024-07-06,2024-07-20,2024-07-24,20,RETURNED
7615,2112,908,2024-04-28,2024-05-12,,0,ISSUED
7616,1281,1105,2025-06-14,2025-06-28,2025-07-03,25,RETURNED
7617,2825,866,2025-11-08,2025-11-22,2025-11-26,20,RETURNED
7618,835,853,2025-09-03,2025-09-17,,0,OVERDUE
7619,2304,627,2024-05-08,2024-05-22,2024-05-25,15,RETURNED
7620,2236,129,2025-09-12,2025-09-26,2025-10-02,30,RETURNED
7621,518,27,2023-06-23,2023-07-07,2023-07-13,30,RETURNED
7622,2784,1115,2025-03-16,2025-03-30,2025-03-29,0,RETURNED
7623,2996,972,2023-04-18,2023-05-02,,0,OVERDUE
7624,1643,921,2024-02-21,2024-03-06,2024-03-09,15,RETURNED
7625,79,1933,2025-09-21,2025-10-05,2025-10-06,5,RETURNED
7626,1764,751,2025-06-29,2025-07-13,,0,ISSUED
7627,1066,130,2025-11-25,2025-12-09,2025-12-13,20,RETURNED
7628,2957,1808,2023-11-19,2023-12-03,2023-12-03,0,RETURNED
7629,455,1975,2025-07-24,2025-08-07,2025-08-05,0,RETURNED
7630,2612,1242,2023-06-24,2023-07-08,2023-07-11,15,RETURNED
7631,747,1931,2023-02-13,2023-02-27,2023-03-02,15,RETURNED
7632,2090,259,2024-12-22,2025-01-05,2025-01-05,0,RETURNED
7633,2564,896,2025-10-10,2025-10-24,2025-10-24,0,RETURNED
7634,927,719,2024-03-20,2024-04-03,2024-03-30,0,RETURNED
7635,1997,1377,2023-07-03,2023-07-17,2023-07-15,0,RETURNED
7636,125,910,2024-10-25,2024-11-08,2024-11-09,5,RETURNED
7637,2859,223,2025-07-21,2025-08-04,2025-08-07,15,RETURNED
7638,2341,1921,2023-05-09,2023-05-23,,0,ISSUED
7639,910,1169,2025-05-25,2025-06-08,2025-06-11,15,RETURNED
7640,1553,782,2024-01-20,2024-02-03,2024-02-09,30,RETURNED
7641,1275,719,2023-09-26,2023-10-10,2023-10-18,40,RETURNED
7642,1625,633,2023-09-08,2023-09-22,2023-09-20,0,RETURNED
7643,2346,826,2024-05-05,2024-05-19,2024-05-17,0,RETURNED
7644,2866,970,2023-01-03,2023-01-17,2023-01-25,40,RETURNED
7645,2666,1726,2024-01-08,2024-01-22,2024-01-29,35,RETURNED
7646,240,839,2023-08-04,2023-08-18,2023-08-26,40,RETURNED
7647,697,1799,2023-02-02,2023-02-16,,0,ISSUED
7648,2155,608,2024-05-19,2024-06-02,2024-06-02,0,RETURNED
7649,574,1710,2025-01-31,2025-02-14,2025-02-15,5,RETURNED
7650,2616,1491,2025-08-10,2025-08-24,2025-08-26,10,RETURNED
7651,306,788,2025-06-29,2025-07-13,2025-07-11,0,RETURNED
7652,2600,789,2023-08-23,2023-09-06,2023-09-05,0,RETURNED
7653,2712,1484,2025-05-04,2025-05-18,2025-05-27,45,RETURNED
7654,1666,1274,2025-03-18,2025-04-01,2025-03-29,0,RETURNED
7655,2373,1672,2025-07-23,2025-08-06,,0,OVERDUE
7656,1188,810,2023-02-22,2023-03-08,,0,OVERDUE
7657,339,1483,2023-09-19,2023-10-03,2023-10-06,15,RETURNED
7658,24,1819,2023-08-04,2023-08-18,2023-08-17,0,RETURNED
7659,1998,1910,2024-02-05,2024-02-19,2024-02-18,0,RETURNED
7660,677,1960,2023-05-28,2023-06-11,2023-06-14,15,RETURNED
7661,1264,1114,2024-11-30,2024-12-14,2024-12-18,20,RETURNED
7662,2028,672,2023-02-10,2023-02-24,2023-02-21,0,RETURNED
7663,2552,1637,2025-08-29,2025-09-12,,0,ISSUED
7664,2768,765,2023-07-12,2023-07-26,2023-07-25,0,RETURNED
7665,903,1429,2025-01-09,2025-01-23,2025-01-24,5,RETURNED
7666,2299,1901,2025-05-08,2025-05-22,2025-05-24,10,RETURNED
7667,637,96,2023-07-24,2023-08-07,2023-08-08,5,RETURNED
7668,2025,1848,2025-08-18,2025-09-01,,0,ISSUED
7669,1006,1316,2025-05-08,2025-05-22,2025-05-28,30,RETURNED
7670,1651,1431,2024-03-15,2024-03-29,2024-03-28,0,RETURNED
7671,2591,1673,2025-03-14,2025-03-28,2025-03-26,0,RETURNED
7672,2756,680,2025-06-12,2025-06-26,2025-07-04,40,RETURNED
7673,1826,1860,2023-03-13,2023-03-27,2023-03-31,20,RETURNED
7674,482,475,2023-06-06,2023-06-20,2023-06-27,35,RETURNED
7675,2643,1699,2023-10-14,2023-10-28,2023-10-27,0,RETURNED
7676,2350,368,2024-11-06,2024-11-20,,0,OVERDUE
7677,1186,29,2023-09-02,2023-09-16,2023-09-19,15,RETURNED
7678,382,936,2024-11-18,2024-12-02,2024-12-05,15,RETURNED
7679,431,833,2025-09-13,2025-09-27,,0,ISSUED
7680,1365,1587,2025-12-05,2025-12-19,,0,ISSUED
7681,1222,1832,2023-08-18,2023-09-01,2023-09-09,40,RETURNED
7682,2641,1014,2024-08-04,2024-08-18,2024-08-14,0,RETURNED
7683,2135,301,2024-01-01,2024-01-15,2024-01-10,0,RETURNED
7684,1434,143,2025-05-24,2025-06-07,2025-06-05,0,RETURNED
7685,2036,1012,2023-12-09,2023-12-23,2023-12-31,40,RETURNED
7686,2148,1364,2023-02-26,2023-03-12,2023-03-18,30,RETURNED
7687,466,340,2024-09-19,2024-10-03,2024-10-11,40,RETURNED
7688,1393,349,2024-07-11,2024-07-25,,0,ISSUED
7689,1650,2000,2023-04-06,2023-04-20,2023-04-21,5,RETURNED
7690,1636,213,2025-07-25,2025-08-08,2025-08-11,15,RETURNED
7691,2272,1005,2023-11-13,2023-11-27,2023-11-24,0,RETURNED
7692,1995,79,2024-03-18,2024-04-01,2024-04-05,20,RETURNED
7693,382,998,2025-03-14,2025-03-28,2025-03-30,10,RETURNED
7694,803,880,2024-09-15,2024-09-29,2024-09-27,0,RETURNED
7695,1999,1676,2025-03-14,2025-03-28,2025-04-05,40,RETURNED
7696,2979,1834,2025-10-19,2025-11-02,,0,ISSUED
7697,629,736,2024-02-02,2024-02-16,2024-02-15,0,RETURNED
7698,1298,648,2023-05-22,2023-06-05,2023-06-15,50,RETURNED
7699,1583,666,2024-11-16,2024-11-30,,0,OVERDUE
7700,1905,1881,2025-10-16,2025-10-30,,0,OVERDUE
7701,1162,1062,2025-09-10,2025-09-24,,0,ISSUED
7702,57,1261,2024-12-19,2025-01-02,2025-01-09,35,RETURNED
7703,307,1874,2025-04-09,2025-04-23,,0,OVERDUE
7704,2655,60,2025-04-14,2025-04-28,2025-05-03,25,RETURNED
7705,2280,1209,2025-09-02,2025-09-16,2025-09-19,15,RETURNED
7706,2599,333,2023-05-16,2023-05-30,2023-06-01,10,RETURNED
7707,2168,11,2024-09-28,2024-10-12,2024-10-15,15,RETURNED
7708,13,971,2023-01-07,2023-01-21,,0,ISSUED
7709,1276,665,2025-06-04,2025-06-18,,0,ISSUED
7710,2955,792,2023-04-10,2023-04-24,2023-04-27,15,RETURNED
7711,986,533,2024-06-27,2024-07-11,2024-07-17,30,RETURNED
7712,2215,988,2024-07-06,2024-07-20,2024-07-24,20,RETURNED
7713,1780,714,2025-12-28,2026-01-11,2026-01-18,35,RETURNED
7714,2249,1379,2024-11-03,2024-11-17,2024-11-17,0,RETURNED
7715,1950,1147,2024-10-22,2024-11-05,2024-11-05,0,RETURNED
7716,1932,1549,2024-03-24,2024-04-07,2024-04-12,25,RETURNED
7717,828,155,2023-05-29,2023-06-12,2023-06-18,30,RETURNED
7718,2690,1403,2024-10-14,2024-10-28,2024-10-31,15,RETURNED
7719,366,1806,2023-05-17,2023-05-31,2023-06-01,5,RETURNED
7720,826,47,2023-09-23,2023-10-07,2023-10-03,0,RETURNED
7721,599,1973,2024-06-06,2024-06-20,2024-06-25,25,RETURNED
7722,327,1669,2023-01-06,2023-01-20,,0,OVERDUE
7723,2162,635,2024-10-15,2024-10-29,2024-11-07,45,RETURNED
7724,2709,1564,2025-04-04,2025-04-18,2025-04-16,0,RETURNED
7725,1553,1843,2023-01-08,2023-01-22,2023-01-29,35,RETURNED
7726,859,1617,2025-12-15,2025-12-29,2026-01-05,35,RETURNED
7727,159,533,2025-07-22,2025-08-05,2025-08-14,45,RETURNED
7728,2822,800,2024-07-02,2024-07-16,2024-07-16,0,RETURNED
7729,800,1653,2025-03-06,2025-03-20,2025-03-17,0,RETURNED
7730,1978,516,2024-11-10,2024-11-24,2024-11-20,0,RETURNED
7731,1332,518,2025-01-11,2025-01-25,2025-01-29,20,RETURNED
7732,2214,1406,2024-11-27,2024-12-11,,0,OVERDUE
7733,2716,282,2025-11-16,2025-11-30,2025-12-05,25,RETURNED
7734,668,877,2024-06-28,2024-07-12,2024-07-12,0,RETURNED
7735,1778,1542,2025-07-31,2025-08-14,2025-08-13,0,RETURNED
7736,2453,1355,2023-03-01,2023-03-15,,0,OVERDUE
7737,989,1850,2023-11-02,2023-11-16,2023-11-25,45,RETURNED
7738,755,1387,2023-07-14,2023-07-28,,0,ISSUED
7739,2234,482,2023-06-25,2023-07-09,2023-07-11,10,RETURNED
7740,940,178,2023-04-08,2023-04-22,2023-04-26,20,RETURNED
7741,2,1685,2025-12-09,2025-12-23,2025-12-20,0,RETURNED
7742,1929,516,2024-11-28,2024-12-12,2024-12-10,0,RETURNED
7743,1498,1920,2023-03-24,2023-04-07,2023-04-04,0,RETURNED
7744,363,710,2024-10-11,2024-10-25,2024-11-02,40,RETURNED
7745,1233,1356,2023-09-08,2023-09-22,2023-09-21,0,RETURNED
7746,1382,70,2024-03-08,2024-03-22,2024-04-01,50,RETURNED
7747,2429,863,2025-08-10,2025-08-24,2025-08-20,0,RETURNED
7748,2597,1380,2025-02-09,2025-02-23,2025-02-22,0,RETURNED
7749,166,547,2023-10-17,2023-10-31,,0,OVERDUE
7750,1957,1466,2024-01-17,2024-01-31,2024-01-31,0,RETURNED
7751,150,1898,2024-05-22,2024-06-05,2024-06-01,0,RETURNED
7752,215,302,2024-10-31,2024-11-14,2024-11-16,10,RETURNED
7753,1700,1104,2024-01-16,2024-01-30,2024-01-27,0,RETURNED
7754,2960,1937,2025-09-25,2025-10-09,2025-10-08,0,RETURNED
7755,803,864,2024-08-26,2024-09-09,2024-09-06,0,RETURNED
7756,2739,675,2024-10-05,2024-10-19,2024-10-15,0,RETURNED
7757,868,1709,2023-11-13,2023-11-27,2023-11-30,15,RETURNED
7758,1905,1926,2024-11-16,2024-11-30,2024-12-10,50,RETURNED
7759,2078,740,2023-05-20,2023-06-03,2023-05-31,0,RETURNED
7760,2920,353,2023-10-13,2023-10-27,2023-10-24,0,RETURNED
7761,844,1793,2025-03-15,2025-03-29,2025-03-26,0,RETURNED
7762,2880,815,2023-12-25,2024-01-08,2024-01-08,0,RETURNED
7763,564,1969,2025-03-24,2025-04-07,,0,OVERDUE
7764,1801,1337,2024-02-09,2024-02-23,2024-02-26,15,RETURNED
7765,2549,1126,2025-08-19,2025-09-02,2025-09-06,20,RETURNED
7766,1050,986,2025-03-02,2025-03-16,2025-03-26,50,RETURNED
7767,2709,1660,2024-06-26,2024-07-10,2024-07-16,30,RETURNED
7768,2337,787,2025-07-13,2025-07-27,2025-08-01,25,RETURNED
7769,986,830,2025-08-11,2025-08-25,2025-08-27,10,RETURNED
7770,2662,1390,2023-11-21,2023-12-05,2023-12-10,25,RETURNED
7771,406,303,2025-12-22,2026-01-05,,0,OVERDUE
7772,2199,1684,2024-04-06,2024-04-20,,0,OVERDUE
7773,2197,28,2023-03-16,2023-03-30,2023-03-25,0,RETURNED
7774,2264,1127,2025-05-09,2025-05-23,,0,ISSUED
7775,1720,1310,2024-04-21,2024-05-05,2024-05-03,0,RETURNED
7776,660,610,2023-02-13,2023-02-27,2023-03-03,20,RETURNED
7777,1580,839,2023-09-22,2023-10-06,2023-10-07,5,RETURNED
7778,2318,1569,2024-03-25,2024-04-08,2024-04-16,40,RETURNED
7779,2694,1525,2023-12-14,2023-12-28,,0,OVERDUE
7780,1808,1029,2025-08-02,2025-08-16,2025-08-18,10,RETURNED
7781,546,171,2024-09-18,2024-10-02,2024-10-07,25,RETURNED
7782,2632,1864,2025-08-01,2025-08-15,2025-08-21,30,RETURNED
7783,317,950,2024-07-01,2024-07-15,2024-07-21,30,RETURNED
7784,2084,223,2024-03-07,2024-03-21,,0,ISSUED
7785,2720,1786,2023-06-17,2023-07-01,2023-06-27,0,RETURNED
7786,2345,826,2024-09-09,2024-09-23,,0,OVERDUE
7787,2048,609,2025-08-04,2025-08-18,,0,ISSUED
7788,1667,1559,2023-10-29,2023-11-12,2023-11-16,20,RETURNED
7789,873,449,2023-11-19,2023-12-03,2023-12-05,10,RETURNED
7790,2873,617,2025-06-23,2025-07-07,2025-07-13,30,RETURNED
7791,1340,37,2023-07-30,2023-08-13,2023-08-20,35,RETURNED
7792,2281,289,2025-12-31,2026-01-14,2026-01-14,0,RETURNED
7793,807,1642,2023-06-03,2023-06-17,2023-06-19,10,RETURNED
7794,1233,1605,2024-10-31,2024-11-14,2024-11-11,0,RETURNED
7795,2758,791,2025-08-19,2025-09-02,2025-09-04,10,RETURNED
7796,1465,725,2023-08-26,2023-09-09,2023-09-08,0,RETURNED
7797,869,1649,2023-03-08,2023-03-22,2023-03-20,0,RETURNED
7798,2161,1966,2023-02-28,2023-03-14,2023-03-24,50,RETURNED
7799,2234,1711,2025-08-05,2025-08-19,,0,OVERDUE
7800,161,653,2024-10-02,2024-10-16,2024-10-19,15,RETURNED
7801,1126,1527,2024-11-02,2024-11-16,2024-11-15,0,RETURNED
7802,2612,1487,2024-06-03,2024-06-17,2024-06-14,0,RETURNED
7803,2652,968,2025-01-28,2025-02-11,2025-02-18,35,RETURNED
7804,1202,1404,2024-05-08,2024-05-22,2024-05-31,45,RETURNED
7805,1340,521,2024-12-29,2025-01-12,2025-01-21,45,RETURNED
7806,2811,1625,2023-08-14,2023-08-28,2023-08-27,0,RETURNED
7807,1907,1398,2023-08-27,2023-09-10,2023-09-18,40,RETURNED
7808,262,643,2023-01-25,2023-02-08,,0,OVERDUE
7809,2762,765,2025-05-13,2025-05-27,2025-05-31,20,RETURNED
7810,1458,250,2025-01-31,2025-02-14,,0,OVERDUE
7811,2003,1565,2024-11-25,2024-12-09,2024-12-17,40,RETURNED
7812,514,1997,2024-11-02,2024-11-16,2024-11-15,0,RETURNED
7813,404,1656,2024-03-05,2024-03-19,2024-03-22,15,RETURNED
7814,497,13,2023-04-29,2023-05-13,2023-05-16,15,RETURNED
7815,815,1470,2023-04-15,2023-04-29,2023-04-24,0,RETURNED
7816,2315,678,2025-11-21,2025-12-05,2025-12-01,0,RETURNED
7817,1802,1757,2025-10-29,2025-11-12,2025-11-14,10,RETURNED
7818,1224,1077,2023-01-11,2023-01-25,2023-01-29,20,RETURNED
7819,848,1652,2025-04-18,2025-05-02,2025-04-29,0,RETURNED
7820,2599,1971,2025-08-31,2025-09-14,,0,OVERDUE
7821,1732,882,2024-01-24,2024-02-07,2024-02-15,40,RETURNED
7822,1963,422,2024-02-07,2024-02-21,,0,OVERDUE
7823,2675,629,2024-09-15,2024-09-29,,0,ISSUED
7824,2020,1105,2025-12-13,2025-12-27,2026-01-06,50,RETURNED
7825,2235,1562,2025-08-18,2025-09-01,2025-09-04,15,RETURNED
7826,580,1286,2023-05-23,2023-06-06,2023-06-03,0,RETURNED
7827,633,551,2023-02-11,2023-02-25,,0,ISSUED
7828,2943,1117,2023-03-06,2023-03-20,,0,OVERDUE
7829,400,1290,2023-04-13,2023-04-27,2023-05-01,20,RETURNED
7830,2215,1344,2025-07-01,2025-07-15,2025-07-19,20,RETURNED
7831,907,946,2024-11-15,2024-11-29,2024-12-02,15,RETURNED
7832,1231,60,2024-10-12,2024-10-26,2024-11-05,50,RETURNED
7833,2199,298,2024-11-20,2024-12-04,2024-12-02,0,RETURNED
7834,2710,906,2023-08-09,2023-08-23,2023-08-28,25,RETURNED
7835,2695,1388,2024-08-17,2024-08-31,,0,ISSUED
7836,2202,1365,2023-05-29,2023-06-12,2023-06-13,5,RETURNED
7837,2737,1187,2025-05-04,2025-05-18,2025-05-14,0,RETURNED
7838,1597,1598,2023-01-22,2023-02-05,2023-02-07,10,RETURNED
7839,344,1862,2024-08-10,2024-08-24,2024-08-26,10,RETURNED
7840,1064,885,2023-10-31,2023-11-14,2023-11-09,0,RETURNED
7841,2220,517,2023-08-06,2023-08-20,,0,ISSUED
7842,2696,1838,2023-05-19,2023-06-02,2023-06-08,30,RETURNED
7843,2734,849,2025-08-21,2025-09-04,,0,ISSUED
7844,1149,1047,2023-11-28,2023-12-12,2023-12-11,0,RETURNED
7845,2138,1046,2023-02-18,2023-03-04,2023-03-10,30,RETURNED
7846,100,790,2025-02-23,2025-03-09,2025-03-08,0,RETURNED
7847,2827,1187,2023-03-07,2023-03-21,,0,ISSUED
7848,2093,467,2024-12-12,2024-12-26,2024-12-26,0,RETURNED
7849,2306,387,2025-05-03,2025-05-17,2025-05-15,0,RETURNED
7850,2958,610,2023-05-11,2023-05-25,2023-05-25,0,RETURNED
7851,1873,1100,2025-12-28,2026-01-11,,0,OVERDUE
7852,451,361,2024-10-30,2024-11-13,,0,ISSUED
7853,257,396,2024-04-03,2024-04-17,2024-04-13,0,RETURNED
7854,1995,1383,2025-05-23,2025-06-06,2025-06-02,0,RETURNED
7855,2733,1981,2023-07-09,2023-07-23,2023-07-30,35,RETURNED
7856,1096,445,2024-10-05,2024-10-19,2024-10-25,30,RETURNED
7857,1943,1556,2024-08-13,2024-08-27,,0,OVERDUE
7858,2416,1553,2024-08-12,2024-08-26,2024-08-22,0,RETURNED
7859,1272,1148,2023-12-02,2023-12-16,2023-12-24,40,RETURNED
7860,593,747,2023-12-07,2023-12-21,2023-12-29,40,RETURNED
7861,820,87,2024-09-27,2024-10-11,2024-10-18,35,RETURNED
7862,511,1963,2024-11-20,2024-12-04,2024-11-29,0,RETURNED
7863,961,1203,2025-12-03,2025-12-17,2025-12-23,30,RETURNED
7864,945,1298,2023-04-19,2023-05-03,,0,OVERDUE
7865,1500,1883,2024-01-19,2024-02-02,2024-02-04,10,RETURNED
7866,664,1474,2024-09-13,2024-09-27,2024-09-23,0,RETURNED
7867,2070,864,2023-06-11,2023-06-25,2023-07-03,40,RETURNED
7868,2685,749,2025-08-07,2025-08-21,2025-08-19,0,RETURNED
7869,582,325,2023-11-23,2023-12-07,2023-12-12,25,RETURNED
7870,2987,1278,2024-10-08,2024-10-22,2024-11-01,50,RETURNED
7871,25,547,2025-07-03,2025-07-17,2025-07-14,0,RETURNED
7872,383,222,2025-07-25,2025-08-08,2025-08-15,35,RETURNED
7873,176,172,2025-04-05,2025-04-19,2025-04-20,5,RETURNED
7874,529,521,2023-04-13,2023-04-27,2023-05-02,25,RETURNED
7875,2144,1853,2023-07-05,2023-07-19,2023-07-25,30,RETURNED
7876,2158,938,2024-05-29,2024-06-12,2024-06-09,0,RETURNED
7877,920,1477,2023-03-11,2023-03-25,2023-03-23,0,RETURNED
7878,440,77,2024-03-18,2024-04-01,2024-04-11,50,RETURNED
7879,1729,1983,2024-08-04,2024-08-18,2024-08-17,0,RETURNED
7880,578,1096,2025-09-17,2025-10-01,2025-10-04,15,RETURNED
7881,1362,1492,2024-12-22,2025-01-05,2025-01-15,50,RETURNED
7882,349,476,2025-04-25,2025-05-09,2025-05-06,0,RETURNED
7883,2611,833,2025-11-11,2025-11-25,2025-12-05,50,RETURNED
7884,824,414,2025-09-19,2025-10-03,2025-10-12,45,RETURNED
7885,1174,610,2024-03-13,2024-03-27,2024-03-31,20,RETURNED
7886,1480,1941,2023-02-27,2023-03-13,2023-03-19,30,RETURNED
7887,2778,123,2024-01-17,2024-01-31,2024-02-07,35,RETURNED
7888,494,830,2024-05-22,2024-06-05,,0,OVERDUE
7889,1301,1416,2024-05-20,2024-06-03,2024-06-02,0,RETURNED
7890,1549,1770,2024-11-07,2024-11-21,2024-11-16,0,RETURNED
7891,967,1142,2024-12-14,2024-12-28,2024-12-30,10,RETURNED
7892,2420,1166,2023-08-01,2023-08-15,2023-08-20,25,RETURNED
7893,3000,768,2023-03-23,2023-04-06,2023-04-03,0,RETURNED
7894,1914,1502,2023-11-24,2023-12-08,2023-12-16,40,RETURNED
7895,1600,444,2025-08-22,2025-09-05,2025-09-01,0,RETURNED
7896,2176,1347,2025-01-27,2025-02-10,2025-02-08,0,RETURNED
7897,2025,247,2023-05-11,2023-05-25,2023-05-29,20,RETURNED
7898,1469,1375,2023-05-29,2023-06-12,2023-06-08,0,RETURNED
7899,2609,1628,2024-01-15,2024-01-29,2024-02-03,25,RETURNED
7900,1827,1366,2024-02-18,2024-03-03,2024-02-27,0,RETURNED
7901,2914,783,2024-09-25,2024-10-09,2024-10-12,15,RETURNED
7902,2092,1654,2024-04-23,2024-05-07,2024-05-11,20,RETURNED
7903,818,1142,2024-06-08,2024-06-22,2024-06-27,25,RETURNED
7904,705,1296,2023-09-09,2023-09-23,2023-09-28,25,RETURNED
7905,706,627,2024-04-17,2024-05-01,,0,OVERDUE
7906,361,1749,2023-03-05,2023-03-19,2023-03-24,25,RETURNED
7907,1846,978,2023-07-20,2023-08-03,2023-08-01,0,RETURNED
7908,2078,1966,2023-09-17,2023-10-01,,0,OVERDUE
7909,2733,320,2025-08-23,2025-09-06,2025-09-11,25,RETURNED
7910,1194,1844,2024-06-18,2024-07-02,,0,OVERDUE
7911,2448,1549,2023-04-26,2023-05-10,2023-05-11,5,RETURNED
7912,2479,839,2023-12-08,2023-12-22,2023-12-31,45,RETURNED
7913,2912,40,2023-03-11,2023-03-25,2023-03-25,0,RETURNED
7914,2075,1369,2023-06-09,2023-06-23,,0,OVERDUE
7915,2360,250,2023-02-10,2023-02-24,2023-02-22,0,RETURNED
7916,983,216,2025-05-07,2025-05-21,2025-05-17,0,RETURNED
7917,760,365,2025-07-23,2025-08-06,2025-08-03,0,RETURNED
7918,907,968,2024-08-21,2024-09-04,2024-09-10,30,RETURNED
7919,1595,524,2024-03-11,2024-03-25,2024-03-27,10,RETURNED
7920,1631,228,2025-10-04,2025-10-18,2025-10-21,15,RETURNED
7921,375,1611,2025-06-05,2025-06-19,2025-06-28,45,RETURNED
7922,2784,893,2023-10-15,2023-10-29,2023-11-02,20,RETURNED
7923,2633,414,2025-08-24,2025-09-07,2025-09-08,5,RETURNED
7924,2953,1781,2023-03-03,2023-03-17,2023-03-12,0,RETURNED
7925,1238,1945,2023-04-11,2023-04-25,2023-05-04,45,RETURNED
7926,1017,1958,2023-06-28,2023-07-12,2023-07-14,10,RETURNED
7927,134,1211,2023-03-01,2023-03-15,,0,ISSUED
7928,2767,1367,2024-12-22,2025-01-05,,0,ISSUED
7929,2238,1611,2025-10-16,2025-10-30,2025-11-04,25,RETURNED
7930,1018,1680,2023-01-29,2023-02-12,,0,ISSUED
7931,422,924,2025-09-10,2025-09-24,2025-09-29,25,RETURNED
7932,2231,160,2023-02-20,2023-03-06,2023-03-13,35,RETURNED
7933,1302,1965,2023-07-19,2023-08-02,2023-07-29,0,RETURNED
7934,1394,929,2024-10-25,2024-11-08,,0,ISSUED
7935,1727,333,2023-11-20,2023-12-04,,0,ISSUED
7936,750,656,2023-05-21,2023-06-04,2023-06-07,15,RETURNED
7937,2400,485,2023-09-24,2023-10-08,2023-10-15,35,RETURNED
7938,642,1210,2025-01-28,2025-02-11,2025-02-20,45,RETURNED
7939,609,1251,2023-11-10,2023-11-24,2023-11-28,20,RETURNED
7940,990,876,2025-04-28,2025-05-12,2025-05-10,0,RETURNED
7941,1537,83,2024-02-02,2024-02-16,2024-02-25,45,RETURNED
7942,2756,881,2025-12-08,2025-12-22,2025-12-31,45,RETURNED
7943,1168,58,2025-11-07,2025-11-21,2025-11-20,0,RETURNED
7944,991,409,2023-12-09,2023-12-23,2023-12-29,30,RETURNED
7945,1959,286,2023-08-28,2023-09-11,2023-09-17,30,RETURNED
7946,2080,354,2024-07-08,2024-07-22,,0,ISSUED
7947,2216,92,2025-03-22,2025-04-05,,0,OVERDUE
7948,1485,1691,2025-01-25,2025-02-08,2025-02-15,35,RETURNED
7949,1201,51,2024-11-05,2024-11-19,2024-11-20,5,RETURNED
7950,2159,395,2025-08-28,2025-09-11,2025-09-20,45,RETURNED
7951,402,1034,2025-07-13,2025-07-27,2025-08-02,30,RETURNED
7952,1004,1762,2023-04-07,2023-04-21,2023-04-17,0,RETURNED
7953,2019,377,2024-11-20,2024-12-04,2024-11-29,0,RETURNED
7954,350,536,2023-05-09,2023-05-23,2023-06-02,50,RETURNED
7955,77,1085,2023-08-04,2023-08-18,2023-08-27,45,RETURNED
7956,1063,855,2024-02-29,2024-03-14,2024-03-21,35,RETURNED
7957,2891,1267,2025-03-12,2025-03-26,2025-03-27,5,RETURNED
7958,269,200,2025-02-23,2025-03-09,2025-03-11,10,RETURNED
7959,2651,40,2025-03-01,2025-03-15,2025-03-19,20,RETURNED
7960,1279,555,2023-10-02,2023-10-16,2023-10-12,0,RETURNED
7961,654,444,2024-01-29,2024-02-12,2024-02-11,0,RETURNED
7962,2427,931,2025-09-14,2025-09-28,2025-10-01,15,RETURNED
7963,2219,282,2025-08-19,2025-09-02,,0,ISSUED
7964,1380,1448,2023-10-22,2023-11-05,2023-10-31,0,RETURNED
7965,680,698,2024-11-12,2024-11-26,2024-12-06,50,RETURNED
7966,18,1523,2023-05-16,2023-05-30,2023-06-02,15,RETURNED
7967,2961,840,2025-07-11,2025-07-25,2025-08-04,50,RETURNED
7968,1066,89,2025-09-09,2025-09-23,2025-09-28,25,RETURNED
7969,2040,1674,2023-05-23,2023-06-06,2023-06-09,15,RETURNED
7970,687,439,2023-08-13,2023-08-27,2023-08-28,5,RETURNED
7971,2453,1812,2023-07-16,2023-07-30,2023-07-28,0,RETURNED
7972,911,1997,2025-11-22,2025-12-06,2025-12-16,50,RETURNED
7973,1806,1532,2023-10-04,2023-10-18,2023-10-25,35,RETURNED
7974,371,1068,2024-08-01,2024-08-15,,0,ISSUED
7975,2985,1908,2023-08-18,2023-09-01,2023-09-08,35,RETURNED
7976,1227,438,2023-08-13,2023-08-27,2023-08-22,0,RETURNED
7977,718,1937,2023-06-09,2023-06-23,2023-06-24,5,RETURNED
7978,309,118,2024-09-05,2024-09-19,,0,ISSUED
7979,416,674,2024-12-01,2024-12-15,2024-12-19,20,RETURNED
7980,341,1609,2023-11-05,2023-11-19,2023-11-24,25,RETURNED
7981,47,1790,2024-08-13,2024-08-27,2024-08-26,0,RETURNED
7982,2153,1350,2024-02-22,2024-03-07,2024-03-17,50,RETURNED
7983,2898,793,2025-05-06,2025-05-20,2025-05-26,30,RETURNED
7984,2798,1751,2025-01-29,2025-02-12,2025-02-18,30,RETURNED
7985,2897,1944,2023-05-10,2023-05-24,2023-05-21,0,RETURNED
7986,1058,825,2025-10-25,2025-11-08,2025-11-11,15,RETURNED
7987,1745,194,2024-05-10,2024-05-24,2024-05-19,0,RETURNED
7988,1019,1136,2024-02-23,2024-03-08,2024-03-11,15,RETURNED
7989,1222,1996,2024-12-08,2024-12-22,2024-12-29,35,RETURNED
7990,1990,1849,2023-05-04,2023-05-18,2023-05-16,0,RETURNED
7991,948,450,2024-05-22,2024-06-05,2024-06-05,0,RETURNED
7992,1702,908,2025-08-22,2025-09-05,2025-09-02,0,RETURNED
7993,2749,1537,2023-03-23,2023-04-06,,0,OVERDUE
7994,2739,1358,2023-07-14,2023-07-28,2023-08-03,30,RETURNED
7995,2314,547,2023-11-29,2023-12-13,2023-12-14,5,RETURNED
7996,1925,1460,2025-04-08,2025-04-22,2025-04-29,35,RETURNED
7997,2357,1896,2025-10-26,2025-11-09,2025-11-19,50,RETURNED
7998,142,1769,2025-08-10,2025-08-24,2025-08-27,15,RETURNED
7999,1166,521,2024-01-06,2024-01-20,2024-01-23,15,RETURNED
8000,2277,1945,2024-04-23,2024-05-07,2024-05-17,50,RETURNED
8001,2539,110,2025-08-24,2025-09-07,,0,ISSUED
8002,2574,327,2025-07-02,2025-07-16,2025-07-19,15,RETURNED
8003,491,758,2025-01-22,2025-02-05,,0,ISSUED
8004,2225,80,2025-06-08,2025-06-22,2025-06-22,0,RETURNED
8005,2085,793,2025-08-12,2025-08-26,2025-08-26,0,RETURNED
8006,1347,1766,2025-12-19,2026-01-02,2026-01-06,20,RETURNED
8007,2780,90,2024-03-17,2024-03-31,2024-04-04,20,RETURNED
8008,2055,1432,2025-09-23,2025-10-07,2025-10-08,5,RETURNED
8009,1640,1728,2023-10-09,2023-10-23,2023-10-31,40,RETURNED
8010,717,1121,2024-03-12,2024-03-26,,0,OVERDUE
8011,2579,353,2025-03-24,2025-04-07,,0,OVERDUE
8012,1602,1013,2025-01-22,2025-02-05,,0,OVERDUE
8013,42,327,2023-04-14,2023-04-28,2023-04-27,0,RETURNED
8014,1683,565,2023-03-13,2023-03-27,,0,OVERDUE
8015,1556,1289,2025-11-05,2025-11-19,2025-11-28,45,RETURNED
8016,1073,1144,2024-03-29,2024-04-12,2024-04-18,30,RETURNED
8017,1537,101,2024-08-19,2024-09-02,2024-09-06,20,RETURNED
8018,1782,757,2023-05-02,2023-05-16,2023-05-20,20,RETURNED
8019,127,1094,2024-08-18,2024-09-01,,0,OVERDUE
8020,617,1492,2024-11-30,2024-12-14,2024-12-24,50,RETURNED
8021,111,1622,2023-01-31,2023-02-14,,0,ISSUED
8022,1897,559,2023-09-07,2023-09-21,2023-09-17,0,RETURNED
8023,2787,1637,2023-01-26,2023-02-09,2023-02-11,10,RETURNED
8024,2846,337,2024-10-10,2024-10-24,2024-10-22,0,RETURNED
8025,430,1166,2025-11-11,2025-11-25,,0,ISSUED
8026,467,494,2025-12-25,2026-01-08,2026-01-07,0,RETURNED
8027,556,163,2024-06-21,2024-07-05,2024-07-10,25,RETURNED
8028,2617,1606,2024-08-22,2024-09-05,,0,ISSUED
8029,829,739,2023-06-29,2023-07-13,2023-07-22,45,RETURNED
8030,1130,1051,2023-11-07,2023-11-21,2023-11-30,45,RETURNED
8031,954,1309,2023-03-13,2023-03-27,2023-04-06,50,RETURNED
8032,1064,1011,2024-03-15,2024-03-29,,0,OVERDUE
8033,2550,1098,2025-03-13,2025-03-27,2025-03-27,0,RETURNED
8034,2730,888,2024-04-22,2024-05-06,2024-05-09,15,RETURNED
8035,1524,274,2024-05-11,2024-05-25,2024-05-21,0,RETURNED
8036,973,561,2025-01-01,2025-01-15,2025-01-16,5,RETURNED
8037,131,238,2024-12-25,2025-01-08,2025-01-10,10,RETURNED
8038,145,350,2024-06-20,2024-07-04,,0,ISSUED
8039,1556,604,2023-11-04,2023-11-18,,0,OVERDUE
8040,814,892,2025-01-18,2025-02-01,2025-01-31,0,RETURNED
8041,730,1382,2023-05-20,2023-06-03,2023-06-03,0,RETURNED
8042,2560,1499,2025-06-06,2025-06-20,2025-06-28,40,RETURNED
8043,2699,1905,2024-12-11,2024-12-25,2025-01-04,50,RETURNED
8044,1381,501,2023-06-23,2023-07-07,2023-07-13,30,RETURNED
8045,2522,1072,2025-07-05,2025-07-19,2025-07-21,10,RETURNED
8046,2450,656,2023-12-28,2024-01-11,2024-01-16,25,RETURNED
8047,1984,1198,2025-10-26,2025-11-09,2025-11-06,0,RETURNED
8048,1342,1876,2023-04-21,2023-05-05,2023-05-05,0,RETURNED
8049,1902,854,2023-01-02,2023-01-16,2023-01-18,10,RETURNED
8050,2626,1483,2024-09-01,2024-09-15,2024-09-17,10,RETURNED
8051,676,1034,2024-03-19,2024-04-02,2024-04-05,15,RETURNED
8052,1773,255,2023-12-03,2023-12-17,2023-12-13,0,RETURNED
8053,2493,1364,2024-01-18,2024-02-01,2024-02-04,15,RETURNED
8054,1192,1898,2023-05-22,2023-06-05,2023-06-11,30,RETURNED
8055,2251,1796,2024-01-07,2024-01-21,,0,OVERDUE
8056,267,370,2023-08-23,2023-09-06,2023-09-11,25,RETURNED
8057,2230,220,2024-07-06,2024-07-20,2024-07-22,10,RETURNED
8058,426,467,2023-03-10,2023-03-24,2023-03-26,10,RETURNED
8059,1115,80,2024-11-07,2024-11-21,2024-11-28,35,RETURNED
8060,2437,186,2025-11-09,2025-11-23,2025-12-02,45,RETURNED
8061,1644,530,2025-02-21,2025-03-07,2025-03-16,45,RETURNED
8062,25,1089,2025-10-13,2025-10-27,2025-11-04,40,RETURNED
8063,1118,1637,2023-11-24,2023-12-08,2023-12-11,15,RETURNED
8064,1900,1073,2024-06-29,2024-07-13,2024-07-16,15,RETURNED
8065,2799,1205,2023-03-14,2023-03-28,2023-04-06,45,RETURNED
8066,1728,1279,2025-10-06,2025-10-20,2025-10-29,45,RETURNED
8067,84,1776,2024-11-18,2024-12-02,2024-12-04,10,RETURNED
8068,749,1841,2025-02-25,2025-03-11,2025-03-16,25,RETURNED
8069,395,331,2024-05-01,2024-05-15,2024-05-23,40,RETURNED
8070,996,821,2024-05-10,2024-05-24,2024-05-28,20,RETURNED
8071,1835,903,2023-01-19,2023-02-02,2023-02-08,30,RETURNED
8072,1281,860,2024-01-18,2024-02-01,2024-01-29,0,RETURNED
8073,2922,1165,2025-10-12,2025-10-26,2025-10-30,20,RETURNED
8074,1344,971,2025-09-21,2025-10-05,,0,ISSUED
8075,713,67,2025-12-20,2026-01-03,2026-01-06,15,RETURNED
8076,442,1621,2025-07-22,2025-08-05,2025-08-14,45,RETURNED
8077,365,1520,2024-05-16,2024-05-30,,0,OVERDUE
8078,2837,1415,2024-12-02,2024-12-16,2024-12-14,0,RETURNED
8079,522,879,2023-03-12,2023-03-26,,0,OVERDUE
8080,1438,981,2024-10-04,2024-10-18,2024-10-22,20,RETURNED
8081,203,180,2025-03-16,2025-03-30,2025-03-27,0,RETURNED
8082,1644,1,2025-06-19,2025-07-03,2025-07-08,25,RETURNED
8083,147,784,2025-04-19,2025-05-03,2025-05-10,35,RETURNED
8084,724,621,2024-02-29,2024-03-14,2024-03-13,0,RETURNED
8085,2337,182,2025-01-29,2025-02-12,2025-02-22,50,RETURNED
8086,508,72,2023-07-30,2023-08-13,,0,ISSUED
8087,377,461,2023-09-05,2023-09-19,2023-09-25,30,RETURNED
8088,2782,454,2023-08-05,2023-08-19,2023-08-26,35,RETURNED
8089,327,1399,2025-08-04,2025-08-18,2025-08-13,0,RETURNED
8090,192,629,2025-01-29,2025-02-12,,0,ISSUED
8091,859,1040,2023-09-09,2023-09-23,2023-09-27,20,RETURNED
8092,1697,818,2025-10-03,2025-10-17,2025-10-17,0,RETURNED
8093,2210,1595,2024-09-17,2024-10-01,2024-10-11,50,RETURNED
8094,2033,631,2025-09-08,2025-09-22,,0,OVERDUE
8095,1409,1498,2024-07-25,2024-08-08,2024-08-15,35,RETURNED
8096,1612,734,2025-11-08,2025-11-22,2025-12-02,50,RETURNED
8097,2147,468,2025-08-24,2025-09-07,2025-09-11,20,RETURNED
8098,2676,1621,2024-07-27,2024-08-10,,0,ISSUED
8099,1967,1448,2025-12-30,2026-01-13,,0,ISSUED
8100,1041,1573,2024-03-10,2024-03-24,2024-03-28,20,RETURNED
8101,2161,1359,2023-12-12,2023-12-26,2023-12-24,0,RETURNED
8102,409,1102,2024-05-01,2024-05-15,2024-05-19,20,RETURNED
8103,1469,614,2025-08-12,2025-08-26,2025-09-02,35,RETURNED
8104,1811,501,2023-07-21,2023-08-04,2023-08-08,20,RETURNED
8105,453,994,2023-02-14,2023-02-28,2023-03-05,25,RETURNED
8106,2900,1616,2023-12-21,2024-01-04,2024-01-10,30,RETURNED
8107,390,1441,2023-02-22,2023-03-08,2023-03-05,0,RETURNED
8108,655,95,2023-06-29,2023-07-13,2023-07-10,0,RETURNED
8109,1841,1597,2025-11-27,2025-12-11,2025-12-16,25,RETURNED
8110,2196,1898,2024-12-10,2024-12-24,2024-12-24,0,RETURNED
8111,2200,532,2024-07-01,2024-07-15,2024-07-20,25,RETURNED
8112,307,27,2024-01-19,2024-02-02,2024-02-10,40,RETURNED
8113,1978,41,2025-05-17,2025-05-31,2025-06-07,35,RETURNED
8114,1687,1240,2024-08-31,2024-09-14,2024-09-19,25,RETURNED
8115,933,870,2024-02-22,2024-03-07,2024-03-08,5,RETURNED
8116,464,661,2025-01-05,2025-01-19,2025-01-22,15,RETURNED
8117,124,1033,2025-02-17,2025-03-03,2025-02-26,0,RETURNED
8118,2232,1796,2024-11-03,2024-11-17,2024-11-15,0,RETURNED
8119,2073,1841,2024-08-27,2024-09-10,2024-09-11,5,RETURNED
8120,100,622,2023-12-14,2023-12-28,2023-12-23,0,RETURNED
8121,507,58,2023-01-29,2023-02-12,2023-02-12,0,RETURNED
8122,1156,725,2023-07-06,2023-07-20,2023-07-19,0,RETURNED
8123,2264,1100,2025-03-24,2025-04-07,2025-04-08,5,RETURNED
8124,354,1858,2025-09-28,2025-10-12,2025-10-16,20,RETURNED
8125,1524,1234,2024-10-22,2024-11-05,2024-11-04,0,RETURNED
8126,16,75,2023-09-06,2023-09-20,2023-09-22,10,RETURNED
8127,2623,481,2024-03-04,2024-03-18,2024-03-17,0,RETURNED
8128,2665,77,2024-06-07,2024-06-21,2024-06-25,20,RETURNED
8129,1142,124,2024-01-27,2024-02-10,2024-02-17,35,RETURNED
8130,1213,1672,2023-08-14,2023-08-28,2023-09-04,35,RETURNED
8131,42,1240,2025-03-21,2025-04-04,2025-04-09,25,RETURNED
8132,2261,1143,2025-06-06,2025-06-20,2025-06-26,30,RETURNED
8133,1954,1799,2025-09-07,2025-09-21,2025-10-01,50,RETURNED
8134,2344,264,2023-09-20,2023-10-04,2023-10-01,0,RETURNED
8135,305,943,2023-05-26,2023-06-09,2023-06-14,25,RETURNED
8136,1991,932,2024-05-16,2024-05-30,2024-05-31,5,RETURNED
8137,1902,608,2025-11-15,2025-11-29,2025-11-27,0,RETURNED
8138,1743,1016,2024-12-13,2024-12-27,2025-01-01,25,RETURNED
8139,1338,1405,2024-10-04,2024-10-18,2024-10-27,45,RETURNED
8140,2154,1274,2023-06-27,2023-07-11,2023-07-12,5,RETURNED
8141,2304,1772,2024-03-24,2024-04-07,,0,OVERDUE
8142,418,1043,2023-07-30,2023-08-13,2023-08-10,0,RETURNED
8143,2514,327,2024-03-23,2024-04-06,2024-04-03,0,RETURNED
8144,809,1089,2023-07-11,2023-07-25,2023-07-21,0,RETURNED
8145,534,1908,2023-08-29,2023-09-12,2023-09-11,0,RETURNED
8146,2755,1317,2023-11-20,2023-12-04,2023-11-29,0,RETURNED
8147,2405,658,2024-07-13,2024-07-27,2024-08-04,40,RETURNED
8148,808,587,2023-05-11,2023-05-25,2023-05-24,0,RETURNED
8149,2924,835,2023-08-22,2023-09-05,2023-09-14,45,RETURNED
8150,505,1556,2024-09-26,2024-10-10,2024-10-12,10,RETURNED
8151,1260,1108,2024-08-23,2024-09-06,2024-09-16,50,RETURNED
8152,2436,1132,2025-01-15,2025-01-29,,0,OVERDUE
8153,113,333,2024-11-03,2024-11-17,2024-11-27,50,RETURNED
8154,2578,301,2024-05-24,2024-06-07,2024-06-11,20,RETURNED
8155,1926,1565,2023-09-27,2023-10-11,2023-10-09,0,RETURNED
8156,2545,192,2025-06-23,2025-07-07,2025-07-02,0,RETURNED
8157,454,1052,2023-01-31,2023-02-14,2023-02-22,40,RETURNED
8158,296,1587,2025-10-09,2025-10-23,,0,ISSUED
8159,1935,1973,2023-07-29,2023-08-12,2023-08-20,40,RETURNED
8160,76,707,2023-10-22,2023-11-05,,0,OVERDUE
8161,2411,174,2023-04-27,2023-05-11,2023-05-14,15,RETURNED
8162,578,1992,2025-06-18,2025-07-02,2025-07-07,25,RETURNED
8163,1652,1300,2023-05-03,2023-05-17,2023-05-13,0,RETURNED
8164,1221,1781,2024-06-18,2024-07-02,2024-07-04,10,RETURNED
8165,305,821,2025-09-04,2025-09-18,2025-09-25,35,RETURNED
8166,2402,794,2023-12-12,2023-12-26,2024-01-05,50,RETURNED
8167,762,1859,2025-01-16,2025-01-30,2025-01-29,0,RETURNED
8168,1857,43,2025-01-26,2025-02-09,2025-02-16,35,RETURNED
8169,1640,766,2025-09-17,2025-10-01,2025-10-08,35,RETURNED
8170,1148,964,2023-08-11,2023-08-25,,0,OVERDUE
8171,182,653,2023-12-22,2024-01-05,,0,ISSUED
8172,1207,308,2023-07-23,2023-08-06,,0,OVERDUE
8173,2578,1691,2023-12-29,2024-01-12,2024-01-22,50,RETURNED
8174,2195,1851,2025-10-03,2025-10-17,2025-10-27,50,RETURNED
8175,1792,1534,2023-06-01,2023-06-15,2023-06-23,40,RETURNED
8176,1377,996,2023-12-31,2024-01-14,2024-01-10,0,RETURNED
8177,202,112,2023-09-25,2023-10-09,2023-10-13,20,RETURNED
8178,777,488,2023-01-06,2023-01-20,,0,ISSUED
8179,628,189,2024-07-22,2024-08-05,2024-08-01,0,RETURNED
8180,1028,483,2025-11-26,2025-12-10,2025-12-09,0,RETURNED
8181,1391,1029,2025-01-21,2025-02-04,2025-01-31,0,RETURNED
8182,1744,1051,2025-12-18,2026-01-01,2026-01-07,30,RETURNED
8183,2659,1441,2023-11-07,2023-11-21,2023-11-18,0,RETURNED
8184,2201,1922,2025-07-17,2025-07-31,2025-07-29,0,RETURNED
8185,728,1524,2024-09-28,2024-10-12,2024-10-12,0,RETURNED
8186,1709,89,2023-08-25,2023-09-08,2023-09-13,25,RETURNED
8187,1678,391,2023-03-27,2023-04-10,,0,OVERDUE
8188,1196,1520,2024-02-17,2024-03-02,2024-03-06,20,RETURNED
8189,1125,54,2024-12-07,2024-12-21,2024-12-25,20,RETURNED
8190,76,780,2023-09-06,2023-09-20,2023-09-29,45,RETURNED
8191,2924,360,2025-03-15,2025-03-29,2025-03-28,0,RETURNED
8192,1948,1569,2024-02-04,2024-02-18,2024-02-18,0,RETURNED
8193,2068,838,2024-02-13,2024-02-27,2024-03-03,25,RETURNED
8194,2161,724,2024-04-06,2024-04-20,2024-04-24,20,RETURNED
8195,1164,471,2025-03-13,2025-03-27,2025-03-31,20,RETURNED
8196,900,1355,2025-10-31,2025-11-14,2025-11-16,10,RETURNED
8197,1473,156,2023-12-21,2024-01-04,2024-01-04,0,RETURNED
8198,1619,457,2025-09-27,2025-10-11,2025-10-18,35,RETURNED
8199,674,1463,2024-09-20,2024-10-04,,0,ISSUED
8200,351,1075,2024-07-22,2024-08-05,,0,ISSUED
8201,1681,1459,2024-01-04,2024-01-18,2024-01-24,30,RETURNED
8202,2247,1672,2024-02-01,2024-02-15,2024-02-11,0,RETURNED
8203,1490,963,2025-06-12,2025-06-26,2025-06-30,20,RETURNED
8204,2090,612,2023-04-02,2023-04-16,,0,OVERDUE
8205,1181,1124,2023-03-30,2023-04-13,2023-04-10,0,RETURNED
8206,2186,55,2024-08-09,2024-08-23,2024-08-20,0,RETURNED
8207,380,1765,2023-02-24,2023-03-10,,0,OVERDUE
8208,104,1568,2024-01-22,2024-02-05,2024-02-05,0,RETURNED
8209,734,1870,2025-11-07,2025-11-21,,0,ISSUED
8210,2058,1953,2025-12-01,2025-12-15,,0,OVERDUE
8211,2676,359,2023-01-23,2023-02-06,,0,OVERDUE
8212,36,1472,2024-08-28,2024-09-11,2024-09-08,0,RETURNED
8213,2532,1541,2024-11-06,2024-11-20,2024-11-22,10,RETURNED
8214,2480,364,2024-05-04,2024-05-18,2024-05-28,50,RETURNED
8215,358,856,2023-03-07,2023-03-21,2023-03-27,30,RETURNED
8216,2283,1228,2023-11-28,2023-12-12,2023-12-15,15,RETURNED
8217,514,393,2023-06-22,2023-07-06,2023-07-05,0,RETURNED
8218,2512,1884,2024-01-07,2024-01-21,2024-01-22,5,RETURNED
8219,1920,1842,2024-04-07,2024-04-21,,0,ISSUED
8220,2385,834,2024-06-27,2024-07-11,,0,ISSUED
8221,1851,1031,2025-05-15,2025-05-29,2025-05-25,0,RETURNED
8222,1307,756,2024-12-24,2025-01-07,2025-01-05,0,RETURNED
8223,2765,588,2025-09-04,2025-09-18,2025-09-20,10,RETURNED
8224,822,1253,2024-08-20,2024-09-03,2024-09-05,10,RETURNED
8225,1254,1928,2025-05-18,2025-06-01,2025-06-11,50,RETURNED
8226,2776,1103,2023-07-14,2023-07-28,2023-07-27,0,RETURNED
8227,2443,628,2024-01-21,2024-02-04,2024-02-14,50,RETURNED
8228,2461,56,2024-05-16,2024-05-30,,0,OVERDUE
8229,946,614,2023-07-03,2023-07-17,2023-07-14,0,RETURNED
8230,1765,1052,2023-05-27,2023-06-10,2023-06-12,10,RETURNED
8231,1424,61,2023-12-13,2023-12-27,2023-12-28,5,RETURNED
8232,1040,853,2024-07-22,2024-08-05,2024-08-14,45,RETURNED
8233,916,1880,2023-02-28,2023-03-14,2023-03-09,0,RETURNED
8234,1167,1527,2024-01-23,2024-02-06,2024-02-10,20,RETURNED
8235,1104,826,2025-01-23,2025-02-06,2025-02-09,15,RETURNED
8236,174,1903,2025-06-21,2025-07-05,2025-07-13,40,RETURNED
8237,2433,1784,2024-04-06,2024-04-20,2024-04-27,35,RETURNED
8238,767,1922,2023-10-05,2023-10-19,2023-10-27,40,RETURNED
8239,1566,1546,2025-04-22,2025-05-06,2025-05-15,45,RETURNED
8240,2443,1504,2024-08-06,2024-08-20,2024-08-23,15,RETURNED
8241,2381,1311,2023-03-01,2023-03-15,2023-03-22,35,RETURNED
8242,1320,837,2024-12-21,2025-01-04,2025-01-05,5,RETURNED
8243,1750,1903,2025-01-26,2025-02-09,,0,ISSUED
8244,1594,238,2024-03-29,2024-04-12,2024-04-14,10,RETURNED
8245,2696,1703,2023-01-24,2023-02-07,2023-02-13,30,RETURNED
8246,2618,618,2025-11-28,2025-12-12,2025-12-22,50,RETURNED
8247,2811,1674,2023-08-29,2023-09-12,2023-09-22,50,RETURNED
8248,72,1715,2025-03-14,2025-03-28,2025-04-03,30,RETURNED
8249,1885,333,2025-07-21,2025-08-04,2025-08-04,0,RETURNED
8250,2473,977,2024-01-14,2024-01-28,2024-02-07,50,RETURNED
8251,2785,1907,2025-09-10,2025-09-24,2025-09-20,0,RETURNED
8252,1300,1705,2023-04-09,2023-04-23,2023-04-21,0,RETURNED
8253,1283,1940,2023-12-27,2024-01-10,2024-01-05,0,RETURNED
8254,1364,1055,2024-05-13,2024-05-27,2024-05-25,0,RETURNED
8255,2963,230,2023-12-18,2024-01-01,,0,OVERDUE
8256,1784,1117,2024-03-16,2024-03-30,,0,ISSUED
8257,1716,1722,2023-12-16,2023-12-30,2023-12-30,0,RETURNED
8258,1276,115,2023-04-18,2023-05-02,2023-05-02,0,RETURNED
8259,1532,801,2023-03-05,2023-03-19,2023-03-27,40,RETURNED
8260,1768,1563,2025-09-28,2025-10-12,2025-10-20,40,RETURNED
8261,2283,770,2023-08-09,2023-08-23,2023-08-24,5,RETURNED
8262,2642,1687,2025-05-09,2025-05-23,2025-05-30,35,RETURNED
8263,1699,1720,2024-02-05,2024-02-19,2024-02-21,10,RETURNED
8264,909,1181,2024-05-31,2024-06-14,2024-06-21,35,RETURNED
8265,2688,1199,2023-09-13,2023-09-27,,0,OVERDUE
8266,2407,1722,2024-12-18,2025-01-01,2025-01-08,35,RETURNED
8267,1195,1336,2024-08-23,2024-09-06,2024-09-02,0,RETURNED
8268,525,1974,2024-07-17,2024-07-31,2024-08-09,45,RETURNED
8269,2241,1284,2024-04-20,2024-05-04,2024-05-05,5,RETURNED
8270,603,1145,2024-12-14,2024-12-28,2024-12-27,0,RETURNED
8271,2454,1435,2025-02-04,2025-02-18,2025-02-19,5,RETURNED
8272,1496,115,2025-06-08,2025-06-22,,0,ISSUED
8273,1248,1338,2025-07-12,2025-07-26,2025-07-28,10,RETURNED
8274,2729,1376,2025-11-29,2025-12-13,2025-12-22,45,RETURNED
8275,2385,1165,2023-10-04,2023-10-18,2023-10-18,0,RETURNED
8276,835,1409,2023-12-02,2023-12-16,,0,OVERDUE
8277,2995,783,2023-12-27,2024-01-10,,0,OVERDUE
8278,2404,1379,2024-07-05,2024-07-19,2024-07-27,40,RETURNED
8279,2369,552,2025-12-08,2025-12-22,2025-12-28,30,RETURNED
8280,1429,614,2025-03-05,2025-03-19,2025-03-18,0,RETURNED
8281,2172,1536,2024-09-23,2024-10-07,,0,ISSUED
8282,180,1204,2024-10-29,2024-11-12,2024-11-10,0,RETURNED
8283,2360,1965,2024-09-03,2024-09-17,2024-09-13,0,RETURNED
8284,1278,298,2023-12-06,2023-12-20,2023-12-17,0,RETURNED
8285,2412,1635,2024-07-26,2024-08-09,2024-08-15,30,RETURNED
8286,136,1388,2024-02-27,2024-03-12,2024-03-13,5,RETURNED
8287,2282,458,2023-01-14,2023-01-28,2023-02-04,35,RETURNED
8288,2844,766,2025-06-18,2025-07-02,2025-06-29,0,RETURNED
8289,1756,719,2025-01-21,2025-02-04,,0,ISSUED
8290,270,469,2024-02-21,2024-03-06,,0,OVERDUE
8291,1577,1288,2025-05-30,2025-06-13,2025-06-15,10,RETURNED
8292,346,501,2023-03-08,2023-03-22,,0,ISSUED
8293,1736,1810,2023-11-01,2023-11-15,2023-11-21,30,RETURNED
8294,1832,1140,2025-09-26,2025-10-10,,0,OVERDUE
8295,669,117,2025-11-30,2025-12-14,,0,ISSUED
8296,463,469,2023-11-04,2023-11-18,,0,OVERDUE
8297,2219,179,2025-03-20,2025-04-03,2025-03-31,0,RETURNED
8298,1106,450,2023-04-16,2023-04-30,2023-05-01,5,RETURNED
8299,1895,1884,2025-03-31,2025-04-14,,0,ISSUED
8300,2013,888,2025-06-10,2025-06-24,2025-07-04,50,RETURNED
8301,2160,1839,2023-11-09,2023-11-23,2023-11-22,0,RETURNED
8302,2362,680,2023-03-31,2023-04-14,2023-04-19,25,RETURNED
8303,587,324,2023-08-15,2023-08-29,2023-09-08,50,RETURNED
8304,1372,1996,2023-06-15,2023-06-29,,0,ISSUED
8305,2935,1313,2023-12-28,2024-01-11,2024-01-15,20,RETURNED
8306,2532,1425,2025-05-05,2025-05-19,2025-05-20,5,RETURNED
8307,2270,507,2025-02-06,2025-02-20,2025-03-02,50,RETURNED
8308,351,712,2023-07-02,2023-07-16,2023-07-26,50,RETURNED
8309,2145,1537,2024-09-15,2024-09-29,2024-09-29,0,RETURNED
8310,237,269,2023-04-10,2023-04-24,2023-04-27,15,RETURNED
8311,1770,2000,2025-10-29,2025-11-12,2025-11-10,0,RETURNED
8312,930,1726,2024-11-09,2024-11-23,,0,ISSUED
8313,1462,606,2024-05-31,2024-06-14,2024-06-22,40,RETURNED
8314,483,59,2023-04-22,2023-05-06,2023-05-13,35,RETURNED
8315,417,1034,2024-12-20,2025-01-03,2025-01-09,30,RETURNED
8316,1283,1427,2023-07-08,2023-07-22,2023-07-30,40,RETURNED
8317,1800,436,2023-11-28,2023-12-12,2023-12-11,0,RETURNED
8318,461,495,2023-07-24,2023-08-07,,0,OVERDUE
8319,839,889,2025-10-21,2025-11-04,,0,ISSUED
8320,2948,259,2025-01-14,2025-01-28,2025-01-24,0,RETURNED
8321,454,1308,2025-04-19,2025-05-03,2025-05-07,20,RETURNED
8322,579,753,2023-07-15,2023-07-29,2023-08-01,15,RETURNED
8323,952,1076,2025-03-16,2025-03-30,,0,OVERDUE
8324,931,973,2025-05-11,2025-05-25,2025-05-28,15,RETURNED
8325,1540,950,2025-11-24,2025-12-08,2025-12-11,15,RETURNED
8326,143,826,2023-11-27,2023-12-11,2023-12-16,25,RETURNED
8327,2007,1993,2024-08-15,2024-08-29,2024-09-04,30,RETURNED
8328,181,955,2024-08-13,2024-08-27,2024-08-27,0,RETURNED
8329,1536,1015,2025-10-14,2025-10-28,2025-10-29,5,RETURNED
8330,1428,883,2023-12-05,2023-12-19,2023-12-28,45,RETURNED
8331,1770,1428,2023-05-21,2023-06-04,2023-06-02,0,RETURNED
8332,1357,202,2024-10-24,2024-11-07,2024-11-09,10,RETURNED
8333,2198,447,2024-04-18,2024-05-02,2024-04-27,0,RETURNED
8334,1521,996,2025-02-07,2025-02-21,,0,OVERDUE
8335,401,1980,2023-06-23,2023-07-07,2023-07-17,50,RETURNED
8336,1988,338,2023-05-27,2023-06-10,2023-06-08,0,RETURNED
8337,726,106,2023-05-13,2023-05-27,,0,OVERDUE
8338,494,1150,2025-12-12,2025-12-26,2026-01-05,50,RETURNED
8339,2655,1837,2025-10-01,2025-10-15,2025-10-24,45,RETURNED
8340,250,763,2025-10-14,2025-10-28,2025-10-23,0,RETURNED
8341,1899,1473,2025-01-20,2025-02-03,2025-02-09,30,RETURNED
8342,1388,1521,2024-07-19,2024-08-02,,0,OVERDUE
8343,1874,1479,2023-09-16,2023-09-30,2023-10-09,45,RETURNED
8344,426,270,2025-05-08,2025-05-22,2025-05-29,35,RETURNED
8345,1199,423,2024-08-06,2024-08-20,,0,ISSUED
8346,1822,1400,2023-12-28,2024-01-11,2024-01-08,0,RETURNED
8347,2422,878,2025-03-02,2025-03-16,2025-03-16,0,RETURNED
8348,1734,875,2025-02-21,2025-03-07,2025-03-11,20,RETURNED
8349,2377,14,2024-10-07,2024-10-21,2024-10-29,40,RETURNED
8350,850,655,2025-02-12,2025-02-26,2025-02-28,10,RETURNED
8351,105,1056,2024-11-17,2024-12-01,2024-12-02,5,RETURNED
8352,2886,385,2023-02-23,2023-03-09,2023-03-07,0,RETURNED
8353,2356,1336,2025-07-03,2025-07-17,2025-07-22,25,RETURNED
8354,2782,1041,2024-12-16,2024-12-30,2025-01-09,50,RETURNED
8355,588,1657,2024-08-06,2024-08-20,2024-08-15,0,RETURNED
8356,2053,1442,2024-05-24,2024-06-07,2024-06-17,50,RETURNED
8357,1199,1922,2025-02-25,2025-03-11,2025-03-11,0,RETURNED
8358,1459,739,2024-11-30,2024-12-14,2024-12-18,20,RETURNED
8359,385,1975,2025-01-24,2025-02-07,2025-02-07,0,RETURNED
8360,860,775,2025-02-12,2025-02-26,2025-03-06,40,RETURNED
8361,584,1567,2023-03-08,2023-03-22,,0,OVERDUE
8362,1375,849,2023-02-23,2023-03-09,2023-03-14,25,RETURNED
8363,869,1261,2023-07-22,2023-08-05,2023-08-03,0,RETURNED
8364,962,747,2023-08-01,2023-08-15,2023-08-20,25,RETURNED
8365,1063,554,2023-01-26,2023-02-09,2023-02-07,0,RETURNED
8366,1012,743,2024-01-10,2024-01-24,2024-01-31,35,RETURNED
8367,621,273,2024-07-30,2024-08-13,2024-08-18,25,RETURNED
8368,2331,1105,2025-04-03,2025-04-17,,0,ISSUED
8369,2980,945,2025-09-27,2025-10-11,2025-10-14,15,RETURNED
8370,2529,914,2024-03-19,2024-04-02,2024-03-29,0,RETURNED
8371,121,619,2023-01-12,2023-01-26,2023-01-28,10,RETURNED
8372,1052,542,2025-08-22,2025-09-05,2025-09-12,35,RETURNED
8373,1863,1836,2023-05-28,2023-06-11,2023-06-14,15,RETURNED
8374,1891,1082,2023-02-24,2023-03-10,2023-03-18,40,RETURNED
8375,2203,9,2024-03-15,2024-03-29,2024-04-05,35,RETURNED
8376,2586,1329,2025-07-29,2025-08-12,2025-08-13,5,RETURNED
8377,480,1718,2023-04-01,2023-04-15,,0,OVERDUE
8378,597,1322,2023-05-27,2023-06-10,2023-06-16,30,RETURNED
8379,773,1700,2024-10-04,2024-10-18,2024-10-27,45,RETURNED
8380,2087,1016,2024-11-10,2024-11-24,2024-11-25,5,RETURNED
8381,2955,1168,2024-02-24,2024-03-09,,0,ISSUED
8382,2148,355,2025-07-09,2025-07-23,2025-07-28,25,RETURNED
8383,1457,206,2024-04-27,2024-05-11,2024-05-11,0,RETURNED
8384,345,1572,2025-11-01,2025-11-15,2025-11-25,50,RETURNED
8385,2636,589,2023-08-08,2023-08-22,2023-08-28,30,RETURNED
8386,36,1662,2024-02-16,2024-03-01,2024-03-05,20,RETURNED
8387,1084,663,2025-01-30,2025-02-13,2025-02-23,50,RETURNED
8388,841,1304,2023-04-18,2023-05-02,2023-05-02,0,RETURNED
8389,1171,1049,2025-09-04,2025-09-18,2025-09-20,10,RETURNED
8390,41,1491,2025-01-04,2025-01-18,2025-01-28,50,RETURNED
8391,1020,1429,2025-05-31,2025-06-14,2025-06-19,25,RETURNED
8392,849,808,2025-05-19,2025-06-02,2025-06-09,35,RETURNED
8393,898,1310,2024-02-13,2024-02-27,2024-02-26,0,RETURNED
8394,2484,1765,2024-12-23,2025-01-06,2025-01-09,15,RETURNED
8395,2039,648,2025-06-16,2025-06-30,2025-06-25,0,RETURNED
8396,447,1891,2023-02-06,2023-02-20,2023-02-16,0,RETURNED
8397,1855,349,2025-03-07,2025-03-21,2025-03-25,20,RETURNED
8398,1279,670,2025-09-01,2025-09-15,2025-09-15,0,RETURNED
8399,2331,1591,2024-03-24,2024-04-07,2024-04-09,10,RETURNED
8400,1862,97,2025-12-12,2025-12-26,2025-12-31,25,RETURNED
8401,203,703,2023-10-30,2023-11-13,2023-11-11,0,RETURNED
8402,23,1343,2025-07-12,2025-07-26,,0,ISSUED
8403,1398,412,2025-03-21,2025-04-04,2025-04-04,0,RETURNED
8404,1322,1539,2023-02-15,2023-03-01,,0,ISSUED
8405,2144,328,2023-09-29,2023-10-13,2023-10-17,20,RETURNED
8406,1526,323,2025-08-25,2025-09-08,2025-09-09,5,RETURNED
8407,38,1065,2024-08-22,2024-09-05,2024-09-06,5,RETURNED
8408,1769,95,2023-11-11,2023-11-25,,0,OVERDUE
8409,227,1239,2023-12-21,2024-01-04,2024-01-10,30,RETURNED
8410,2811,106,2023-12-21,2024-01-04,,0,OVERDUE
8411,2378,198,2023-03-08,2023-03-22,2023-03-26,20,RETURNED
8412,1101,1617,2023-12-14,2023-12-28,2023-12-31,15,RETURNED
8413,1249,1214,2025-05-01,2025-05-15,2025-05-23,40,RETURNED
8414,2490,387,2024-08-22,2024-09-05,2024-09-05,0,RETURNED
8415,1959,1577,2025-12-08,2025-12-22,2025-12-29,35,RETURNED
8416,2189,1846,2024-11-18,2024-12-02,,0,ISSUED
8417,1996,912,2024-02-18,2024-03-03,2024-03-04,5,RETURNED
8418,141,1463,2024-10-22,2024-11-05,2024-11-13,40,RETURNED
8419,1265,1435,2023-10-07,2023-10-21,2023-10-23,10,RETURNED
8420,2547,1370,2023-09-19,2023-10-03,2023-10-05,10,RETURNED
8421,826,1238,2023-10-21,2023-11-04,,0,ISSUED
8422,1426,28,2025-03-28,2025-04-11,2025-04-07,0,RETURNED
8423,1056,279,2023-12-17,2023-12-31,2023-12-27,0,RETURNED
8424,1026,442,2024-07-28,2024-08-11,2024-08-18,35,RETURNED
8425,2551,1251,2023-10-28,2023-11-11,2023-11-16,25,RETURNED
8426,31,1241,2025-04-24,2025-05-08,2025-05-05,0,RETURNED
8427,488,1347,2025-11-09,2025-11-23,2025-11-18,0,RETURNED
8428,2382,1958,2025-02-10,2025-02-24,2025-02-23,0,RETURNED
8429,1125,1509,2025-06-21,2025-07-05,2025-07-08,15,RETURNED
8430,174,476,2024-10-20,2024-11-03,2024-11-08,25,RETURNED
8431,1980,112,2023-07-20,2023-08-03,2023-08-13,50,RETURNED
8432,2251,641,2024-02-20,2024-03-05,2024-03-08,15,RETURNED
8433,556,1428,2023-07-17,2023-07-31,,0,OVERDUE
8434,1377,1291,2023-11-26,2023-12-10,2023-12-06,0,RETURNED
8435,1771,740,2025-11-08,2025-11-22,,0,ISSUED
8436,2414,1503,2025-05-14,2025-05-28,2025-06-07,50,RETURNED
8437,2837,1808,2024-03-16,2024-03-30,2024-04-07,40,RETURNED
8438,1363,932,2025-02-02,2025-02-16,,0,OVERDUE
8439,1188,1146,2025-09-05,2025-09-19,2025-09-15,0,RETURNED
8440,576,1851,2023-11-07,2023-11-21,2023-11-30,45,RETURNED
8441,41,1075,2024-09-15,2024-09-29,,0,ISSUED
8442,954,1160,2025-03-06,2025-03-20,2025-03-17,0,RETURNED
8443,2412,1795,2025-10-19,2025-11-02,2025-10-29,0,RETURNED
8444,177,303,2023-12-10,2023-12-24,,0,OVERDUE
8445,2267,1445,2023-09-25,2023-10-09,2023-10-13,20,RETURNED
8446,257,589,2025-11-25,2025-12-09,2025-12-09,0,RETURNED
8447,940,1137,2025-12-25,2026-01-08,,0,OVERDUE
8448,111,1370,2025-04-03,2025-04-17,2025-04-27,50,RETURNED
8449,78,970,2023-01-01,2023-01-15,2023-01-18,15,RETURNED
8450,865,1791,2023-06-29,2023-07-13,2023-07-12,0,RETURNED
8451,1685,1969,2023-11-02,2023-11-16,2023-11-23,35,RETURNED
8452,1930,560,2025-12-25,2026-01-08,2026-01-10,10,RETURNED
8453,1189,1579,2023-09-14,2023-09-28,2023-09-25,0,RETURNED
8454,2585,511,2023-07-02,2023-07-16,2023-07-19,15,RETURNED
8455,246,1117,2025-01-22,2025-02-05,2025-02-09,20,RETURNED
8456,2534,266,2024-06-16,2024-06-30,,0,ISSUED
8457,2414,1851,2025-03-08,2025-03-22,2025-03-28,30,RETURNED
8458,1032,237,2023-08-14,2023-08-28,2023-09-02,25,RETURNED
8459,2202,1777,2023-02-26,2023-03-12,2023-03-09,0,RETURNED
8460,2887,1234,2023-09-09,2023-09-23,2023-09-19,0,RETURNED
8461,869,1248,2025-09-30,2025-10-14,2025-10-20,30,RETURNED
8462,1716,1849,2024-09-26,2024-10-10,2024-10-18,40,RETURNED
8463,1043,575,2024-06-09,2024-06-23,2024-06-24,5,RETURNED
8464,2125,315,2024-01-14,2024-01-28,,0,ISSUED
8465,421,1846,2025-08-03,2025-08-17,2025-08-16,0,RETURNED
8466,1219,1680,2023-08-23,2023-09-06,,0,OVERDUE
8467,2046,428,2024-04-28,2024-05-12,2024-05-20,40,RETURNED
8468,1137,1509,2023-01-29,2023-02-12,2023-02-14,10,RETURNED
8469,922,674,2024-09-02,2024-09-16,2024-09-25,45,RETURNED
8470,635,925,2023-01-25,2023-02-08,2023-02-03,0,RETURNED
8471,1470,1056,2024-07-09,2024-07-23,2024-07-21,0,RETURNED
8472,2337,102,2025-04-23,2025-05-07,2025-05-12,25,RETURNED
8473,1405,820,2023-04-11,2023-04-25,2023-04-25,0,RETURNED
8474,535,1081,2025-09-26,2025-10-10,2025-10-11,5,RETURNED
8475,1365,315,2024-02-04,2024-02-18,2024-02-24,30,RETURNED
8476,1487,681,2025-06-09,2025-06-23,2025-06-23,0,RETURNED
8477,1734,1541,2023-06-14,2023-06-28,2023-06-23,0,RETURNED
8478,594,1646,2023-01-21,2023-02-04,2023-02-05,5,RETURNED
8479,2321,988,2023-05-28,2023-06-11,2023-06-09,0,RETURNED
8480,2456,1035,2025-11-08,2025-11-22,2025-11-28,30,RETURNED
8481,209,1456,2024-01-08,2024-01-22,2024-01-17,0,RETURNED
8482,1375,683,2023-04-22,2023-05-06,2023-05-11,25,RETURNED
8483,2532,1374,2024-09-25,2024-10-09,,0,OVERDUE
8484,254,436,2023-07-15,2023-07-29,2023-07-29,0,RETURNED
8485,2622,1576,2023-09-09,2023-09-23,,0,OVERDUE
8486,586,733,2025-12-06,2025-12-20,2025-12-15,0,RETURNED
8487,796,852,2024-06-05,2024-06-19,2024-06-25,30,RETURNED
8488,2276,1563,2025-09-20,2025-10-04,2025-10-02,0,RETURNED
8489,565,422,2023-04-07,2023-04-21,,0,OVERDUE
8490,430,129,2023-02-08,2023-02-22,,0,ISSUED
8491,1747,1353,2024-09-28,2024-10-12,2024-10-14,10,RETURNED
8492,1697,1484,2023-01-18,2023-02-01,2023-02-06,25,RETURNED
8493,302,1937,2023-09-06,2023-09-20,2023-09-30,50,RETURNED
8494,628,774,2024-09-22,2024-10-06,,0,OVERDUE
8495,1702,1107,2024-10-08,2024-10-22,2024-10-21,0,RETURNED
8496,1583,960,2023-05-21,2023-06-04,2023-06-11,35,RETURNED
8497,1561,639,2023-04-04,2023-04-18,2023-04-26,40,RETURNED
8498,2606,1550,2024-04-11,2024-04-25,2024-04-27,10,RETURNED
8499,2763,789,2024-02-14,2024-02-28,,0,ISSUED
8500,2686,1092,2023-07-22,2023-08-05,2023-08-14,45,RETURNED
8501,1682,320,2025-01-06,2025-01-20,2025-01-28,40,RETURNED
8502,2829,1641,2023-03-04,2023-03-18,2023-03-16,0,RETURNED
8503,1822,1728,2024-11-20,2024-12-04,2024-12-01,0,RETURNED
8504,2519,307,2023-01-10,2023-01-24,2023-02-03,50,RETURNED
8505,1681,1254,2024-12-06,2024-12-20,2024-12-15,0,RETURNED
8506,1158,1276,2025-06-09,2025-06-23,2025-06-24,5,RETURNED
8507,2027,1291,2023-05-08,2023-05-22,2023-05-27,25,RETURNED
8508,578,663,2023-08-22,2023-09-05,,0,ISSUED
8509,2017,466,2024-11-20,2024-12-04,2024-12-05,5,RETURNED
8510,1844,543,2023-04-12,2023-04-26,2023-04-28,10,RETURNED
8511,1758,991,2024-02-10,2024-02-24,2024-02-29,25,RETURNED
8512,2791,1969,2025-03-08,2025-03-22,2025-03-18,0,RETURNED
8513,190,506,2025-12-12,2025-12-26,2025-12-24,0,RETURNED
8514,2425,1222,2024-07-18,2024-08-01,,0,OVERDUE
8515,1255,1059,2025-04-23,2025-05-07,2025-05-07,0,RETURNED
8516,1306,1380,2024-01-25,2024-02-08,,0,OVERDUE
8517,2703,1297,2023-07-05,2023-07-19,2023-07-16,0,RETURNED
8518,501,1054,2023-06-18,2023-07-02,,0,ISSUED
8519,2647,1946,2025-03-12,2025-03-26,2025-03-24,0,RETURNED
8520,44,219,2025-11-25,2025-12-09,2025-12-16,35,RETURNED
8521,2679,210,2024-12-13,2024-12-27,2024-12-25,0,RETURNED
8522,2770,358,2024-12-12,2024-12-26,2024-12-26,0,RETURNED
8523,393,860,2024-07-23,2024-08-06,2024-08-13,35,RETURNED
8524,1340,355,2025-09-13,2025-09-27,2025-09-22,0,RETURNED
8525,1841,392,2024-01-15,2024-01-29,2024-01-25,0,RETURNED
8526,2406,1791,2023-10-26,2023-11-09,,0,OVERDUE
8527,2942,1345,2023-08-13,2023-08-27,2023-09-06,50,RETURNED
8528,1963,1934,2023-03-14,2023-03-28,2023-03-27,0,RETURNED
8529,481,312,2025-10-05,2025-10-19,,0,OVERDUE
8530,1978,863,2023-05-18,2023-06-01,2023-05-30,0,RETURNED
8531,1189,1242,2023-02-17,2023-03-03,2023-02-27,0,RETURNED
8532,694,760,2023-07-11,2023-07-25,2023-07-23,0,RETURNED
8533,2335,1901,2024-09-27,2024-10-11,2024-10-11,0,RETURNED
8534,587,819,2023-08-19,2023-09-02,2023-09-01,0,RETURNED
8535,938,1434,2023-01-25,2023-02-08,2023-02-07,0,RETURNED
8536,412,690,2023-06-01,2023-06-15,2023-06-19,20,RETURNED
8537,1706,340,2025-06-13,2025-06-27,2025-07-02,25,RETURNED
8538,1826,973,2025-06-11,2025-06-25,2025-06-28,15,RETURNED
8539,725,89,2024-12-07,2024-12-21,2024-12-24,15,RETURNED
8540,1932,451,2024-05-25,2024-06-08,2024-06-03,0,RETURNED
8541,1909,399,2023-05-26,2023-06-09,2023-06-05,0,RETURNED
8542,1233,662,2025-03-14,2025-03-28,,0,OVERDUE
8543,1676,393,2023-01-23,2023-02-06,2023-02-11,25,RETURNED
8544,2881,1152,2023-08-05,2023-08-19,,0,ISSUED
8545,390,1875,2024-05-16,2024-05-30,2024-06-01,10,RETURNED
8546,1841,1013,2025-06-17,2025-07-01,2025-06-28,0,RETURNED
8547,775,1109,2023-07-25,2023-08-08,,0,OVERDUE
8548,1267,965,2024-01-28,2024-02-11,2024-02-07,0,RETURNED
8549,2210,114,2025-05-06,2025-05-20,,0,OVERDUE
8550,680,330,2023-03-16,2023-03-30,2023-04-07,40,RETURNED
8551,245,1448,2023-05-23,2023-06-06,2023-06-05,0,RETURNED
8552,1528,255,2024-04-01,2024-04-15,,0,OVERDUE
8553,2653,476,2025-11-06,2025-11-20,,0,OVERDUE
8554,2460,1477,2025-04-17,2025-05-01,2025-05-02,5,RETURNED
8555,934,1425,2024-04-21,2024-05-05,2024-05-07,10,RETURNED
8556,1959,597,2025-01-11,2025-01-25,,0,OVERDUE
8557,718,542,2025-05-24,2025-06-07,,0,OVERDUE
8558,2965,884,2023-03-09,2023-03-23,2023-03-22,0,RETURNED
8559,2212,542,2025-02-19,2025-03-05,2025-03-03,0,RETURNED
8560,2682,849,2023-03-26,2023-04-09,2023-04-06,0,RETURNED
8561,2621,627,2023-01-18,2023-02-01,2023-02-02,5,RETURNED
8562,726,990,2023-01-20,2023-02-03,2023-02-10,35,RETURNED
8563,1857,1347,2025-03-26,2025-04-09,2025-04-19,50,RETURNED
8564,2142,1467,2023-03-02,2023-03-16,,0,ISSUED
8565,650,1913,2024-04-27,2024-05-11,,0,OVERDUE
8566,2951,1025,2024-09-03,2024-09-17,2024-09-19,10,RETURNED
8567,748,1917,2024-04-25,2024-05-09,2024-05-16,35,RETURNED
8568,393,877,2024-06-10,2024-06-24,2024-06-24,0,RETURNED
8569,2132,942,2025-01-03,2025-01-17,,0,OVERDUE
8570,1728,1969,2024-09-30,2024-10-14,2024-10-18,20,RETURNED
8571,2953,12,2025-03-09,2025-03-23,,0,OVERDUE
8572,91,1363,2025-11-18,2025-12-02,2025-12-09,35,RETURNED
8573,1010,1672,2024-05-27,2024-06-10,2024-06-13,15,RETURNED
8574,388,28,2024-04-07,2024-04-21,,0,ISSUED
8575,2912,70,2024-08-11,2024-08-25,,0,OVERDUE
8576,411,1126,2023-06-08,2023-06-22,2023-06-29,35,RETURNED
8577,1731,236,2023-02-09,2023-02-23,2023-02-22,0,RETURNED
8578,816,606,2024-05-08,2024-05-22,2024-05-30,40,RETURNED
8579,2749,1676,2023-09-24,2023-10-08,2023-10-17,45,RETURNED
8580,281,748,2025-04-03,2025-04-17,,0,OVERDUE
8581,2912,1351,2025-03-05,2025-03-19,2025-03-22,15,RETURNED
8582,1725,133,2024-09-26,2024-10-10,2024-10-06,0,RETURNED
8583,2125,34,2023-01-06,2023-01-20,2023-01-27,35,RETURNED
8584,1197,1253,2025-10-27,2025-11-10,2025-11-12,10,RETURNED
8585,788,853,2023-07-18,2023-08-01,2023-08-07,30,RETURNED
8586,2641,1913,2025-10-29,2025-11-12,2025-11-15,15,RETURNED
8587,2213,1103,2025-12-17,2025-12-31,2025-12-26,0,RETURNED
8588,2100,953,2024-03-25,2024-04-08,,0,ISSUED
8589,2151,1459,2023-07-21,2023-08-04,2023-08-02,0,RETURNED
8590,1782,594,2023-01-02,2023-01-16,2023-01-18,10,RETURNED
8591,1500,664,2023-04-13,2023-04-27,2023-04-29,10,RETURNED
8592,357,445,2024-01-10,2024-01-24,2024-01-29,25,RETURNED
8593,585,1608,2025-01-02,2025-01-16,2025-01-19,15,RETURNED
8594,5,1659,2024-02-07,2024-02-21,,0,ISSUED
8595,1603,1657,2023-11-27,2023-12-11,,0,ISSUED
8596,165,931,2023-04-12,2023-04-26,2023-05-02,30,RETURNED
8597,2891,1443,2023-01-27,2023-02-10,2023-02-14,20,RETURNED
8598,2176,429,2023-01-14,2023-01-28,2023-01-31,15,RETURNED
8599,447,1887,2025-05-31,2025-06-14,,0,ISSUED
8600,1161,519,2025-02-03,2025-02-17,2025-02-20,15,RETURNED
8601,945,1682,2023-03-01,2023-03-15,2023-03-15,0,RETURNED
8602,525,678,2025-01-10,2025-01-24,2025-01-26,10,RETURNED
8603,119,975,2025-03-28,2025-04-11,2025-04-11,0,RETURNED
8604,1261,184,2025-05-26,2025-06-09,2025-06-19,50,RETURNED
8605,517,1064,2023-09-21,2023-10-05,,0,ISSUED
8606,2610,168,2024-04-09,2024-04-23,2024-04-26,15,RETURNED
8607,956,340,2024-02-28,2024-03-13,2024-03-13,0,RETURNED
8608,1507,314,2024-08-29,2024-09-12,2024-09-22,50,RETURNED
8609,402,1763,2025-09-01,2025-09-15,2025-09-17,10,RETURNED
8610,1552,937,2024-05-20,2024-06-03,2024-06-11,40,RETURNED
8611,2950,957,2024-06-25,2024-07-09,2024-07-16,35,RETURNED
8612,1116,1736,2023-02-07,2023-02-21,2023-02-23,10,RETURNED
8613,1604,1724,2025-09-24,2025-10-08,2025-10-08,0,RETURNED
8614,1420,809,2025-06-08,2025-06-22,2025-06-27,25,RETURNED
8615,941,804,2024-03-22,2024-04-05,2024-04-05,0,RETURNED
8616,1042,1947,2024-07-05,2024-07-19,2024-07-15,0,RETURNED
8617,2522,1429,2023-07-01,2023-07-15,,0,OVERDUE
8618,1071,1857,2024-07-18,2024-08-01,2024-08-05,20,RETURNED
8619,1214,1308,2025-05-31,2025-06-14,2025-06-17,15,RETURNED
8620,1000,1533,2023-10-18,2023-11-01,,0,ISSUED
8621,1063,207,2025-05-02,2025-05-16,2025-05-19,15,RETURNED
8622,1121,1687,2023-01-31,2023-02-14,2023-02-10,0,RETURNED
8623,1207,1417,2023-11-12,2023-11-26,,0,ISSUED
8624,658,1368,2023-04-06,2023-04-20,2023-04-21,5,RETURNED
8625,1743,1029,2024-03-15,2024-03-29,2024-03-27,0,RETURNED
8626,2875,758,2025-11-29,2025-12-13,,0,ISSUED
8627,56,359,2025-03-22,2025-04-05,2025-03-31,0,RETURNED
8628,2239,1893,2023-02-13,2023-02-27,,0,OVERDUE
8629,2042,527,2025-09-16,2025-09-30,2025-09-28,0,RETURNED
8630,2754,520,2023-02-11,2023-02-25,,0,ISSUED
8631,2999,1663,2025-05-07,2025-05-21,2025-05-19,0,RETURNED
8632,1663,1245,2025-09-23,2025-10-07,2025-10-13,30,RETURNED
8633,929,1100,2025-09-15,2025-09-29,2025-09-24,0,RETURNED
8634,2967,878,2023-01-05,2023-01-19,,0,OVERDUE
8635,2017,1021,2024-06-28,2024-07-12,2024-07-21,45,RETURNED
8636,1325,173,2024-07-26,2024-08-09,2024-08-15,30,RETURNED
8637,2320,30,2025-04-30,2025-05-14,,0,ISSUED
8638,2746,731,2025-03-07,2025-03-21,,0,OVERDUE
8639,975,737,2023-02-04,2023-02-18,,0,OVERDUE
8640,583,819,2023-02-04,2023-02-18,,0,ISSUED
8641,1729,20,2025-06-24,2025-07-08,2025-07-06,0,RETURNED
8642,999,575,2023-09-07,2023-09-21,2023-09-26,25,RETURNED
8643,893,1514,2024-03-30,2024-04-13,2024-04-09,0,RETURNED
8644,1854,1924,2024-04-02,2024-04-16,2024-04-20,20,RETURNED
8645,1313,353,2024-07-06,2024-07-20,2024-07-26,30,RETURNED
8646,301,810,2023-04-12,2023-04-26,,0,ISSUED
8647,2149,577,2024-03-20,2024-04-03,2024-04-13,50,RETURNED
8648,325,1380,2024-01-27,2024-02-10,,0,ISSUED
8649,1450,1194,2024-12-25,2025-01-08,,0,OVERDUE
8650,2521,843,2023-09-23,2023-10-07,2023-10-11,20,RETURNED
8651,1542,1207,2025-11-12,2025-11-26,2025-12-06,50,RETURNED
8652,660,436,2024-07-21,2024-08-04,2024-08-06,10,RETURNED
8653,2718,1789,2023-01-31,2023-02-14,,0,ISSUED
8654,2214,1740,2024-04-20,2024-05-04,2024-05-12,40,RETURNED
8655,1276,1561,2024-11-20,2024-12-04,2024-12-11,35,RETURNED
8656,1423,553,2025-01-02,2025-01-16,2025-01-21,25,RETURNED
8657,1604,335,2025-08-08,2025-08-22,2025-08-24,10,RETURNED
8658,2768,1353,2024-06-20,2024-07-04,2024-07-05,5,RETURNED
8659,2353,459,2025-03-26,2025-04-09,2025-04-18,45,RETURNED
8660,1673,541,2025-07-28,2025-08-11,2025-08-12,5,RETURNED
8661,2881,1372,2025-07-06,2025-07-20,,0,OVERDUE
8662,2780,1459,2024-07-04,2024-07-18,,0,OVERDUE
8663,1580,1459,2024-08-15,2024-08-29,2024-08-26,0,RETURNED
8664,1928,1162,2024-10-10,2024-10-24,2024-10-21,0,RETURNED
8665,2313,1314,2025-11-04,2025-11-18,2025-11-20,10,RETURNED
8666,1595,1718,2025-04-22,2025-05-06,2025-05-07,5,RETURNED
8667,87,938,2023-12-27,2024-01-10,2024-01-19,45,RETURNED
8668,2036,444,2024-10-22,2024-11-05,,0,ISSUED
8669,2802,239,2023-01-21,2023-02-04,,0,ISSUED
8670,1057,722,2024-01-26,2024-02-09,2024-02-16,35,RETURNED
8671,1285,1676,2025-12-09,2025-12-23,2025-12-20,0,RETURNED
8672,1370,728,2023-05-31,2023-06-14,2023-06-22,40,RETURNED
8673,2244,871,2023-08-13,2023-08-27,2023-08-26,0,RETURNED
8674,1961,566,2025-02-02,2025-02-16,2025-02-19,15,RETURNED
8675,279,883,2024-11-19,2024-12-03,2024-12-11,40,RETURNED
8676,513,1970,2024-08-21,2024-09-04,2024-09-12,40,RETURNED
8677,445,1545,2025-12-26,2026-01-09,2026-01-05,0,RETURNED
8678,234,183,2025-10-08,2025-10-22,,0,ISSUED
8679,2081,157,2024-09-12,2024-09-26,,0,OVERDUE
8680,866,268,2024-06-27,2024-07-11,2024-07-20,45,RETURNED
8681,1121,869,2025-12-28,2026-01-11,2026-01-21,50,RETURNED
8682,1425,705,2024-12-25,2025-01-08,2025-01-15,35,RETURNED
8683,2182,313,2023-12-29,2024-01-12,,0,OVERDUE
8684,2478,1783,2023-11-03,2023-11-17,2023-11-12,0,RETURNED
8685,741,197,2023-11-24,2023-12-08,,0,OVERDUE
8686,195,365,2024-01-09,2024-01-23,2024-02-02,50,RETURNED
8687,171,1381,2024-11-01,2024-11-15,,0,OVERDUE
8688,552,348,2024-03-24,2024-04-07,2024-04-07,0,RETURNED
8689,2026,1022,2025-02-02,2025-02-16,,0,OVERDUE
8690,675,1982,2023-10-20,2023-11-03,2023-11-01,0,RETURNED
8691,2287,1843,2023-05-08,2023-05-22,2023-06-01,50,RETURNED
8692,40,1389,2024-11-08,2024-11-22,2024-11-23,5,RETURNED
8693,2231,864,2025-05-27,2025-06-10,2025-06-14,20,RETURNED
8694,1733,320,2024-05-22,2024-06-05,2024-05-31,0,RETURNED
8695,248,794,2025-08-21,2025-09-04,2025-09-05,5,RETURNED
8696,1938,541,2023-06-07,2023-06-21,,0,OVERDUE
8697,850,1413,2024-05-23,2024-06-06,2024-06-08,10,RETURNED
8698,1789,121,2024-09-22,2024-10-06,2024-10-08,10,RETURNED
8699,2771,758,2024-03-09,2024-03-23,,0,ISSUED
8700,2401,1102,2025-12-06,2025-12-20,,0,OVERDUE
8701,2710,1329,2025-06-15,2025-06-29,,0,ISSUED
8702,156,600,2023-08-06,2023-08-20,,0,OVERDUE
8703,1403,1415,2023-07-15,2023-07-29,2023-07-25,0,RETURNED
8704,1955,1606,2023-05-05,2023-05-19,2023-05-17,0,RETURNED
8705,1615,1424,2024-12-30,2025-01-13,2025-01-19,30,RETURNED
8706,2227,100,2023-09-24,2023-10-08,2023-10-11,15,RETURNED
8707,2089,1777,2024-02-22,2024-03-07,2024-03-05,0,RETURNED
8708,264,178,2025-05-22,2025-06-05,2025-06-09,20,RETURNED
8709,1022,924,2025-06-12,2025-06-26,2025-06-26,0,RETURNED
8710,1622,1575,2024-09-20,2024-10-04,2024-10-01,0,RETURNED
8711,94,1689,2024-04-06,2024-04-20,2024-04-22,10,RETURNED
8712,997,358,2024-04-27,2024-05-11,,0,ISSUED
8713,2465,150,2025-06-21,2025-07-05,2025-07-10,25,RETURNED
8714,1070,1532,2025-07-20,2025-08-03,,0,OVERDUE
8715,2084,549,2024-04-06,2024-04-20,2024-04-25,25,RETURNED
8716,2726,1066,2023-06-06,2023-06-20,2023-06-16,0,RETURNED
8717,2259,1314,2025-08-20,2025-09-03,2025-09-13,50,RETURNED
8718,1546,194,2024-01-01,2024-01-15,2024-01-14,0,RETURNED
8719,1327,881,2025-08-26,2025-09-09,2025-09-19,50,RETURNED
8720,877,548,2025-01-20,2025-02-03,,0,ISSUED
8721,2804,1042,2023-09-17,2023-10-01,2023-10-01,0,RETURNED
8722,761,1725,2024-04-26,2024-05-10,2024-05-20,50,RETURNED
8723,2183,19,2023-07-09,2023-07-23,2023-07-30,35,RETURNED
8724,2927,1856,2024-01-19,2024-02-02,2024-02-09,35,RETURNED
8725,2077,1990,2023-12-21,2024-01-04,2024-01-14,50,RETURNED
8726,668,1996,2024-07-26,2024-08-09,2024-08-06,0,RETURNED
8727,792,1848,2025-11-19,2025-12-03,2025-12-05,10,RETURNED
8728,1885,1648,2023-03-02,2023-03-16,2023-03-26,50,RETURNED
8729,621,940,2024-12-28,2025-01-11,2025-01-18,35,RETURNED
8730,234,167,2024-07-10,2024-07-24,2024-07-30,30,RETURNED
8731,2786,1827,2025-01-26,2025-02-09,,0,ISSUED
8732,689,1043,2025-01-11,2025-01-25,2025-01-22,0,RETURNED
8733,2455,1249,2023-11-10,2023-11-24,2023-11-22,0,RETURNED
8734,2577,1388,2024-12-22,2025-01-05,2025-01-06,5,RETURNED
8735,1998,1147,2024-09-27,2024-10-11,2024-10-14,15,RETURNED
8736,1168,1547,2023-08-20,2023-09-03,,0,OVERDUE
8737,2852,765,2023-11-17,2023-12-01,2023-12-09,40,RETURNED
8738,32,1395,2024-06-08,2024-06-22,2024-06-25,15,RETURNED
8739,1836,484,2023-12-29,2024-01-12,,0,OVERDUE
8740,1303,1600,2025-01-14,2025-01-28,2025-02-05,40,RETURNED
8741,1620,1368,2025-02-21,2025-03-07,,0,OVERDUE
8742,1412,328,2025-02-26,2025-03-12,2025-03-16,20,RETURNED
8743,1780,1129,2024-05-15,2024-05-29,2024-05-31,10,RETURNED
8744,2164,1330,2023-07-23,2023-08-06,2023-08-05,0,RETURNED
8745,350,921,2024-06-28,2024-07-12,2024-07-22,50,RETURNED
8746,1637,881,2023-04-26,2023-05-10,2023-05-05,0,RETURNED
8747,136,1682,2024-01-06,2024-01-20,2024-01-16,0,RETURNED
8748,63,1864,2025-12-28,2026-01-11,2026-01-16,25,RETURNED
8749,185,1746,2025-03-12,2025-03-26,2025-03-29,15,RETURNED
8750,1901,1327,2023-08-01,2023-08-15,2023-08-16,5,RETURNED
8751,746,18,2023-05-10,2023-05-24,,0,ISSUED
8752,1649,1817,2023-07-15,2023-07-29,2023-07-25,0,RETURNED
8753,2857,365,2023-10-17,2023-10-31,2023-10-28,0,RETURNED
8754,1710,1381,2024-10-10,2024-10-24,,0,ISSUED
8755,1369,551,2025-10-21,2025-11-04,,0,ISSUED
8756,1044,1709,2023-04-21,2023-05-05,,0,OVERDUE
8757,367,423,2025-11-22,2025-12-06,2025-12-05,0,RETURNED
8758,1789,933,2025-02-05,2025-02-19,2025-02-22,15,RETURNED
8759,244,504,2023-09-21,2023-10-05,2023-10-02,0,RETURNED
8760,2056,904,2025-12-14,2025-12-28,2025-12-29,5,RETURNED
8761,327,724,2025-08-04,2025-08-18,2025-08-19,5,RETURNED
8762,2675,1274,2025-02-07,2025-02-21,2025-02-17,0,RETURNED
8763,140,43,2025-06-10,2025-06-24,2025-07-03,45,RETURNED
8764,1020,737,2024-06-27,2024-07-11,2024-07-07,0,RETURNED
8765,806,334,2023-08-21,2023-09-04,2023-09-04,0,RETURNED
8766,1366,1576,2025-11-26,2025-12-10,,0,ISSUED
8767,2470,659,2025-02-19,2025-03-05,2025-03-11,30,RETURNED
8768,2992,1676,2024-10-26,2024-11-09,2024-11-06,0,RETURNED
8769,964,418,2025-03-20,2025-04-03,2025-04-09,30,RETURNED
8770,883,1175,2023-07-31,2023-08-14,,0,ISSUED
8771,1360,1869,2023-04-13,2023-04-27,2023-05-04,35,RETURNED
8772,1702,1155,2024-06-23,2024-07-07,2024-07-02,0,RETURNED
8773,2941,1239,2023-04-27,2023-05-11,2023-05-14,15,RETURNED
8774,580,597,2025-04-23,2025-05-07,2025-05-02,0,RETURNED
8775,2670,293,2023-03-10,2023-03-24,2023-03-20,0,RETURNED
8776,2210,1861,2025-07-14,2025-07-28,2025-07-31,15,RETURNED
8777,1265,1831,2025-07-29,2025-08-12,2025-08-22,50,RETURNED
8778,1514,37,2023-09-21,2023-10-05,2023-10-02,0,RETURNED
8779,133,630,2024-05-10,2024-05-24,,0,ISSUED
8780,1117,1023,2024-08-01,2024-08-15,2024-08-23,40,RETURNED
8781,2533,539,2024-04-29,2024-05-13,2024-05-17,20,RETURNED
8782,910,1566,2024-04-21,2024-05-05,2024-05-10,25,RETURNED
8783,2049,986,2024-04-02,2024-04-16,2024-04-23,35,RETURNED
8784,2063,1349,2024-10-13,2024-10-27,2024-10-25,0,RETURNED
8785,1148,152,2023-03-25,2023-04-08,2023-04-10,10,RETURNED
8786,1408,1180,2023-06-28,2023-07-12,,0,ISSUED
8787,2639,748,2024-03-22,2024-04-05,2024-04-07,10,RETURNED
8788,1944,1536,2024-10-27,2024-11-10,2024-11-12,10,RETURNED
8789,2733,710,2025-09-30,2025-10-14,2025-10-18,20,RETURNED
8790,509,174,2024-10-22,2024-11-05,2024-11-14,45,RETURNED
8791,597,798,2025-10-31,2025-11-14,2025-11-11,0,RETURNED
8792,1521,1748,2023-09-30,2023-10-14,2023-10-15,5,RETURNED
8793,1129,1976,2023-11-22,2023-12-06,2023-12-06,0,RETURNED
8794,618,350,2023-01-12,2023-01-26,,0,ISSUED
8795,2388,1012,2024-01-20,2024-02-03,2024-02-01,0,RETURNED
8796,2272,1313,2024-07-25,2024-08-08,2024-08-17,45,RETURNED
8797,1798,766,2023-11-20,2023-12-04,,0,OVERDUE
8798,2699,1014,2024-08-27,2024-09-10,2024-09-13,15,RETURNED
8799,1121,1357,2025-09-26,2025-10-10,2025-10-18,40,RETURNED
8800,2219,273,2024-05-22,2024-06-05,,0,OVERDUE
8801,1174,1888,2025-09-25,2025-10-09,2025-10-13,20,RETURNED
8802,179,684,2023-06-18,2023-07-02,2023-06-27,0,RETURNED
8803,874,639,2024-02-07,2024-02-21,2024-02-27,30,RETURNED
8804,236,89,2023-10-26,2023-11-09,,0,OVERDUE
8805,1472,932,2024-02-13,2024-02-27,2024-02-23,0,RETURNED
8806,1288,1838,2025-08-25,2025-09-08,,0,ISSUED
8807,154,674,2024-01-27,2024-02-10,2024-02-12,10,RETURNED
8808,1284,46,2025-02-05,2025-02-19,,0,OVERDUE
8809,1177,173,2025-01-16,2025-01-30,2025-02-04,25,RETURNED
8810,422,1879,2025-12-23,2026-01-06,2026-01-08,10,RETURNED
8811,429,754,2023-12-10,2023-12-24,2024-01-03,50,RETURNED
8812,2822,171,2024-02-05,2024-02-19,2024-02-21,10,RETURNED
8813,1614,791,2024-04-15,2024-04-29,,0,ISSUED
8814,1031,1580,2023-02-13,2023-02-27,2023-03-09,50,RETURNED
8815,1315,551,2024-08-22,2024-09-05,2024-09-05,0,RETURNED
8816,1150,1602,2025-04-06,2025-04-20,2025-04-16,0,RETURNED
8817,578,249,2025-05-19,2025-06-02,,0,OVERDUE
8818,2484,156,2024-10-01,2024-10-15,2024-10-17,10,RETURNED
8819,1082,1957,2023-02-27,2023-03-13,,0,ISSUED
8820,2134,1200,2023-03-08,2023-03-22,2023-03-18,0,RETURNED
8821,2098,1310,2024-06-23,2024-07-07,2024-07-04,0,RETURNED
8822,327,490,2023-12-07,2023-12-21,,0,OVERDUE
8823,2457,130,2023-12-07,2023-12-21,2023-12-26,25,RETURNED
8824,908,1127,2025-10-20,2025-11-03,2025-11-03,0,RETURNED
8825,1726,494,2025-04-02,2025-04-16,2025-04-20,20,RETURNED
8826,425,555,2025-09-29,2025-10-13,2025-10-21,40,RETURNED
8827,576,1773,2024-03-22,2024-04-05,2024-04-06,5,RETURNED
8828,1684,253,2023-01-13,2023-01-27,2023-02-01,25,RETURNED
8829,2528,1855,2023-01-28,2023-02-11,2023-02-08,0,RETURNED
8830,2545,580,2023-07-22,2023-08-05,2023-08-13,40,RETURNED
8831,549,677,2025-07-05,2025-07-19,2025-07-14,0,RETURNED
8832,2898,1281,2024-10-27,2024-11-10,2024-11-11,5,RETURNED
8833,1809,472,2023-04-13,2023-04-27,2023-05-03,30,RETURNED
8834,2201,757,2024-11-28,2024-12-12,,0,ISSUED
8835,2051,1536,2024-01-11,2024-01-25,2024-01-29,20,RETURNED
8836,1313,1844,2025-11-03,2025-11-17,,0,ISSUED
8837,2794,297,2025-11-16,2025-11-30,2025-11-30,0,RETURNED
8838,1511,1569,2025-02-19,2025-03-05,2025-03-03,0,RETURNED
8839,1236,909,2024-03-07,2024-03-21,2024-03-31,50,RETURNED
8840,1059,669,2024-11-02,2024-11-16,2024-11-12,0,RETURNED
8841,1263,220,2023-02-28,2023-03-14,2023-03-14,0,RETURNED
8842,2724,1506,2024-02-21,2024-03-06,,0,ISSUED
8843,1198,1736,2024-04-13,2024-04-27,2024-04-24,0,RETURNED
8844,855,1773,2023-02-04,2023-02-18,2023-02-14,0,RETURNED
8845,553,815,2025-05-27,2025-06-10,,0,OVERDUE
8846,413,1074,2024-12-22,2025-01-05,2025-01-04,0,RETURNED
8847,1586,421,2025-07-01,2025-07-15,,0,ISSUED
8848,1126,324,2025-09-05,2025-09-19,2025-09-20,5,RETURNED
8849,1828,3,2024-12-04,2024-12-18,2024-12-28,50,RETURNED
8850,2442,393,2023-06-26,2023-07-10,,0,ISSUED
8851,2012,924,2025-03-27,2025-04-10,2025-04-19,45,RETURNED
8852,1072,646,2024-03-13,2024-03-27,,0,OVERDUE
8853,2539,258,2023-10-21,2023-11-04,2023-11-09,25,RETURNED
8854,2418,1970,2024-05-27,2024-06-10,2024-06-17,35,RETURNED
8855,2443,849,2025-07-01,2025-07-15,2025-07-17,10,RETURNED
8856,944,215,2023-08-26,2023-09-09,2023-09-15,30,RETURNED
8857,881,453,2025-08-25,2025-09-08,2025-09-10,10,RETURNED
8858,2469,1232,2025-05-04,2025-05-18,2025-05-15,0,RETURNED
8859,1852,521,2024-04-02,2024-04-16,2024-04-19,15,RETURNED
8860,2398,712,2025-10-25,2025-11-08,2025-11-17,45,RETURNED
8861,1657,1097,2025-11-03,2025-11-17,,0,OVERDUE
8862,1763,1350,2023-10-13,2023-10-27,2023-10-23,0,RETURNED
8863,2120,784,2025-06-21,2025-07-05,2025-07-03,0,RETURNED
8864,1653,1142,2023-01-20,2023-02-03,2023-02-09,30,RETURNED
8865,732,220,2023-11-17,2023-12-01,2023-12-01,0,RETURNED
8866,1764,798,2025-10-09,2025-10-23,2025-10-25,10,RETURNED
8867,121,740,2023-09-19,2023-10-03,,0,OVERDUE
8868,1474,1988,2023-02-13,2023-02-27,2023-03-01,10,RETURNED
8869,1811,1755,2024-09-29,2024-10-13,,0,ISSUED
8870,2511,1949,2025-06-19,2025-07-03,,0,ISSUED
8871,2672,754,2024-07-25,2024-08-08,2024-08-09,5,RETURNED
8872,1779,388,2023-08-21,2023-09-04,2023-09-08,20,RETURNED
8873,356,515,2023-11-21,2023-12-05,,0,ISSUED
8874,1383,1910,2024-05-18,2024-06-01,2024-05-28,0,RETURNED
8875,1939,725,2024-07-18,2024-08-01,2024-08-03,10,RETURNED
8876,1845,1021,2023-12-24,2024-01-07,2024-01-14,35,RETURNED
8877,740,1826,2023-02-07,2023-02-21,2023-02-17,0,RETURNED
8878,1886,1286,2025-06-29,2025-07-13,2025-07-19,30,RETURNED
8879,996,347,2023-10-02,2023-10-16,,0,OVERDUE
8880,3,1031,2023-04-04,2023-04-18,2023-04-28,50,RETURNED
8881,2407,1597,2025-12-08,2025-12-22,2025-12-17,0,RETURNED
8882,1980,1463,2024-06-29,2024-07-13,2024-07-17,20,RETURNED
8883,2068,1161,2025-04-23,2025-05-07,2025-05-09,10,RETURNED
8884,2774,1463,2025-11-08,2025-11-22,2025-11-21,0,RETURNED
8885,272,1429,2023-11-03,2023-11-17,2023-11-24,35,RETURNED
8886,1152,534,2024-12-24,2025-01-07,,0,OVERDUE
8887,2875,774,2024-06-27,2024-07-11,2024-07-12,5,RETURNED
8888,466,1049,2025-12-18,2026-01-01,2026-01-06,25,RETURNED
8889,1371,778,2025-05-08,2025-05-22,2025-06-01,50,RETURNED
8890,1881,1413,2023-02-25,2023-03-11,2023-03-12,5,RETURNED
8891,2387,1064,2024-06-01,2024-06-15,2024-06-10,0,RETURNED
8892,1036,719,2023-03-04,2023-03-18,,0,OVERDUE
8893,1221,1364,2023-04-18,2023-05-02,,0,OVERDUE
8894,669,1731,2024-06-29,2024-07-13,2024-07-20,35,RETURNED
8895,1230,1569,2024-06-01,2024-06-15,2024-06-17,10,RETURNED
8896,490,1411,2023-09-27,2023-10-11,2023-10-11,0,RETURNED
8897,985,153,2023-02-05,2023-02-19,2023-03-01,50,RETURNED
8898,2499,1401,2023-06-03,2023-06-17,2023-06-14,0,RETURNED
8899,2625,261,2023-09-20,2023-10-04,2023-10-10,30,RETURNED
8900,564,1684,2025-06-13,2025-06-27,2025-07-07,50,RETURNED
8901,2330,1280,2025-01-08,2025-01-22,2025-01-26,20,RETURNED
8902,495,1187,2023-03-13,2023-03-27,2023-03-27,0,RETURNED
8903,1537,1256,2024-10-15,2024-10-29,2024-10-27,0,RETURNED
8904,1147,1201,2024-09-17,2024-10-01,2024-09-29,0,RETURNED
8905,549,89,2025-05-26,2025-06-09,,0,OVERDUE
8906,461,390,2025-10-30,2025-11-13,2025-11-19,30,RETURNED
8907,2734,654,2024-04-24,2024-05-08,,0,OVERDUE
8908,381,192,2023-08-25,2023-09-08,2023-09-10,10,RETURNED
8909,1766,129,2025-08-01,2025-08-15,,0,OVERDUE
8910,2656,464,2024-03-03,2024-03-17,2024-03-13,0,RETURNED
8911,1771,1195,2024-04-24,2024-05-08,2024-05-15,35,RETURNED
8912,847,698,2024-03-31,2024-04-14,2024-04-23,45,RETURNED
8913,2842,1407,2023-01-15,2023-01-29,2023-01-26,0,RETURNED
8914,457,257,2025-07-28,2025-08-11,2025-08-17,30,RETURNED
8915,426,284,2023-03-06,2023-03-20,,0,OVERDUE
8916,1849,1077,2024-08-23,2024-09-06,,0,ISSUED
8917,2773,429,2024-07-14,2024-07-28,,0,ISSUED
8918,1941,472,2024-01-29,2024-02-12,2024-02-08,0,RETURNED
8919,2042,422,2024-05-31,2024-06-14,2024-06-18,20,RETURNED
8920,296,1088,2023-11-14,2023-11-28,2023-12-05,35,RETURNED
8921,2621,534,2023-03-25,2023-04-08,,0,ISSUED
8922,2754,1038,2025-01-28,2025-02-11,,0,ISSUED
8923,2145,1849,2023-02-01,2023-02-15,2023-02-15,0,RETURNED
8924,1407,1701,2023-10-10,2023-10-24,2023-10-27,15,RETURNED
8925,2719,1628,2025-06-30,2025-07-14,2025-07-20,30,RETURNED
8926,70,595,2024-01-18,2024-02-01,2024-02-11,50,RETURNED
8927,2812,477,2024-10-15,2024-10-29,2024-11-04,30,RETURNED
8928,2201,13,2025-08-23,2025-09-06,2025-09-05,0,RETURNED
8929,1941,1696,2023-08-14,2023-08-28,2023-08-26,0,RETURNED
8930,1486,725,2025-08-02,2025-08-16,2025-08-13,0,RETURNED
8931,70,1424,2023-08-27,2023-09-10,2023-09-06,0,RETURNED
8932,1562,741,2023-07-31,2023-08-14,2023-08-20,30,RETURNED
8933,2164,1945,2025-04-09,2025-04-23,2025-04-22,0,RETURNED
8934,2560,538,2025-02-18,2025-03-04,,0,ISSUED
8935,2130,1429,2025-05-21,2025-06-04,2025-05-30,0,RETURNED
8936,440,257,2023-09-02,2023-09-16,2023-09-24,40,RETURNED
8937,550,633,2023-07-30,2023-08-13,2023-08-09,0,RETURNED
8938,1936,397,2025-07-23,2025-08-06,,0,OVERDUE
8939,2447,1592,2024-08-27,2024-09-10,2024-09-05,0,RETURNED
8940,1940,1029,2024-02-15,2024-02-29,2024-03-03,15,RETURNED
8941,1037,204,2025-05-24,2025-06-07,2025-06-03,0,RETURNED
8942,1023,1370,2024-06-27,2024-07-11,2024-07-14,15,RETURNED
8943,2273,248,2024-09-01,2024-09-15,2024-09-15,0,RETURNED
8944,1107,326,2024-10-29,2024-11-12,2024-11-10,0,RETURNED
8945,2128,1758,2023-11-11,2023-11-25,2023-12-04,45,RETURNED
8946,148,326,2025-04-29,2025-05-13,2025-05-13,0,RETURNED
8947,1714,1477,2023-08-18,2023-09-01,2023-08-28,0,RETURNED
8948,1762,1932,2023-09-18,2023-10-02,,0,OVERDUE
8949,2440,1785,2025-01-31,2025-02-14,2025-02-10,0,RETURNED
8950,1094,1655,2024-01-06,2024-01-20,2024-01-19,0,RETURNED
8951,724,834,2025-12-03,2025-12-17,2025-12-14,0,RETURNED
8952,2006,1418,2023-06-22,2023-07-06,2023-07-16,50,RETURNED
8953,294,173,2023-05-21,2023-06-04,2023-06-04,0,RETURNED
8954,2686,1068,2024-09-12,2024-09-26,2024-10-02,30,RETURNED
8955,2738,704,2023-12-17,2023-12-31,2023-12-31,0,RETURNED
8956,993,1855,2023-05-04,2023-05-18,,0,OVERDUE
8957,1032,1222,2025-09-23,2025-10-07,2025-10-09,10,RETURNED
8958,2202,374,2025-11-26,2025-12-10,2025-12-18,40,RETURNED
8959,2618,105,2023-12-11,2023-12-25,2023-12-27,10,RETURNED
8960,177,1789,2025-04-02,2025-04-16,2025-04-23,35,RETURNED
8961,2388,907,2023-05-24,2023-06-07,2023-06-06,0,RETURNED
8962,246,1334,2025-02-09,2025-02-23,2025-02-27,20,RETURNED
8963,2411,933,2023-07-09,2023-07-23,2023-07-25,10,RETURNED
8964,1798,249,2023-04-25,2023-05-09,2023-05-11,10,RETURNED
8965,2176,810,2025-11-21,2025-12-05,2025-12-06,5,RETURNED
8966,167,780,2024-01-12,2024-01-26,,0,OVERDUE
8967,2255,1694,2024-12-08,2024-12-22,,0,ISSUED
8968,2560,617,2024-10-12,2024-10-26,2024-10-31,25,RETURNED
8969,2451,1932,2023-05-25,2023-06-08,,0,ISSUED
8970,101,952,2024-06-07,2024-06-21,2024-06-16,0,RETURNED
8971,2478,579,2025-02-04,2025-02-18,2025-02-22,20,RETURNED
8972,293,403,2024-10-13,2024-10-27,,0,OVERDUE
8973,1669,588,2025-10-26,2025-11-09,,0,OVERDUE
8974,1206,1511,2023-09-11,2023-09-25,2023-09-29,20,RETURNED
8975,659,740,2024-01-28,2024-02-11,2024-02-08,0,RETURNED
8976,2568,336,2023-01-20,2023-02-03,2023-02-09,30,RETURNED
8977,1650,277,2023-05-06,2023-05-20,2023-05-28,40,RETURNED
8978,284,723,2023-10-29,2023-11-12,2023-11-17,25,RETURNED
8979,2950,1241,2024-09-05,2024-09-19,2024-09-15,0,RETURNED
8980,2817,1427,2025-09-15,2025-09-29,2025-09-27,0,RETURNED
8981,225,762,2024-09-09,2024-09-23,2024-09-22,0,RETURNED
8982,1744,1839,2023-07-17,2023-07-31,2023-07-28,0,RETURNED
8983,742,934,2025-12-04,2025-12-18,2025-12-18,0,RETURNED
8984,2424,805,2023-02-20,2023-03-06,2023-03-14,40,RETURNED
8985,359,1679,2025-09-14,2025-09-28,2025-09-29,5,RETURNED
8986,132,1096,2024-07-29,2024-08-12,,0,OVERDUE
8987,836,624,2024-09-17,2024-10-01,2024-10-09,40,RETURNED
8988,155,481,2025-10-21,2025-11-04,,0,ISSUED
8989,480,1514,2023-01-20,2023-02-03,2023-02-10,35,RETURNED
8990,725,73,2025-02-15,2025-03-01,2025-02-24,0,RETURNED
8991,1277,890,2025-03-27,2025-04-10,2025-04-08,0,RETURNED
8992,1263,1815,2025-10-07,2025-10-21,2025-10-22,5,RETURNED
8993,369,117,2023-02-04,2023-02-18,2023-02-24,30,RETURNED
8994,1477,697,2024-08-30,2024-09-13,2024-09-11,0,RETURNED
8995,840,477,2023-12-30,2024-01-13,2024-01-23,50,RETURNED
8996,956,491,2023-06-09,2023-06-23,2023-06-30,35,RETURNED
8997,2844,820,2024-10-28,2024-11-11,2024-11-06,0,RETURNED
8998,1696,417,2023-06-29,2023-07-13,2023-07-10,0,RETURNED
8999,2542,1193,2025-03-06,2025-03-20,2025-03-22,10,RETURNED
9000,1653,982,2025-09-07,2025-09-21,,0,ISSUED
9001,713,1212,2025-01-31,2025-02-14,2025-02-12,0,RETURNED
9002,2885,1578,2023-11-12,2023-11-26,2023-11-28,10,RETURNED
9003,2646,1639,2025-11-30,2025-12-14,2025-12-21,35,RETURNED
9004,1021,802,2024-12-16,2024-12-30,,0,ISSUED
9005,190,198,2024-01-05,2024-01-19,2024-01-14,0,RETURNED
9006,1437,1965,2023-11-15,2023-11-29,2023-11-27,0,RETURNED
9007,1836,401,2025-12-29,2026-01-12,2026-01-22,50,RETURNED
9008,484,684,2025-10-10,2025-10-24,2025-10-24,0,RETURNED
9009,1604,110,2025-08-22,2025-09-05,2025-09-10,25,RETURNED
9010,866,1570,2025-07-10,2025-07-24,2025-08-03,50,RETURNED
9011,1766,246,2023-01-06,2023-01-20,,0,OVERDUE
9012,436,275,2025-04-19,2025-05-03,,0,ISSUED
9013,1275,709,2024-09-29,2024-10-13,2024-10-12,0,RETURNED
9014,1029,43,2025-05-15,2025-05-29,2025-05-25,0,RETURNED
9015,250,232,2023-12-20,2024-01-03,2024-01-06,15,RETURNED
9016,1966,124,2023-08-08,2023-08-22,,0,OVERDUE
9017,1618,1357,2024-07-14,2024-07-28,2024-07-28,0,RETURNED
9018,2267,730,2023-10-09,2023-10-23,2023-11-01,45,RETURNED
9019,2466,759,2024-04-23,2024-05-07,2024-05-03,0,RETURNED
9020,2925,1174,2023-07-25,2023-08-08,2023-08-06,0,RETURNED
9021,745,413,2024-10-09,2024-10-23,,0,OVERDUE
9022,605,911,2025-06-17,2025-07-01,2025-07-07,30,RETURNED
9023,1820,986,2025-09-11,2025-09-25,2025-09-21,0,RETURNED
9024,1440,308,2023-11-01,2023-11-15,2023-11-22,35,RETURNED
9025,473,1272,2024-08-30,2024-09-13,2024-09-17,20,RETURNED
9026,2960,1180,2023-10-02,2023-10-16,,0,ISSUED
9027,731,46,2023-10-24,2023-11-07,2023-11-02,0,RETURNED
9028,2865,1958,2023-05-22,2023-06-05,2023-06-05,0,RETURNED
9029,2298,918,2025-09-18,2025-10-02,2025-10-04,10,RETURNED
9030,2067,1447,2025-05-10,2025-05-24,2025-05-27,15,RETURNED
9031,1580,489,2025-02-15,2025-03-01,2025-03-04,15,RETURNED
9032,1184,1194,2025-12-24,2026-01-07,2026-01-11,20,RETURNED
9033,1840,1891,2024-06-03,2024-06-17,2024-06-23,30,RETURNED
9034,2361,138,2023-03-21,2023-04-04,,0,ISSUED
9035,77,880,2024-07-27,2024-08-10,2024-08-14,20,RETURNED
9036,1270,215,2024-08-01,2024-08-15,2024-08-13,0,RETURNED
9037,295,1477,2024-03-03,2024-03-17,,0,ISSUED
9038,229,1499,2024-06-27,2024-07-11,,0,ISSUED
9039,2419,1911,2023-02-21,2023-03-07,,0,OVERDUE
9040,800,1568,2023-07-30,2023-08-13,2023-08-17,20,RETURNED
9041,2141,289,2024-12-03,2024-12-17,2024-12-24,35,RETURNED
9042,2443,1124,2023-10-04,2023-10-18,2023-10-25,35,RETURNED
9043,619,496,2024-05-02,2024-05-16,2024-05-12,0,RETURNED
9044,2165,635,2024-11-03,2024-11-17,2024-11-19,10,RETURNED
9045,294,725,2025-09-05,2025-09-19,2025-09-27,40,RETURNED
9046,462,337,2025-12-11,2025-12-25,,0,ISSUED
9047,1845,1410,2023-05-12,2023-05-26,2023-05-23,0,RETURNED
9048,84,1754,2025-09-14,2025-09-28,,0,ISSUED
9049,449,993,2024-06-18,2024-07-02,2024-07-08,30,RETURNED
9050,1125,867,2023-08-18,2023-09-01,,0,OVERDUE
9051,2812,7,2024-11-19,2024-12-03,2024-12-04,5,RETURNED
9052,1166,1760,2025-07-05,2025-07-19,2025-07-22,15,RETURNED
9053,768,274,2023-05-18,2023-06-01,2023-06-05,20,RETURNED
9054,866,1320,2024-12-09,2024-12-23,,0,ISSUED
9055,1801,580,2023-10-28,2023-11-11,2023-11-09,0,RETURNED
9056,2170,1235,2023-05-28,2023-06-11,2023-06-12,5,RETURNED
9057,1945,1082,2025-11-04,2025-11-18,2025-11-23,25,RETURNED
9058,759,1521,2024-09-14,2024-09-28,2024-09-29,5,RETURNED
9059,2794,1627,2023-01-05,2023-01-19,,0,OVERDUE
9060,645,668,2024-01-20,2024-02-03,2024-02-12,45,RETURNED
9061,1214,76,2025-11-29,2025-12-13,2025-12-23,50,RETURNED
9062,1131,827,2025-07-19,2025-08-02,2025-07-29,0,RETURNED
9063,459,1032,2025-06-18,2025-07-02,,0,ISSUED
9064,2325,487,2024-04-13,2024-04-27,2024-04-28,5,RETURNED
9065,37,1388,2023-09-27,2023-10-11,2023-10-12,5,RETURNED
9066,241,1314,2025-05-07,2025-05-21,2025-05-29,40,RETURNED
9067,1472,1636,2025-12-13,2025-12-27,2025-12-22,0,RETURNED
9068,1575,329,2024-04-23,2024-05-07,2024-05-09,10,RETURNED
9069,1585,713,2024-07-27,2024-08-10,2024-08-13,15,RETURNED
9070,208,680,2025-02-14,2025-02-28,2025-03-06,30,RETURNED
9071,915,1011,2025-07-07,2025-07-21,2025-07-29,40,RETURNED
9072,1880,1826,2023-04-14,2023-04-28,2023-04-24,0,RETURNED
9073,2663,1110,2025-08-06,2025-08-20,2025-08-26,30,RETURNED
9074,2338,1091,2025-11-04,2025-11-18,2025-11-24,30,RETURNED
9075,2865,656,2024-12-05,2024-12-19,,0,ISSUED
9076,685,252,2023-04-30,2023-05-14,,0,ISSUED
9077,862,1870,2024-05-07,2024-05-21,2024-05-18,0,RETURNED
9078,2534,546,2024-04-30,2024-05-14,,0,OVERDUE
9079,1962,126,2023-10-06,2023-10-20,2023-10-25,25,RETURNED
9080,954,1535,2024-07-29,2024-08-12,2024-08-11,0,RETURNED
9081,2564,357,2023-02-11,2023-02-25,2023-03-01,20,RETURNED
9082,1323,702,2025-10-27,2025-11-10,2025-11-12,10,RETURNED
9083,336,661,2025-06-20,2025-07-04,2025-07-14,50,RETURNED
9084,2114,1177,2024-03-19,2024-04-02,2024-04-02,0,RETURNED
9085,648,771,2023-03-26,2023-04-09,2023-04-06,0,RETURNED
9086,264,347,2024-08-31,2024-09-14,2024-09-11,0,RETURNED
9087,2136,1183,2024-12-04,2024-12-18,2024-12-24,30,RETURNED
9088,1409,1907,2023-08-02,2023-08-16,2023-08-24,40,RETURNED
9089,1514,79,2023-04-15,2023-04-29,,0,ISSUED
9090,754,1403,2024-05-24,2024-06-07,,0,ISSUED
9091,1327,1429,2024-06-06,2024-06-20,2024-06-28,40,RETURNED
9092,814,1608,2024-01-11,2024-01-25,2024-01-21,0,RETURNED
9093,701,1997,2024-01-12,2024-01-26,2024-02-02,35,RETURNED
9094,1478,218,2025-08-24,2025-09-07,2025-09-04,0,RETURNED
9095,1034,1924,2024-02-03,2024-02-17,2024-02-21,20,RETURNED
9096,153,913,2025-07-05,2025-07-19,2025-07-16,0,RETURNED
9097,1358,1277,2025-01-13,2025-01-27,2025-01-31,20,RETURNED
9098,1971,1653,2024-07-31,2024-08-14,2024-08-20,30,RETURNED
9099,2128,944,2023-08-28,2023-09-11,2023-09-15,20,RETURNED
9100,1174,1986,2025-06-25,2025-07-09,,0,ISSUED
9101,641,1388,2025-01-06,2025-01-20,2025-01-24,20,RETURNED
9102,2047,63,2023-05-18,2023-06-01,2023-06-08,35,RETURNED
9103,2261,679,2025-11-01,2025-11-15,,0,OVERDUE
9104,2479,1883,2023-02-12,2023-02-26,,0,ISSUED
9105,1638,1831,2023-10-29,2023-11-12,2023-11-22,50,RETURNED
9106,597,823,2023-12-14,2023-12-28,2023-12-25,0,RETURNED
9107,670,1683,2023-12-05,2023-12-19,2023-12-15,0,RETURNED
9108,1072,1675,2023-10-24,2023-11-07,2023-11-15,40,RETURNED
9109,1275,225,2024-05-15,2024-05-29,2024-05-28,0,RETURNED
9110,1786,1746,2025-09-13,2025-09-27,2025-10-01,20,RETURNED
9111,2167,1225,2023-11-23,2023-12-07,2023-12-11,20,RETURNED
9112,923,1086,2025-07-26,2025-08-09,2025-08-15,30,RETURNED
9113,2187,1988,2023-08-25,2023-09-08,2023-09-03,0,RETURNED
9114,1585,1721,2024-03-10,2024-03-24,2024-03-26,10,RETURNED
9115,2438,300,2024-09-16,2024-09-30,,0,ISSUED
9116,2086,862,2025-04-05,2025-04-19,2025-04-15,0,RETURNED
9117,1786,979,2023-01-07,2023-01-21,2023-01-28,35,RETURNED
9118,155,258,2025-06-20,2025-07-04,2025-07-01,0,RETURNED
9119,1846,1613,2024-12-03,2024-12-17,2024-12-17,0,RETURNED
9120,833,997,2023-07-08,2023-07-22,2023-07-22,0,RETURNED
9121,76,1214,2024-11-15,2024-11-29,2024-11-26,0,RETURNED
9122,1708,1526,2025-03-02,2025-03-16,2025-03-20,20,RETURNED
9123,2416,445,2025-08-10,2025-08-24,2025-08-31,35,RETURNED
9124,2109,481,2024-02-01,2024-02-15,2024-02-19,20,RETURNED
9125,2838,1574,2023-08-25,2023-09-08,2023-09-03,0,RETURNED
9126,2089,1022,2023-06-07,2023-06-21,2023-06-30,45,RETURNED
9127,500,984,2025-01-04,2025-01-18,,0,OVERDUE
9128,944,842,2025-11-02,2025-11-16,,0,ISSUED
9129,1682,1718,2023-12-13,2023-12-27,2023-12-22,0,RETURNED
9130,2184,1456,2024-09-06,2024-09-20,2024-09-15,0,RETURNED
9131,1525,1543,2025-12-18,2026-01-01,2026-01-09,40,RETURNED
9132,448,65,2025-06-05,2025-06-19,2025-06-24,25,RETURNED
9133,2979,1250,2025-11-23,2025-12-07,2025-12-06,0,RETURNED
9134,925,1314,2025-11-07,2025-11-21,2025-11-18,0,RETURNED
9135,2377,1333,2024-02-28,2024-03-13,2024-03-20,35,RETURNED
9136,288,1107,2024-05-21,2024-06-04,2024-06-12,40,RETURNED
9137,1223,1632,2025-07-06,2025-07-20,2025-07-29,45,RETURNED
9138,407,15,2024-10-11,2024-10-25,2024-10-20,0,RETURNED
9139,2428,1267,2023-03-25,2023-04-08,,0,OVERDUE
9140,2005,138,2024-07-10,2024-07-24,2024-08-03,50,RETURNED
9141,2296,385,2023-10-04,2023-10-18,2023-10-25,35,RETURNED
9142,1006,1555,2024-01-26,2024-02-09,2024-02-14,25,RETURNED
9143,2139,74,2025-01-20,2025-02-03,2025-02-12,45,RETURNED
9144,384,752,2023-11-27,2023-12-11,2023-12-07,0,RETURNED
9145,831,923,2024-10-21,2024-11-04,2024-11-08,20,RETURNED
9146,372,1375,2024-01-10,2024-01-24,2024-01-25,5,RETURNED
9147,818,272,2023-06-17,2023-07-01,,0,OVERDUE
9148,2025,919,2024-02-11,2024-02-25,2024-02-29,20,RETURNED
9149,1428,1820,2023-04-07,2023-04-21,2023-04-22,5,RETURNED
9150,384,1028,2023-05-05,2023-05-19,2023-05-17,0,RETURNED
9151,2341,309,2023-02-28,2023-03-14,2023-03-19,25,RETURNED
9152,2981,467,2023-07-23,2023-08-06,2023-08-03,0,RETURNED
9153,1386,1959,2025-08-22,2025-09-05,2025-09-01,0,RETURNED
9154,2137,532,2023-04-22,2023-05-06,2023-05-09,15,RETURNED
9155,179,1767,2024-11-05,2024-11-19,2024-11-24,25,RETURNED
9156,2306,1345,2023-03-18,2023-04-01,2023-04-01,0,RETURNED
9157,580,900,2023-12-27,2024-01-10,2024-01-07,0,RETURNED
9158,1667,1548,2023-01-09,2023-01-23,,0,OVERDUE
9159,1177,959,2025-07-18,2025-08-01,2025-08-07,30,RETURNED
9160,833,1807,2023-07-06,2023-07-20,,0,ISSUED
9161,1471,1815,2024-10-15,2024-10-29,,0,OVERDUE
9162,1480,211,2024-12-14,2024-12-28,,0,ISSUED
9163,1209,519,2024-05-02,2024-05-16,2024-05-12,0,RETURNED
9164,1159,769,2024-11-20,2024-12-04,2024-11-30,0,RETURNED
9165,1829,652,2025-08-19,2025-09-02,,0,OVERDUE
9166,454,1062,2023-06-07,2023-06-21,2023-06-26,25,RETURNED
9167,1203,863,2023-07-07,2023-07-21,2023-07-22,5,RETURNED
9168,1688,1209,2025-01-26,2025-02-09,2025-02-13,20,RETURNED
9169,1224,1693,2023-08-11,2023-08-25,,0,ISSUED
9170,1885,1471,2023-03-09,2023-03-23,2023-03-21,0,RETURNED
9171,2413,120,2023-02-10,2023-02-24,2023-03-06,50,RETURNED
9172,2530,198,2024-03-14,2024-03-28,2024-04-07,50,RETURNED
9173,1476,1591,2025-07-26,2025-08-09,2025-08-05,0,RETURNED
9174,2769,1109,2023-06-17,2023-07-01,,0,ISSUED
9175,324,1679,2024-09-06,2024-09-20,,0,OVERDUE
9176,1232,1019,2024-10-08,2024-10-22,2024-10-30,40,RETURNED
9177,520,757,2023-03-01,2023-03-15,2023-03-17,10,RETURNED
9178,1008,1647,2024-06-05,2024-06-19,2024-06-23,20,RETURNED
9179,737,741,2023-05-08,2023-05-22,2023-05-18,0,RETURNED
9180,39,963,2024-01-30,2024-02-13,2024-02-15,10,RETURNED
9181,32,1726,2025-05-17,2025-05-31,2025-05-26,0,RETURNED
9182,637,1371,2024-09-25,2024-10-09,2024-10-17,40,RETURNED
9183,280,1745,2024-03-16,2024-03-30,,0,ISSUED
9184,1,336,2025-10-11,2025-10-25,,0,ISSUED
9185,1455,1282,2024-01-14,2024-01-28,2024-02-06,45,RETURNED
9186,759,71,2025-08-06,2025-08-20,,0,ISSUED
9187,2994,569,2023-01-27,2023-02-10,2023-02-19,45,RETURNED
9188,207,1613,2024-08-18,2024-09-01,2024-09-02,5,RETURNED
9189,2587,90,2023-05-14,2023-05-28,2023-05-29,5,RETURNED
9190,1262,908,2025-06-21,2025-07-05,2025-07-10,25,RETURNED
9191,1121,952,2024-10-10,2024-10-24,2024-10-27,15,RETURNED
9192,791,1910,2025-04-22,2025-05-06,2025-05-10,20,RETURNED
9193,1522,175,2025-03-13,2025-03-27,2025-04-05,45,RETURNED
9194,1377,1546,2024-09-13,2024-09-27,2024-10-02,25,RETURNED
9195,1654,1347,2023-12-16,2023-12-30,2024-01-04,25,RETURNED
9196,889,1732,2024-02-25,2024-03-10,2024-03-13,15,RETURNED
9197,2220,323,2025-08-10,2025-08-24,2025-08-28,20,RETURNED
9198,1970,1477,2023-02-15,2023-03-01,2023-02-27,0,RETURNED
9199,1227,781,2025-07-22,2025-08-05,2025-08-15,50,RETURNED
9200,2064,1967,2023-12-10,2023-12-24,2023-12-27,15,RETURNED
9201,1579,1051,2023-09-08,2023-09-22,2023-10-01,45,RETURNED
9202,656,1929,2025-06-29,2025-07-13,2025-07-14,5,RETURNED
9203,1148,1232,2024-01-22,2024-02-05,2024-02-05,0,RETURNED
9204,2182,1337,2025-12-14,2025-12-28,2026-01-05,40,RETURNED
9205,817,1637,2025-11-19,2025-12-03,2025-12-12,45,RETURNED
9206,1228,981,2024-05-09,2024-05-23,2024-05-30,35,RETURNED
9207,2393,1020,2025-09-29,2025-10-13,2025-10-21,40,RETURNED
9208,514,208,2025-10-26,2025-11-09,2025-11-19,50,RETURNED
9209,2752,561,2025-07-24,2025-08-07,2025-08-08,5,RETURNED
9210,86,1807,2024-05-01,2024-05-15,2024-05-24,45,RETURNED
9211,492,285,2023-06-29,2023-07-13,2023-07-20,35,RETURNED
9212,993,964,2023-11-17,2023-12-01,2023-12-08,35,RETURNED
9213,2013,593,2024-06-25,2024-07-09,2024-07-16,35,RETURNED
9214,487,1891,2023-05-17,2023-05-31,2023-06-03,15,RETURNED
9215,1612,1998,2023-01-09,2023-01-23,,0,OVERDUE
9216,2569,1487,2025-03-06,2025-03-20,2025-03-30,50,RETURNED
9217,879,1675,2023-11-17,2023-12-01,2023-12-01,0,RETURNED
9218,1194,1384,2025-07-21,2025-08-04,2025-08-08,20,RETURNED
9219,2632,1235,2023-08-11,2023-08-25,2023-08-25,0,RETURNED
9220,2529,1707,2025-07-25,2025-08-08,,0,ISSUED
9221,1780,1456,2024-07-12,2024-07-26,,0,ISSUED
9222,559,1154,2025-04-29,2025-05-13,,0,OVERDUE
9223,1713,1066,2024-10-27,2024-11-10,2024-11-09,0,RETURNED
9224,250,1329,2024-10-30,2024-11-13,2024-11-22,45,RETURNED
9225,2426,250,2025-12-30,2026-01-13,2026-01-16,15,RETURNED
9226,1903,1627,2024-11-05,2024-11-19,,0,OVERDUE
9227,602,1720,2023-11-18,2023-12-02,2023-12-04,10,RETURNED
9228,1037,751,2024-03-05,2024-03-19,2024-03-28,45,RETURNED
9229,1210,758,2024-09-12,2024-09-26,2024-09-25,0,RETURNED
9230,2969,261,2023-02-05,2023-02-19,2023-02-18,0,RETURNED
9231,2784,177,2025-02-11,2025-02-25,2025-03-06,45,RETURNED
9232,1168,163,2023-04-11,2023-04-25,2023-04-30,25,RETURNED
9233,379,1739,2024-11-07,2024-11-21,2024-11-23,10,RETURNED
9234,2392,630,2023-10-30,2023-11-13,2023-11-13,0,RETURNED
9235,552,899,2025-10-21,2025-11-04,2025-11-04,0,RETURNED
9236,1768,1360,2025-04-22,2025-05-06,2025-05-12,30,RETURNED
9237,2688,1352,2024-03-17,2024-03-31,2024-04-05,25,RETURNED
9238,847,1248,2025-05-27,2025-06-10,,0,OVERDUE
9239,2148,1947,2023-06-27,2023-07-11,,0,OVERDUE
9240,706,1238,2025-01-14,2025-01-28,,0,OVERDUE
9241,1515,1630,2025-12-19,2026-01-02,2026-01-10,40,RETURNED
9242,884,1594,2023-10-25,2023-11-08,2023-11-04,0,RETURNED
9243,412,235,2024-01-10,2024-01-24,2024-01-21,0,RETURNED
9244,1572,1794,2023-02-10,2023-02-24,2023-02-25,5,RETURNED
9245,560,1963,2024-01-10,2024-01-24,2024-01-24,0,RETURNED
9246,1033,1273,2023-11-02,2023-11-16,2023-11-13,0,RETURNED
9247,1939,1681,2024-10-31,2024-11-14,,0,OVERDUE
9248,1758,48,2024-01-23,2024-02-06,,0,ISSUED
9249,2732,370,2025-03-13,2025-03-27,2025-03-31,20,RETURNED
9250,1856,14,2023-07-18,2023-08-01,2023-07-27,0,RETURNED
9251,2170,919,2025-02-16,2025-03-02,2025-03-03,5,RETURNED
9252,1763,1593,2025-12-05,2025-12-19,2025-12-14,0,RETURNED
9253,2496,1919,2024-03-15,2024-03-29,2024-04-01,15,RETURNED
9254,1552,428,2023-09-10,2023-09-24,2023-09-19,0,RETURNED
9255,244,96,2024-05-20,2024-06-03,2024-06-06,15,RETURNED
9256,277,1026,2025-08-14,2025-08-28,2025-09-01,20,RETURNED
9257,2734,785,2025-05-30,2025-06-13,2025-06-20,35,RETURNED
9258,568,22,2024-06-11,2024-06-25,2024-07-05,50,RETURNED
9259,1604,1795,2023-07-25,2023-08-08,,0,ISSUED
9260,2485,1302,2023-03-27,2023-04-10,2023-04-08,0,RETURNED
9261,2893,1960,2023-03-25,2023-04-08,2023-04-17,45,RETURNED
9262,362,1176,2025-05-08,2025-05-22,2025-05-29,35,RETURNED
9263,209,1493,2024-11-23,2024-12-07,2024-12-07,0,RETURNED
9264,1173,1560,2025-06-27,2025-07-11,2025-07-06,0,RETURNED
9265,912,797,2025-08-26,2025-09-09,,0,ISSUED
9266,2022,1326,2023-12-29,2024-01-12,,0,ISSUED
9267,387,1656,2025-08-10,2025-08-24,2025-08-20,0,RETURNED
9268,394,875,2024-01-03,2024-01-17,2024-01-15,0,RETURNED
9269,2627,468,2023-04-16,2023-04-30,2023-05-02,10,RETURNED
9270,2815,1937,2025-12-15,2025-12-29,2026-01-01,15,RETURNED
9271,1078,550,2023-04-17,2023-05-01,2023-04-28,0,RETURNED
9272,2706,1061,2023-05-25,2023-06-08,2023-06-13,25,RETURNED
9273,2714,711,2024-11-30,2024-12-14,2024-12-21,35,RETURNED
9274,1605,634,2025-10-16,2025-10-30,2025-11-03,20,RETURNED
9275,2207,1643,2025-07-10,2025-07-24,2025-07-23,0,RETURNED
9276,1044,13,2024-07-15,2024-07-29,2024-07-31,10,RETURNED
9277,907,1998,2024-06-25,2024-07-09,2024-07-13,20,RETURNED
9278,1534,1221,2023-09-05,2023-09-19,,0,ISSUED
9279,2138,1034,2023-10-13,2023-10-27,2023-10-23,0,RETURNED
9280,2791,452,2025-05-18,2025-06-01,2025-06-09,40,RETURNED
9281,139,641,2024-07-19,2024-08-02,2024-08-06,20,RETURNED
9282,1971,788,2023-04-01,2023-04-15,2023-04-11,0,RETURNED
9283,1264,30,2024-06-20,2024-07-04,2024-07-13,45,RETURNED
9284,1627,1672,2025-08-23,2025-09-06,2025-09-05,0,RETURNED
9285,1742,289,2024-03-08,2024-03-22,2024-03-22,0,RETURNED
9286,140,1589,2023-03-24,2023-04-07,2023-04-11,20,RETURNED
9287,28,695,2023-02-26,2023-03-12,2023-03-13,5,RETURNED
9288,1324,1158,2024-07-07,2024-07-21,,0,OVERDUE
9289,2395,22,2023-07-12,2023-07-26,,0,OVERDUE
9290,762,1255,2025-08-16,2025-08-30,2025-09-06,35,RETURNED
9291,2483,1157,2023-06-18,2023-07-02,2023-07-08,30,RETURNED
9292,1874,676,2024-03-08,2024-03-22,2024-03-26,20,RETURNED
9293,2605,169,2025-08-31,2025-09-14,2025-09-17,15,RETURNED
9294,2243,1807,2025-10-11,2025-10-25,,0,ISSUED
9295,142,201,2023-06-21,2023-07-05,2023-07-02,0,RETURNED
9296,1448,863,2024-06-19,2024-07-03,,0,OVERDUE
9297,2723,1043,2025-07-05,2025-07-19,,0,ISSUED
9298,1257,1220,2025-03-08,2025-03-22,2025-04-01,50,RETURNED
9299,1116,1846,2025-09-09,2025-09-23,2025-10-01,40,RETURNED
9300,1849,708,2023-01-30,2023-02-13,2023-02-22,45,RETURNED
9301,1168,1616,2025-03-12,2025-03-26,2025-04-01,30,RETURNED
9302,2546,1346,2024-05-09,2024-05-23,2024-05-28,25,RETURNED
9303,1344,449,2023-12-16,2023-12-30,,0,OVERDUE
9304,1253,664,2025-12-01,2025-12-15,2025-12-17,10,RETURNED
9305,2820,1365,2024-01-20,2024-02-03,2024-02-13,50,RETURNED
9306,2306,697,2023-06-19,2023-07-03,2023-06-30,0,RETURNED
9307,1348,375,2024-10-26,2024-11-09,2024-11-15,30,RETURNED
9308,2655,652,2023-01-22,2023-02-05,2023-02-14,45,RETURNED
9309,452,364,2024-08-12,2024-08-26,2024-08-25,0,RETURNED
9310,2047,1871,2023-05-20,2023-06-03,2023-06-05,10,RETURNED
9311,689,1948,2023-02-16,2023-03-02,2023-03-06,20,RETURNED
9312,1056,1547,2023-11-26,2023-12-10,2023-12-17,35,RETURNED
9313,1997,1786,2023-05-29,2023-06-12,2023-06-16,20,RETURNED
9314,2024,593,2025-01-16,2025-01-30,,0,ISSUED
9315,2466,286,2025-12-01,2025-12-15,2025-12-13,0,RETURNED
9316,1817,1659,2025-09-29,2025-10-13,2025-10-20,35,RETURNED
9317,2354,1507,2025-12-02,2025-12-16,2025-12-18,10,RETURNED
9318,2464,126,2024-10-23,2024-11-06,,0,OVERDUE
9319,2117,1591,2023-09-20,2023-10-04,2023-10-06,10,RETURNED
9320,2759,1003,2023-03-04,2023-03-18,2023-03-22,20,RETURNED
9321,1706,1614,2025-06-12,2025-06-26,2025-06-29,15,RETURNED
9322,1188,16,2025-03-16,2025-03-30,2025-03-29,0,RETURNED
9323,233,1585,2025-04-02,2025-04-16,2025-04-17,5,RETURNED
9324,1603,277,2024-02-06,2024-02-20,2024-02-19,0,RETURNED
9325,74,1453,2025-11-05,2025-11-19,2025-11-19,0,RETURNED
9326,868,361,2025-12-23,2026-01-06,2026-01-14,40,RETURNED
9327,1005,721,2024-04-06,2024-04-20,2024-04-17,0,RETURNED
9328,2461,547,2024-06-29,2024-07-13,2024-07-23,50,RETURNED
9329,1358,443,2024-01-11,2024-01-25,2024-01-24,0,RETURNED
9330,771,109,2024-12-20,2025-01-03,,0,ISSUED
9331,259,893,2023-07-26,2023-08-09,2023-08-12,15,RETURNED
9332,2902,1463,2025-11-20,2025-12-04,2025-12-12,40,RETURNED
9333,119,1757,2024-12-26,2025-01-09,2025-01-09,0,RETURNED
9334,1395,1099,2024-02-06,2024-02-20,2024-02-26,30,RETURNED
9335,1987,1180,2023-06-09,2023-06-23,2023-06-23,0,RETURNED
9336,1326,395,2024-07-15,2024-07-29,2024-07-24,0,RETURNED
9337,636,206,2024-11-04,2024-11-18,2024-11-15,0,RETURNED
9338,1034,1297,2023-03-12,2023-03-26,,0,OVERDUE
9339,2460,619,2024-01-11,2024-01-25,2024-01-23,0,RETURNED
9340,1402,1057,2023-06-15,2023-06-29,2023-06-24,0,RETURNED
9341,709,543,2023-05-30,2023-06-13,2023-06-21,40,RETURNED
9342,2521,372,2024-03-24,2024-04-07,,0,ISSUED
9343,930,1236,2025-05-02,2025-05-16,2025-05-25,45,RETURNED
9344,899,1879,2024-03-26,2024-04-09,2024-04-06,0,RETURNED
9345,1673,1585,2023-08-26,2023-09-09,2023-09-13,20,RETURNED
9346,2244,973,2023-08-24,2023-09-07,2023-09-06,0,RETURNED
9347,2115,383,2024-01-17,2024-01-31,2024-01-31,0,RETURNED
9348,1025,113,2025-12-29,2026-01-12,2026-01-15,15,RETURNED
9349,2387,642,2024-03-19,2024-04-02,2024-04-09,35,RETURNED
9350,2289,842,2024-07-01,2024-07-15,2024-07-10,0,RETURNED
9351,2177,1167,2024-05-13,2024-05-27,2024-06-06,50,RETURNED
9352,2861,1208,2025-11-17,2025-12-01,2025-12-06,25,RETURNED
9353,2016,859,2023-08-13,2023-08-27,2023-09-03,35,RETURNED
9354,2422,1630,2025-10-29,2025-11-12,2025-11-13,5,RETURNED
9355,847,1431,2024-09-21,2024-10-05,2024-10-05,0,RETURNED
9356,1898,1510,2023-12-21,2024-01-04,,0,OVERDUE
9357,380,694,2025-04-25,2025-05-09,,0,ISSUED
9358,685,1733,2024-12-13,2024-12-27,2024-12-26,0,RETURNED
9359,1688,1293,2024-09-01,2024-09-15,2024-09-21,30,RETURNED
9360,1261,612,2025-01-06,2025-01-20,2025-01-21,5,RETURNED
9361,1990,1163,2024-09-29,2024-10-13,2024-10-17,20,RETURNED
9362,1963,2000,2024-09-13,2024-09-27,2024-09-30,15,RETURNED
9363,516,417,2025-08-21,2025-09-04,2025-09-12,40,RETURNED
9364,1992,655,2023-02-18,2023-03-04,2023-03-04,0,RETURNED
9365,436,1164,2024-02-19,2024-03-04,2024-03-01,0,RETURNED
9366,2314,572,2025-08-16,2025-08-30,2025-09-07,40,RETURNED
9367,1248,1581,2025-10-28,2025-11-11,,0,ISSUED
9368,147,1049,2023-07-08,2023-07-22,2023-07-19,0,RETURNED
9369,1035,706,2023-06-07,2023-06-21,2023-06-26,25,RETURNED
9370,2526,266,2024-07-05,2024-07-19,2024-07-17,0,RETURNED
9371,178,1532,2025-09-09,2025-09-23,2025-09-29,30,RETURNED
9372,139,59,2024-10-02,2024-10-16,2024-10-20,20,RETURNED
9373,2807,1573,2025-03-09,2025-03-23,2025-03-19,0,RETURNED
9374,2636,1338,2025-12-18,2026-01-01,,0,ISSUED
9375,2485,1585,2023-04-05,2023-04-19,,0,ISSUED
9376,1757,48,2025-07-01,2025-07-15,,0,ISSUED
9377,620,634,2025-04-20,2025-05-04,2025-05-12,40,RETURNED
9378,2744,1394,2024-06-18,2024-07-02,2024-07-12,50,RETURNED
9379,2254,1053,2024-09-01,2024-09-15,,0,OVERDUE
9380,1822,925,2024-10-09,2024-10-23,2024-10-18,0,RETURNED
9381,1692,1029,2023-02-05,2023-02-19,2023-02-25,30,RETURNED
9382,1620,1556,2024-10-31,2024-11-14,,0,ISSUED
9383,1933,1229,2025-03-30,2025-04-13,,0,ISSUED
9384,155,1825,2023-04-14,2023-04-28,,0,OVERDUE
9385,2249,421,2025-09-06,2025-09-20,2025-09-28,40,RETURNED
9386,144,847,2024-09-27,2024-10-11,2024-10-13,10,RETURNED
9387,1698,1644,2024-12-15,2024-12-29,2024-12-25,0,RETURNED
9388,1056,789,2024-12-08,2024-12-22,2025-01-01,50,RETURNED
9389,1763,11,2023-05-30,2023-06-13,2023-06-23,50,RETURNED
9390,121,1093,2025-07-12,2025-07-26,2025-07-26,0,RETURNED
9391,1786,1249,2023-06-06,2023-06-20,2023-06-16,0,RETURNED
9392,1671,1574,2023-08-21,2023-09-04,2023-09-12,40,RETURNED
9393,1675,313,2024-11-05,2024-11-19,2024-11-21,10,RETURNED
9394,1446,648,2024-05-28,2024-06-11,,0,ISSUED
9395,2858,622,2023-04-24,2023-05-08,2023-05-04,0,RETURNED
9396,1211,454,2025-06-13,2025-06-27,2025-07-04,35,RETURNED
9397,334,1608,2025-02-05,2025-02-19,2025-02-14,0,RETURNED
9398,2766,722,2024-05-17,2024-05-31,,0,OVERDUE
9399,1759,557,2024-08-15,2024-08-29,2024-09-08,50,RETURNED
9400,633,1142,2023-10-01,2023-10-15,2023-10-19,20,RETURNED
9401,2452,1013,2024-09-13,2024-09-27,2024-09-28,5,RETURNED
9402,1555,729,2025-03-28,2025-04-11,2025-04-08,0,RETURNED
9403,1046,1948,2023-03-03,2023-03-17,,0,ISSUED
9404,1089,1701,2024-01-29,2024-02-12,2024-02-17,25,RETURNED
9405,1613,32,2023-09-20,2023-10-04,2023-10-10,30,RETURNED
9406,2186,1052,2025-01-30,2025-02-13,,0,ISSUED
9407,1889,1519,2023-07-03,2023-07-17,2023-07-14,0,RETURNED
9408,1645,239,2025-08-13,2025-08-27,2025-09-01,25,RETURNED
9409,2096,1065,2023-06-16,2023-06-30,2023-06-30,0,RETURNED
9410,430,856,2025-04-09,2025-04-23,2025-04-22,0,RETURNED
9411,1017,620,2024-05-15,2024-05-29,,0,OVERDUE
9412,474,1586,2025-03-31,2025-04-14,2025-04-12,0,RETURNED
9413,1040,1285,2023-10-26,2023-11-09,2023-11-07,0,RETURNED
9414,182,1762,2023-04-02,2023-04-16,2023-04-11,0,RETURNED
9415,1562,587,2025-04-18,2025-05-02,2025-04-27,0,RETURNED
9416,1064,348,2025-02-22,2025-03-08,2025-03-07,0,RETURNED
9417,562,466,2023-03-16,2023-03-30,,0,OVERDUE
9418,2695,1200,2024-06-21,2024-07-05,,0,ISSUED
9419,611,1507,2024-06-09,2024-06-23,2024-06-22,0,RETURNED
9420,1710,1688,2024-11-20,2024-12-04,,0,ISSUED
9421,2881,1376,2024-05-01,2024-05-15,2024-05-17,10,RETURNED
9422,1353,611,2023-03-23,2023-04-06,2023-04-07,5,RETURNED
9423,1781,1456,2023-06-11,2023-06-25,2023-06-27,10,RETURNED
9424,2750,347,2025-05-02,2025-05-16,2025-05-24,40,RETURNED
9425,128,62,2025-02-26,2025-03-12,2025-03-16,20,RETURNED
9426,1444,1950,2023-09-23,2023-10-07,2023-10-04,0,RETURNED
9427,2737,1159,2025-05-11,2025-05-25,2025-05-31,30,RETURNED
9428,556,1162,2023-06-03,2023-06-17,2023-06-19,10,RETURNED
9429,34,348,2025-03-14,2025-03-28,2025-03-23,0,RETURNED
9430,2642,1590,2024-03-31,2024-04-14,2024-04-12,0,RETURNED
9431,1234,251,2023-05-23,2023-06-06,2023-06-12,30,RETURNED
9432,2695,1839,2023-04-23,2023-05-07,2023-05-06,0,RETURNED
9433,2068,1323,2025-03-21,2025-04-04,2025-04-09,25,RETURNED
9434,519,483,2023-02-27,2023-03-13,2023-03-22,45,RETURNED
9435,2332,382,2025-03-25,2025-04-08,2025-04-15,35,RETURNED
9436,85,363,2025-05-09,2025-05-23,2025-05-24,5,RETURNED
9437,2454,1552,2025-01-24,2025-02-07,2025-02-04,0,RETURNED
9438,2504,592,2023-07-29,2023-08-12,2023-08-18,30,RETURNED
9439,1861,1987,2025-08-13,2025-08-27,2025-08-31,20,RETURNED
9440,1049,1377,2024-10-16,2024-10-30,,0,OVERDUE
9441,1027,23,2023-03-20,2023-04-03,,0,ISSUED
9442,2792,1762,2023-05-24,2023-06-07,2023-06-02,0,RETURNED
9443,2925,1539,2024-09-09,2024-09-23,2024-09-27,20,RETURNED
9444,1004,968,2025-05-31,2025-06-14,2025-06-20,30,RETURNED
9445,1459,1702,2025-06-09,2025-06-23,,0,OVERDUE
9446,1991,475,2024-04-04,2024-04-18,2024-04-28,50,RETURNED
9447,1261,1437,2023-01-30,2023-02-13,2023-02-21,40,RETURNED
9448,295,1976,2025-02-02,2025-02-16,,0,ISSUED
9449,2462,27,2024-05-09,2024-05-23,2024-06-01,45,RETURNED
9450,2132,1412,2023-10-20,2023-11-03,2023-11-09,30,RETURNED
9451,2205,236,2025-04-19,2025-05-03,2025-05-08,25,RETURNED
9452,732,1718,2024-09-08,2024-09-22,2024-09-17,0,RETURNED
9453,949,176,2025-11-04,2025-11-18,2025-11-21,15,RETURNED
9454,173,1460,2023-12-30,2024-01-13,2024-01-14,5,RETURNED
9455,1495,1563,2025-10-02,2025-10-16,,0,OVERDUE
9456,2526,209,2025-07-03,2025-07-17,2025-07-23,30,RETURNED
9457,2378,292,2023-05-11,2023-05-25,2023-06-03,45,RETURNED
9458,2625,166,2025-07-18,2025-08-01,2025-08-05,20,RETURNED
9459,2901,472,2024-11-29,2024-12-13,2024-12-20,35,RETURNED
9460,2952,1817,2025-03-14,2025-03-28,2025-03-27,0,RETURNED
9461,241,1690,2023-10-20,2023-11-03,2023-11-04,5,RETURNED
9462,1437,211,2023-08-02,2023-08-16,,0,ISSUED
9463,706,1303,2023-01-16,2023-01-30,2023-02-08,45,RETURNED
9464,2842,1311,2023-11-23,2023-12-07,2023-12-03,0,RETURNED
9465,2445,746,2024-04-05,2024-04-19,2024-04-18,0,RETURNED
9466,812,1953,2023-11-18,2023-12-02,2023-12-05,15,RETURNED
9467,384,1411,2024-07-03,2024-07-17,2024-07-13,0,RETURNED
9468,282,1602,2024-02-01,2024-02-15,2024-02-24,45,RETURNED
9469,792,1747,2024-05-24,2024-06-07,2024-06-03,0,RETURNED
9470,1556,1781,2023-08-26,2023-09-09,,0,ISSUED
9471,677,860,2023-04-29,2023-05-13,,0,OVERDUE
9472,152,1002,2024-08-01,2024-08-15,2024-08-14,0,RETURNED
9473,719,1865,2023-07-15,2023-07-29,2023-08-08,50,RETURNED
9474,1971,1065,2025-08-23,2025-09-06,2025-09-07,5,RETURNED
9475,842,404,2025-01-22,2025-02-05,2025-02-03,0,RETURNED
9476,672,781,2023-04-27,2023-05-11,2023-05-16,25,RETURNED
9477,1924,275,2023-12-25,2024-01-08,2024-01-17,45,RETURNED
9478,1133,1594,2023-01-04,2023-01-18,2023-01-16,0,RETURNED
9479,616,1074,2025-05-22,2025-06-05,,0,ISSUED
9480,439,1382,2025-06-09,2025-06-23,,0,ISSUED
9481,2755,1400,2025-05-15,2025-05-29,2025-05-25,0,RETURNED
9482,1037,521,2024-10-29,2024-11-12,2024-11-19,35,RETURNED
9483,1673,534,2024-01-09,2024-01-23,2024-01-31,40,RETURNED
9484,2177,1268,2023-10-03,2023-10-17,,0,OVERDUE
9485,246,713,2024-10-05,2024-10-19,2024-10-27,40,RETURNED
9486,1571,1797,2023-07-14,2023-07-28,2023-08-03,30,RETURNED
9487,2983,1503,2025-12-19,2026-01-02,2026-01-11,45,RETURNED
9488,797,1123,2025-01-12,2025-01-26,2025-01-29,15,RETURNED
9489,2647,666,2025-03-28,2025-04-11,,0,OVERDUE
9490,2016,337,2024-06-01,2024-06-15,2024-06-18,15,RETURNED
9491,574,1902,2025-12-16,2025-12-30,2026-01-09,50,RETURNED
9492,1553,893,2023-05-17,2023-05-31,,0,OVERDUE
9493,724,1613,2023-04-19,2023-05-03,2023-05-12,45,RETURNED
9494,2828,1054,2023-07-26,2023-08-09,2023-08-16,35,RETURNED
9495,1000,1413,2025-09-04,2025-09-18,2025-09-19,5,RETURNED
9496,1902,230,2024-05-31,2024-06-14,2024-06-24,50,RETURNED
9497,2203,1340,2024-01-10,2024-01-24,2024-01-31,35,RETURNED
9498,1351,604,2024-07-06,2024-07-20,2024-07-30,50,RETURNED
9499,2117,283,2023-04-01,2023-04-15,,0,ISSUED
9500,2506,701,2023-07-04,2023-07-18,,0,OVERDUE
9501,640,1993,2024-07-02,2024-07-16,2024-07-16,0,RETURNED
9502,2826,933,2025-06-02,2025-06-16,2025-06-17,5,RETURNED
9503,2443,762,2024-07-19,2024-08-02,2024-07-31,0,RETURNED
9504,355,1289,2023-04-30,2023-05-14,2023-05-17,15,RETURNED
9505,2384,49,2023-06-24,2023-07-08,,0,ISSUED
9506,1296,700,2024-02-24,2024-03-09,,0,OVERDUE
9507,825,158,2023-04-27,2023-05-11,2023-05-17,30,RETURNED
9508,2267,397,2023-06-02,2023-06-16,,0,ISSUED
9509,493,1655,2024-09-09,2024-09-23,2024-10-01,40,RETURNED
9510,1233,389,2025-04-02,2025-04-16,2025-04-13,0,RETURNED
9511,1404,1649,2025-12-08,2025-12-22,2025-12-21,0,RETURNED
9512,373,1292,2025-12-08,2025-12-22,,0,ISSUED
9513,1083,1519,2024-07-05,2024-07-19,2024-07-14,0,RETURNED
9514,1900,707,2023-11-18,2023-12-02,2023-12-03,5,RETURNED
9515,2055,1841,2024-06-23,2024-07-07,2024-07-04,0,RETURNED
9516,2225,963,2023-11-25,2023-12-09,2023-12-06,0,RETURNED
9517,2197,21,2023-02-11,2023-02-25,2023-02-23,0,RETURNED
9518,45,1813,2024-04-20,2024-05-04,2024-05-06,10,RETURNED
9519,2493,572,2025-07-01,2025-07-15,2025-07-12,0,RETURNED
9520,1566,47,2025-12-27,2026-01-10,2026-01-18,40,RETURNED
9521,2604,38,2025-03-14,2025-03-28,2025-04-06,45,RETURNED
9522,839,1226,2023-08-07,2023-08-21,,0,OVERDUE
9523,499,853,2025-04-15,2025-04-29,,0,OVERDUE
9524,2497,406,2023-12-19,2024-01-02,2023-12-29,0,RETURNED
9525,1141,735,2024-01-15,2024-01-29,,0,OVERDUE
9526,2845,44,2025-05-23,2025-06-06,,0,ISSUED
9527,1746,1859,2024-08-25,2024-09-08,2024-09-03,0,RETURNED
9528,2017,982,2024-01-30,2024-02-13,2024-02-21,40,RETURNED
9529,1481,12,2023-07-28,2023-08-11,,0,ISSUED
9530,2384,324,2025-01-21,2025-02-04,2025-02-03,0,RETURNED
9531,1595,1507,2024-06-07,2024-06-21,2024-06-17,0,RETURNED
9532,2664,1611,2024-05-09,2024-05-23,2024-05-22,0,RETURNED
9533,2021,87,2025-06-10,2025-06-24,2025-07-02,40,RETURNED
9534,80,1616,2023-04-15,2023-04-29,2023-04-28,0,RETURNED
9535,944,1946,2023-05-21,2023-06-04,,0,OVERDUE
9536,1343,173,2024-07-15,2024-07-29,2024-08-08,50,RETURNED
9537,564,191,2024-04-03,2024-04-17,2024-04-24,35,RETURNED
9538,2598,364,2025-08-04,2025-08-18,2025-08-25,35,RETURNED
9539,2794,1425,2025-04-14,2025-04-28,2025-04-30,10,RETURNED
9540,1062,304,2024-01-05,2024-01-19,2024-01-22,15,RETURNED
9541,1492,362,2023-01-28,2023-02-11,2023-02-13,10,RETURNED
9542,2122,1243,2024-02-12,2024-02-26,2024-02-21,0,RETURNED
9543,2897,1661,2025-12-11,2025-12-25,2025-12-29,20,RETURNED
9544,234,505,2024-07-21,2024-08-04,2024-07-30,0,RETURNED
9545,764,1337,2023-11-29,2023-12-13,2023-12-21,40,RETURNED
9546,1231,644,2024-03-27,2024-04-10,2024-04-15,25,RETURNED
9547,1260,1259,2023-08-24,2023-09-07,2023-09-07,0,RETURNED
9548,2355,443,2025-12-14,2025-12-28,2025-12-30,10,RETURNED
9549,2784,30,2024-03-03,2024-03-17,2024-03-22,25,RETURNED
9550,2191,587,2025-10-29,2025-11-12,2025-11-16,20,RETURNED
9551,797,133,2024-04-20,2024-05-04,2024-05-14,50,RETURNED
9552,1305,720,2024-10-21,2024-11-04,2024-11-01,0,RETURNED
9553,2702,217,2024-08-12,2024-08-26,2024-08-26,0,RETURNED
9554,2031,377,2024-07-07,2024-07-21,2024-07-21,0,RETURNED
9555,2774,767,2024-02-16,2024-03-01,2024-03-11,50,RETURNED
9556,1406,1550,2023-12-30,2024-01-13,2024-01-23,50,RETURNED
9557,850,1447,2023-10-28,2023-11-11,2023-11-11,0,RETURNED
9558,1791,943,2024-01-11,2024-01-25,2024-02-03,45,RETURNED
9559,601,197,2023-09-17,2023-10-01,,0,OVERDUE
9560,2777,1449,2025-12-21,2026-01-04,,0,OVERDUE
9561,893,795,2025-04-01,2025-04-15,2025-04-12,0,RETURNED
9562,973,434,2023-03-25,2023-04-08,2023-04-07,0,RETURNED
9563,1676,1281,2023-06-13,2023-06-27,2023-06-28,5,RETURNED
9564,1164,18,2024-03-13,2024-03-27,2024-04-04,40,RETURNED
9565,1172,1816,2023-10-20,2023-11-03,2023-11-05,10,RETURNED
9566,2290,1122,2023-08-01,2023-08-15,,0,ISSUED
9567,2338,1403,2023-06-11,2023-06-25,,0,ISSUED
9568,1270,1606,2024-01-29,2024-02-12,2024-02-21,45,RETURNED
9569,221,337,2025-02-06,2025-02-20,2025-02-19,0,RETURNED
9570,1875,1127,2025-11-03,2025-11-17,2025-11-22,25,RETURNED
9571,1131,671,2024-01-08,2024-01-22,2024-02-01,50,RETURNED
9572,740,1359,2025-07-27,2025-08-10,,0,OVERDUE
9573,1465,249,2025-10-19,2025-11-02,2025-11-01,0,RETURNED
9574,1080,726,2023-01-22,2023-02-05,2023-02-06,5,RETURNED
9575,1490,732,2024-03-10,2024-03-24,2024-04-03,50,RETURNED
9576,861,643,2023-10-29,2023-11-12,2023-11-16,20,RETURNED
9577,1724,873,2024-11-30,2024-12-14,2024-12-21,35,RETURNED
9578,2839,384,2025-05-26,2025-06-09,2025-06-07,0,RETURNED
9579,2167,1360,2023-07-04,2023-07-18,2023-07-23,25,RETURNED
9580,1907,674,2024-12-25,2025-01-08,,0,ISSUED
9581,1953,1776,2023-08-13,2023-08-27,2023-08-28,5,RETURNED
9582,2524,1873,2024-03-26,2024-04-09,2024-04-05,0,RETURNED
9583,1624,602,2025-09-21,2025-10-05,2025-10-03,0,RETURNED
9584,1961,1836,2023-03-06,2023-03-20,2023-03-19,0,RETURNED
9585,1959,1148,2025-04-15,2025-04-29,2025-05-08,45,RETURNED
9586,1206,351,2023-01-10,2023-01-24,2023-01-24,0,RETURNED
9587,1433,177,2025-07-16,2025-07-30,2025-08-09,50,RETURNED
9588,724,268,2025-06-20,2025-07-04,,0,ISSUED
9589,2709,1172,2023-07-02,2023-07-16,2023-07-15,0,RETURNED
9590,270,1555,2023-11-17,2023-12-01,2023-11-26,0,RETURNED
9591,2490,737,2023-04-11,2023-04-25,2023-04-25,0,RETURNED
9592,429,1082,2023-07-29,2023-08-12,2023-08-22,50,RETURNED
9593,963,799,2024-09-18,2024-10-02,2024-10-12,50,RETURNED
9594,1556,720,2023-01-10,2023-01-24,,0,OVERDUE
9595,2614,882,2025-08-30,2025-09-13,,0,OVERDUE
9596,490,1607,2024-01-03,2024-01-17,,0,OVERDUE
9597,1264,603,2023-04-03,2023-04-17,2023-04-18,5,RETURNED
9598,451,424,2023-09-09,2023-09-23,,0,OVERDUE
9599,27,37,2023-04-09,2023-04-23,,0,OVERDUE
9600,2174,743,2025-03-25,2025-04-08,,0,ISSUED
9601,1850,721,2024-03-04,2024-03-18,2024-03-20,10,RETURNED
9602,18,274,2024-09-18,2024-10-02,2024-09-29,0,RETURNED
9603,2274,1031,2024-09-13,2024-09-27,2024-09-30,15,RETURNED
9604,1534,1855,2023-05-14,2023-05-28,2023-06-03,30,RETURNED
9605,1227,995,2023-06-28,2023-07-12,,0,ISSUED
9606,1254,1367,2025-03-07,2025-03-21,2025-03-28,35,RETURNED
9607,1470,1736,2025-10-25,2025-11-08,2025-11-08,0,RETURNED
9608,1945,1816,2025-12-09,2025-12-23,2025-12-26,15,RETURNED
9609,2094,797,2025-01-12,2025-01-26,2025-01-25,0,RETURNED
9610,1751,1291,2025-03-03,2025-03-17,2025-03-25,40,RETURNED
9611,939,1913,2023-01-21,2023-02-04,2023-02-11,35,RETURNED
9612,2809,1366,2023-03-10,2023-03-24,2023-03-26,10,RETURNED
9613,2854,1489,2023-11-16,2023-11-30,2023-11-30,0,RETURNED
9614,847,1639,2023-06-28,2023-07-12,2023-07-18,30,RETURNED
9615,1328,1554,2025-06-22,2025-07-06,2025-07-03,0,RETURNED
9616,2720,1757,2023-05-17,2023-05-31,2023-06-04,20,RETURNED
9617,1366,968,2023-01-28,2023-02-11,,0,OVERDUE
9618,1968,1183,2024-08-06,2024-08-20,,0,ISSUED
9619,441,393,2025-10-07,2025-10-21,2025-10-31,50,RETURNED
9620,1061,1884,2025-04-12,2025-04-26,2025-05-05,45,RETURNED
9621,536,1633,2025-04-28,2025-05-12,2025-05-11,0,RETURNED
9622,2277,1060,2024-01-20,2024-02-03,2024-02-11,40,RETURNED
9623,765,1568,2024-10-12,2024-10-26,2024-10-26,0,RETURNED
9624,1699,1339,2023-03-31,2023-04-14,2023-04-13,0,RETURNED
9625,1992,1528,2024-12-09,2024-12-23,2024-12-20,0,RETURNED
9626,1588,513,2024-02-28,2024-03-13,2024-03-15,10,RETURNED
9627,172,350,2025-09-27,2025-10-11,2025-10-11,0,RETURNED
9628,2163,926,2023-03-25,2023-04-08,2023-04-16,40,RETURNED
9629,2759,1899,2024-10-30,2024-11-13,2024-11-15,10,RETURNED
9630,811,1536,2025-07-25,2025-08-08,2025-08-08,0,RETURNED
9631,718,731,2023-05-09,2023-05-23,2023-05-23,0,RETURNED
9632,1716,1954,2023-01-29,2023-02-12,2023-02-19,35,RETURNED
9633,870,471,2024-01-18,2024-02-01,,0,OVERDUE
9634,1660,511,2025-06-08,2025-06-22,2025-06-22,0,RETURNED
9635,1965,692,2025-09-14,2025-09-28,,0,ISSUED
9636,2375,34,2023-10-03,2023-10-17,2023-10-25,40,RETURNED
9637,2860,1239,2023-04-23,2023-05-07,,0,ISSUED
9638,2923,1621,2025-04-26,2025-05-10,2025-05-05,0,RETURNED
9639,2436,1462,2025-07-08,2025-07-22,,0,OVERDUE
9640,1453,1348,2025-11-27,2025-12-11,2025-12-18,35,RETURNED
9641,2122,1140,2023-05-18,2023-06-01,2023-06-05,20,RETURNED
9642,1469,197,2024-07-21,2024-08-04,2024-08-08,20,RETURNED
9643,1678,1859,2024-02-02,2024-02-16,2024-02-14,0,RETURNED
9644,772,1551,2025-11-30,2025-12-14,2025-12-17,15,RETURNED
9645,304,234,2024-11-09,2024-11-23,2024-11-25,10,RETURNED
9646,1800,1064,2023-02-24,2023-03-10,2023-03-12,10,RETURNED
9647,2078,1694,2025-10-10,2025-10-24,2025-10-28,20,RETURNED
9648,2,39,2025-05-03,2025-05-17,2025-05-12,0,RETURNED
9649,1699,236,2024-07-10,2024-07-24,2024-07-25,5,RETURNED
9650,2272,689,2024-01-20,2024-02-03,,0,OVERDUE
9651,656,274,2024-04-21,2024-05-05,,0,OVERDUE
9652,2668,667,2025-08-14,2025-08-28,2025-08-26,0,RETURNED
9653,2302,703,2024-06-12,2024-06-26,2024-07-02,30,RETURNED
9654,253,1056,2023-08-27,2023-09-10,2023-09-13,15,RETURNED
9655,824,1630,2023-11-04,2023-11-18,2023-11-16,0,RETURNED
9656,2489,682,2024-04-16,2024-04-30,2024-05-04,20,RETURNED
9657,623,1107,2023-07-05,2023-07-19,2023-07-26,35,RETURNED
9658,1963,1349,2025-05-22,2025-06-05,2025-06-11,30,RETURNED
9659,1203,948,2023-11-01,2023-11-15,,0,ISSUED
9660,941,1777,2023-07-03,2023-07-17,2023-07-13,0,RETURNED
9661,315,1576,2025-05-15,2025-05-29,2025-06-05,35,RETURNED
9662,1341,891,2025-05-29,2025-06-12,2025-06-09,0,RETURNED
9663,1004,1328,2024-09-26,2024-10-10,2024-10-17,35,RETURNED
9664,1316,1057,2024-02-28,2024-03-13,2024-03-10,0,RETURNED
9665,382,738,2025-04-22,2025-05-06,2025-05-15,45,RETURNED
9666,2068,596,2024-05-29,2024-06-12,2024-06-22,50,RETURNED
9667,938,502,2025-09-22,2025-10-06,2025-10-15,45,RETURNED
9668,2388,541,2023-08-28,2023-09-11,2023-09-12,5,RETURNED
9669,1428,779,2025-09-12,2025-09-26,2025-09-25,0,RETURNED
9670,100,1045,2023-10-12,2023-10-26,2023-10-26,0,RETURNED
9671,1740,872,2024-06-17,2024-07-01,2024-07-08,35,RETURNED
9672,837,1403,2023-08-13,2023-08-27,2023-09-03,35,RETURNED
9673,1652,860,2024-09-04,2024-09-18,2024-09-27,45,RETURNED
9674,139,1276,2025-05-05,2025-05-19,2025-05-25,30,RETURNED
9675,98,628,2023-01-22,2023-02-05,2023-02-07,10,RETURNED
9676,564,1288,2025-02-21,2025-03-07,2025-03-02,0,RETURNED
9677,928,94,2025-02-03,2025-02-17,2025-02-16,0,RETURNED
9678,1463,1042,2024-09-07,2024-09-21,2024-09-25,20,RETURNED
9679,1281,1770,2024-03-16,2024-03-30,,0,ISSUED
9680,208,1413,2024-03-13,2024-03-27,2024-03-28,5,RETURNED
9681,1487,514,2023-12-13,2023-12-27,2023-12-22,0,RETURNED
9682,1257,1258,2023-03-10,2023-03-24,,0,OVERDUE
9683,366,329,2023-09-12,2023-09-26,2023-09-27,5,RETURNED
9684,2827,384,2023-06-13,2023-06-27,2023-07-01,20,RETURNED
9685,635,781,2024-07-15,2024-07-29,2024-07-25,0,RETURNED
9686,901,1522,2023-05-12,2023-05-26,2023-05-21,0,RETURNED
9687,1440,1930,2025-09-09,2025-09-23,,0,ISSUED
9688,1742,1441,2024-08-29,2024-09-12,2024-09-20,40,RETURNED
9689,202,413,2025-12-24,2026-01-07,2026-01-04,0,RETURNED
9690,2342,1721,2024-12-01,2024-12-15,2024-12-11,0,RETURNED
9691,272,787,2024-01-28,2024-02-11,2024-02-17,30,RETURNED
9692,192,1367,2023-03-31,2023-04-14,2023-04-18,20,RETURNED
9693,2412,1435,2025-02-17,2025-03-03,2025-03-11,40,RETURNED
9694,1129,1249,2023-09-21,2023-10-05,2023-10-13,40,RETURNED
9695,690,193,2024-10-20,2024-11-03,2024-11-13,50,RETURNED
9696,2760,559,2025-03-02,2025-03-16,2025-03-19,15,RETURNED
9697,1084,1062,2023-01-26,2023-02-09,,0,OVERDUE
9698,202,86,2024-07-26,2024-08-09,2024-08-06,0,RETURNED
9699,444,1742,2024-02-05,2024-02-19,2024-02-17,0,RETURNED
9700,2913,784,2023-06-26,2023-07-10,2023-07-18,40,RETURNED
9701,1592,1073,2024-10-29,2024-11-12,2024-11-15,15,RETURNED
9702,664,1762,2024-10-09,2024-10-23,2024-10-27,20,RETURNED
9703,2700,316,2024-10-10,2024-10-24,2024-10-25,5,RETURNED
9704,503,279,2024-09-07,2024-09-21,2024-09-29,40,RETURNED
9705,1407,1430,2023-12-21,2024-01-04,2023-12-30,0,RETURNED
9706,936,503,2023-08-26,2023-09-09,2023-09-07,0,RETURNED
9707,76,125,2024-02-05,2024-02-19,2024-02-29,50,RETURNED
9708,1587,1538,2023-02-01,2023-02-15,2023-02-12,0,RETURNED
9709,1462,1000,2023-11-10,2023-11-24,2023-11-28,20,RETURNED
9710,1508,897,2024-09-08,2024-09-22,,0,ISSUED
9711,1376,806,2023-03-07,2023-03-21,2023-03-21,0,RETURNED
9712,363,862,2024-06-30,2024-07-14,2024-07-23,45,RETURNED
9713,2240,1489,2025-07-25,2025-08-08,2025-08-06,0,RETURNED
9714,2899,1524,2024-12-21,2025-01-04,2025-01-08,20,RETURNED
9715,1866,226,2023-08-08,2023-08-22,,0,OVERDUE
9716,2637,86,2024-12-14,2024-12-28,,0,ISSUED
9717,1557,55,2023-10-04,2023-10-18,2023-10-15,0,RETURNED
9718,1084,1140,2024-04-03,2024-04-17,2024-04-17,0,RETURNED
9719,2810,519,2024-10-14,2024-10-28,2024-11-05,40,RETURNED
9720,1006,1982,2025-06-05,2025-06-19,2025-06-16,0,RETURNED
9721,638,673,2025-05-12,2025-05-26,2025-06-05,50,RETURNED
9722,687,1064,2023-01-10,2023-01-24,2023-01-20,0,RETURNED
9723,1147,771,2025-12-11,2025-12-25,2025-12-29,20,RETURNED
9724,1309,177,2024-03-15,2024-03-29,2024-04-06,40,RETURNED
9725,1350,1076,2024-02-29,2024-03-14,,0,OVERDUE
9726,2890,1391,2025-09-02,2025-09-16,2025-09-19,15,RETURNED
9727,1155,1551,2025-04-04,2025-04-18,2025-04-14,0,RETURNED
9728,390,534,2024-12-05,2024-12-19,2024-12-17,0,RETURNED
9729,478,1726,2023-05-07,2023-05-21,2023-05-20,0,RETURNED
9730,166,771,2023-01-31,2023-02-14,2023-02-09,0,RETURNED
9731,1133,1977,2024-10-19,2024-11-02,,0,OVERDUE
9732,110,571,2025-01-18,2025-02-01,2025-02-10,45,RETURNED
9733,1152,548,2024-09-27,2024-10-11,,0,OVERDUE
9734,2485,280,2025-01-02,2025-01-16,2025-01-19,15,RETURNED
9735,1539,364,2023-02-03,2023-02-17,2023-02-14,0,RETURNED
9736,2792,818,2023-07-04,2023-07-18,2023-07-18,0,RETURNED
9737,820,1388,2024-10-23,2024-11-06,2024-11-06,0,RETURNED
9738,824,1834,2024-04-01,2024-04-15,2024-04-21,30,RETURNED
9739,2924,1505,2023-08-12,2023-08-26,2023-09-05,50,RETURNED
9740,392,676,2025-03-31,2025-04-14,2025-04-19,25,RETURNED
9741,34,530,2025-01-12,2025-01-26,2025-01-22,0,RETURNED
9742,438,1621,2023-04-28,2023-05-12,2023-05-07,0,RETURNED
9743,2763,1238,2024-10-22,2024-11-05,2024-11-06,5,RETURNED
9744,945,574,2025-04-22,2025-05-06,2025-05-08,10,RETURNED
9745,2545,845,2024-08-04,2024-08-18,,0,ISSUED
9746,2124,1028,2025-12-03,2025-12-17,2025-12-16,0,RETURNED
9747,1446,866,2025-08-15,2025-08-29,2025-09-05,35,RETURNED
9748,1530,1194,2025-09-20,2025-10-04,2025-10-07,15,RETURNED
9749,2559,1983,2025-11-25,2025-12-09,2025-12-08,0,RETURNED
9750,2440,1729,2023-09-04,2023-09-18,2023-09-22,20,RETURNED
9751,1032,325,2023-09-02,2023-09-16,2023-09-11,0,RETURNED
9752,2263,95,2023-12-05,2023-12-19,2023-12-14,0,RETURNED
9753,692,1457,2025-07-26,2025-08-09,2025-08-12,15,RETURNED
9754,2041,1448,2024-12-08,2024-12-22,2024-12-31,45,RETURNED
9755,801,1482,2025-10-02,2025-10-16,,0,ISSUED
9756,1730,871,2024-09-24,2024-10-08,2024-10-04,0,RETURNED
9757,646,199,2023-07-21,2023-08-04,2023-08-14,50,RETURNED
9758,207,1037,2023-09-19,2023-10-03,2023-10-11,40,RETURNED
9759,256,1318,2023-01-19,2023-02-02,,0,ISSUED
9760,852,978,2025-08-25,2025-09-08,2025-09-13,25,RETURNED
9761,1332,1385,2023-03-28,2023-04-11,2023-04-20,45,RETURNED
9762,1882,1478,2025-06-12,2025-06-26,,0,ISSUED
9763,2807,1531,2024-06-22,2024-07-06,2024-07-09,15,RETURNED
9764,1375,1888,2024-03-30,2024-04-13,2024-04-14,5,RETURNED
9765,1181,1990,2025-04-02,2025-04-16,2025-04-19,15,RETURNED
9766,388,5,2025-06-15,2025-06-29,2025-07-09,50,RETURNED
9767,2399,1732,2023-08-02,2023-08-16,2023-08-21,25,RETURNED
9768,1047,9,2024-01-13,2024-01-27,,0,OVERDUE
9769,2048,345,2025-03-23,2025-04-06,2025-04-16,50,RETURNED
9770,2051,1472,2025-05-29,2025-06-12,,0,OVERDUE
9771,2903,1883,2023-06-12,2023-06-26,2023-06-28,10,RETURNED
9772,2800,365,2023-08-29,2023-09-12,2023-09-16,20,RETURNED
9773,1222,202,2024-04-23,2024-05-07,2024-05-02,0,RETURNED
9774,2897,44,2023-02-25,2023-03-11,2023-03-17,30,RETURNED
9775,2387,1152,2025-02-02,2025-02-16,2025-02-25,45,RETURNED
9776,980,841,2023-04-24,2023-05-08,,0,OVERDUE
9777,2134,835,2025-02-22,2025-03-08,2025-03-04,0,RETURNED
9778,1435,1272,2024-02-21,2024-03-06,2024-03-03,0,RETURNED
9779,1921,623,2025-04-03,2025-04-17,2025-04-16,0,RETURNED
9780,2802,1897,2025-08-24,2025-09-07,2025-09-14,35,RETURNED
9781,2664,1123,2023-02-05,2023-02-19,,0,ISSUED
9782,2536,1956,2023-09-12,2023-09-26,,0,ISSUED
9783,132,1816,2024-12-25,2025-01-08,2025-01-07,0,RETURNED
9784,532,525,2024-04-08,2024-04-22,2024-04-21,0,RETURNED
9785,612,1714,2024-06-14,2024-06-28,2024-07-02,20,RETURNED
9786,50,208,2024-09-19,2024-10-03,2024-10-09,30,RETURNED
9787,2540,7,2025-11-28,2025-12-12,2025-12-14,10,RETURNED
9788,2028,1430,2023-07-09,2023-07-23,2023-07-28,25,RETURNED
9789,1889,30,2023-03-10,2023-03-24,2023-03-23,0,RETURNED
9790,704,1717,2023-01-18,2023-02-01,2023-01-29,0,RETURNED
9791,2760,1738,2025-10-20,2025-11-03,2025-11-03,0,RETURNED
9792,1681,376,2024-04-07,2024-04-21,,0,ISSUED
9793,888,790,2025-02-27,2025-03-13,2025-03-18,25,RETURNED
9794,483,1162,2023-07-14,2023-07-28,,0,OVERDUE
9795,19,1189,2025-12-18,2026-01-01,2026-01-01,0,RETURNED
9796,2267,207,2025-04-11,2025-04-25,,0,OVERDUE
9797,1704,872,2025-12-25,2026-01-08,2026-01-08,0,RETURNED
9798,2302,1977,2023-02-06,2023-02-20,2023-02-26,30,RETURNED
9799,1830,885,2023-06-29,2023-07-13,,0,ISSUED
9800,2733,1496,2023-02-02,2023-02-16,2023-02-14,0,RETURNED
9801,2095,771,2024-06-20,2024-07-04,2024-07-10,30,RETURNED
9802,1437,751,2024-05-09,2024-05-23,2024-05-23,0,RETURNED
9803,83,671,2023-06-22,2023-07-06,2023-07-12,30,RETURNED
9804,1206,11,2023-05-18,2023-06-01,2023-05-30,0,RETURNED
9805,1157,1759,2023-04-06,2023-04-20,2023-04-23,15,RETURNED
9806,1586,936,2023-08-08,2023-08-22,2023-09-01,50,RETURNED
9807,2166,43,2024-07-08,2024-07-22,,0,ISSUED
9808,2560,1477,2024-06-03,2024-06-17,,0,ISSUED
9809,1348,1701,2023-05-29,2023-06-12,2023-06-20,40,RETURNED
9810,2925,280,2023-12-09,2023-12-23,2023-12-30,35,RETURNED
9811,405,1209,2024-08-06,2024-08-20,2024-08-17,0,RETURNED
9812,2906,393,2023-06-10,2023-06-24,2023-07-03,45,RETURNED
9813,1557,696,2023-04-13,2023-04-27,,0,ISSUED
9814,297,1887,2023-02-16,2023-03-02,2023-03-09,35,RETURNED
9815,2892,237,2025-12-24,2026-01-07,2026-01-02,0,RETURNED
9816,93,939,2023-10-08,2023-10-22,,0,OVERDUE
9817,2052,1129,2024-08-20,2024-09-03,2024-09-08,25,RETURNED
9818,191,766,2025-05-03,2025-05-17,2025-05-16,0,RETURNED
9819,2631,273,2025-04-12,2025-04-26,2025-05-01,25,RETURNED
9820,2461,358,2023-04-27,2023-05-11,2023-05-08,0,RETURNED
9821,312,1241,2024-07-09,2024-07-23,2024-08-02,50,RETURNED
9822,2256,105,2024-02-06,2024-02-20,,0,ISSUED
9823,2922,3,2025-10-28,2025-11-11,2025-11-10,0,RETURNED
9824,294,632,2025-06-20,2025-07-04,2025-07-01,0,RETURNED
9825,1455,1571,2023-07-24,2023-08-07,2023-08-15,40,RETURNED
9826,523,447,2025-05-08,2025-05-22,2025-05-23,5,RETURNED
9827,2738,1849,2024-06-03,2024-06-17,,0,OVERDUE
9828,2408,1985,2025-05-18,2025-06-01,2025-06-06,25,RETURNED
9829,1428,746,2023-09-19,2023-10-03,,0,OVERDUE
9830,1540,1771,2024-11-30,2024-12-14,2024-12-19,25,RETURNED
9831,477,315,2025-04-06,2025-04-20,2025-04-18,0,RETURNED
9832,2646,706,2023-10-08,2023-10-22,,0,ISSUED
9833,1135,449,2023-02-28,2023-03-14,2023-03-18,20,RETURNED
9834,2834,696,2024-02-16,2024-03-01,2024-03-07,30,RETURNED
9835,354,264,2023-05-28,2023-06-11,,0,ISSUED
9836,1448,1443,2025-01-01,2025-01-15,2025-01-23,40,RETURNED
9837,2214,842,2023-10-03,2023-10-17,,0,ISSUED
9838,2281,1696,2023-10-06,2023-10-20,,0,ISSUED
9839,110,1870,2023-01-04,2023-01-18,,0,ISSUED
9840,380,1455,2023-02-15,2023-03-01,2023-02-27,0,RETURNED
9841,2092,1579,2025-06-15,2025-06-29,2025-06-26,0,RETURNED
9842,861,1404,2023-06-04,2023-06-18,,0,ISSUED
9843,2966,1685,2025-05-22,2025-06-05,2025-06-01,0,RETURNED
9844,895,647,2024-12-09,2024-12-23,2024-12-30,35,RETURNED
9845,973,681,2024-09-10,2024-09-24,2024-09-27,15,RETURNED
9846,2283,1957,2024-06-14,2024-06-28,2024-06-30,10,RETURNED
9847,2821,1107,2025-12-05,2025-12-19,2025-12-14,0,RETURNED
9848,1737,1873,2024-10-25,2024-11-08,2024-11-06,0,RETURNED
9849,699,1453,2025-02-20,2025-03-06,2025-03-06,0,RETURNED
9850,184,1443,2024-08-14,2024-08-28,2024-08-25,0,RETURNED
9851,2078,1123,2024-06-27,2024-07-11,2024-07-19,40,RETURNED
9852,175,638,2025-02-06,2025-02-20,2025-02-22,10,RETURNED
9853,431,1579,2024-07-06,2024-07-20,2024-07-21,5,RETURNED
9854,393,582,2023-10-18,2023-11-01,2023-10-30,0,RETURNED
9855,97,1157,2023-06-28,2023-07-12,2023-07-08,0,RETURNED
9856,1015,1230,2023-08-19,2023-09-02,2023-09-12,50,RETURNED
9857,1192,103,2023-09-23,2023-10-07,,0,OVERDUE
9858,1893,1387,2024-03-29,2024-04-12,2024-04-10,0,RETURNED
9859,1508,1466,2025-10-03,2025-10-17,2025-10-13,0,RETURNED
9860,1096,1422,2023-04-01,2023-04-15,2023-04-25,50,RETURNED
9861,2681,57,2025-12-22,2026-01-05,,0,ISSUED
9862,1337,1805,2024-07-27,2024-08-10,2024-08-10,0,RETURNED
9863,209,315,2024-03-11,2024-03-25,,0,OVERDUE
9864,2410,1005,2025-12-03,2025-12-17,,0,OVERDUE
9865,1344,106,2023-12-18,2024-01-01,2024-01-01,0,RETURNED
9866,2986,750,2025-04-17,2025-05-01,2025-05-04,15,RETURNED
9867,242,1016,2025-09-29,2025-10-13,2025-10-10,0,RETURNED
9868,1509,1167,2024-04-22,2024-05-06,2024-05-10,20,RETURNED
9869,166,1168,2023-08-11,2023-08-25,,0,OVERDUE
9870,1543,119,2024-07-16,2024-07-30,2024-07-30,0,RETURNED
9871,2877,104,2024-09-28,2024-10-12,2024-10-13,5,RETURNED
9872,471,1670,2024-11-10,2024-11-24,2024-11-22,0,RETURNED
9873,2049,1307,2023-02-09,2023-02-23,2023-02-22,0,RETURNED
9874,457,464,2024-02-18,2024-03-03,2024-03-04,5,RETURNED
9875,402,1507,2023-02-24,2023-03-10,2023-03-10,0,RETURNED
9876,1232,326,2024-06-15,2024-06-29,2024-06-27,0,RETURNED
9877,1593,1469,2025-02-25,2025-03-11,,0,ISSUED
9878,2012,1268,2023-11-01,2023-11-15,2023-11-15,0,RETURNED
9879,2435,1188,2025-01-27,2025-02-10,2025-02-17,35,RETURNED
9880,1022,39,2025-11-05,2025-11-19,2025-11-23,20,RETURNED
9881,1104,1918,2025-12-05,2025-12-19,2025-12-18,0,RETURNED
9882,1849,1689,2025-06-21,2025-07-05,,0,OVERDUE
9883,2127,483,2024-01-13,2024-01-27,,0,ISSUED
9884,1089,885,2024-09-25,2024-10-09,2024-10-09,0,RETURNED
9885,383,674,2025-08-06,2025-08-20,2025-08-24,20,RETURNED
9886,1594,487,2025-10-31,2025-11-14,2025-11-11,0,RETURNED
9887,1372,1939,2025-07-19,2025-08-02,,0,ISSUED
9888,713,1301,2025-07-08,2025-07-22,2025-07-26,20,RETURNED
9889,1418,87,2025-09-28,2025-10-12,2025-10-18,30,RETURNED
9890,275,1141,2024-06-04,2024-06-18,2024-06-16,0,RETURNED
9891,1638,1315,2023-06-24,2023-07-08,2023-07-04,0,RETURNED
9892,860,1501,2023-08-04,2023-08-18,2023-08-14,0,RETURNED
9893,1066,868,2024-08-28,2024-09-11,2024-09-18,35,RETURNED
9894,1328,572,2024-02-23,2024-03-08,,0,ISSUED
9895,939,157,2023-08-26,2023-09-09,,0,OVERDUE
9896,1516,1510,2025-05-23,2025-06-06,,0,OVERDUE
9897,958,155,2024-08-02,2024-08-16,,0,ISSUED
9898,1598,1129,2023-07-06,2023-07-20,2023-07-28,40,RETURNED
9899,308,686,2024-06-25,2024-07-09,,0,OVERDUE
9900,2909,1077,2023-10-10,2023-10-24,,0,OVERDUE
9901,1315,1914,2024-07-11,2024-07-25,,0,OVERDUE
9902,140,289,2023-03-06,2023-03-20,2023-03-22,10,RETURNED
9903,479,26,2024-04-15,2024-04-29,2024-05-01,10,RETURNED
9904,2276,1468,2024-08-26,2024-09-09,2024-09-17,40,RETURNED
9905,2362,1322,2025-11-10,2025-11-24,,0,OVERDUE
9906,2564,1469,2023-05-10,2023-05-24,2023-05-31,35,RETURNED
9907,2466,1539,2024-02-04,2024-02-18,2024-02-13,0,RETURNED
9908,1457,850,2024-06-07,2024-06-21,2024-06-20,0,RETURNED
9909,812,232,2023-10-28,2023-11-11,,0,ISSUED
9910,2074,76,2025-12-28,2026-01-11,2026-01-06,0,RETURNED
9911,1695,504,2024-05-13,2024-05-27,2024-06-01,25,RETURNED
9912,1433,909,2023-08-15,2023-08-29,2023-09-07,45,RETURNED
9913,2558,1652,2025-09-02,2025-09-16,,0,OVERDUE
9914,2585,1884,2024-03-31,2024-04-14,2024-04-18,20,RETURNED
9915,783,679,2025-12-17,2025-12-31,,0,OVERDUE
9916,1116,1136,2025-06-04,2025-06-18,2025-06-23,25,RETURNED
9917,419,42,2023-01-04,2023-01-18,2023-01-19,5,RETURNED
9918,67,424,2024-01-19,2024-02-02,2024-02-07,25,RETURNED
9919,1416,1222,2025-07-09,2025-07-23,2025-07-27,20,RETURNED
9920,576,124,2025-06-30,2025-07-14,2025-07-20,30,RETURNED
9921,2513,935,2024-01-03,2024-01-17,2024-01-19,10,RETURNED
9922,1900,1166,2024-10-30,2024-11-13,2024-11-09,0,RETURNED
9923,1613,1145,2023-07-26,2023-08-09,2023-08-16,35,RETURNED
9924,897,991,2025-05-01,2025-05-15,2025-05-19,20,RETURNED
9925,1233,875,2025-05-10,2025-05-24,2025-05-28,20,RETURNED
9926,425,891,2024-09-21,2024-10-05,2024-10-11,30,RETURNED
9927,2843,1856,2024-01-04,2024-01-18,2024-01-22,20,RETURNED
9928,976,1848,2025-11-18,2025-12-02,2025-12-03,5,RETURNED
9929,1639,1997,2023-10-31,2023-11-14,2023-11-12,0,RETURNED
9930,1152,310,2023-02-14,2023-02-28,2023-03-05,25,RETURNED
9931,139,1258,2025-01-22,2025-02-05,2025-02-03,0,RETURNED
9932,2359,246,2025-04-27,2025-05-11,2025-05-19,40,RETURNED
9933,1488,1349,2025-12-06,2025-12-20,,0,OVERDUE
9934,1728,1537,2025-02-26,2025-03-12,2025-03-12,0,RETURNED
9935,2904,1758,2025-05-10,2025-05-24,2025-05-30,30,RETURNED
9936,2663,1293,2023-04-07,2023-04-21,2023-04-29,40,RETURNED
9937,827,1998,2024-01-26,2024-02-09,2024-02-05,0,RETURNED
9938,962,862,2025-07-04,2025-07-18,2025-07-13,0,RETURNED
9939,88,1695,2025-05-22,2025-06-05,2025-06-05,0,RETURNED
9940,2959,369,2025-07-08,2025-07-22,2025-07-17,0,RETURNED
9941,1782,1482,2023-06-20,2023-07-04,,0,ISSUED
9942,751,1705,2023-09-26,2023-10-10,,0,OVERDUE
9943,1561,606,2025-06-08,2025-06-22,,0,OVERDUE
9944,1379,1119,2025-04-19,2025-05-03,2025-04-30,0,RETURNED
9945,2318,1607,2025-03-18,2025-04-01,2025-03-27,0,RETURNED
9946,142,848,2025-12-01,2025-12-15,2025-12-20,25,RETURNED
9947,2386,1035,2025-02-11,2025-02-25,2025-02-21,0,RETURNED
9948,1841,402,2025-09-16,2025-09-30,2025-09-26,0,RETURNED
9949,1696,331,2025-11-09,2025-11-23,2025-12-02,45,RETURNED
9950,572,1110,2024-01-27,2024-02-10,2024-02-07,0,RETURNED
9951,2524,787,2025-06-19,2025-07-03,2025-07-04,5,RETURNED
9952,1938,1860,2025-04-15,2025-04-29,,0,OVERDUE
9953,347,555,2023-08-01,2023-08-15,2023-08-19,20,RETURNED
9954,2163,588,2024-12-19,2025-01-02,,0,ISSUED
9955,2850,220,2023-03-18,2023-04-01,2023-04-05,20,RETURNED
9956,1991,531,2023-10-10,2023-10-24,2023-10-19,0,RETURNED
9957,1224,548,2025-03-28,2025-04-11,,0,ISSUED
9958,2812,86,2025-01-17,2025-01-31,2025-02-09,45,RETURNED
9959,1311,1446,2024-12-17,2024-12-31,2024-12-28,0,RETURNED
9960,2538,938,2025-12-28,2026-01-11,2026-01-17,30,RETURNED
9961,1691,73,2025-10-16,2025-10-30,2025-10-27,0,RETURNED
9962,1086,277,2023-08-22,2023-09-05,2023-09-06,5,RETURNED
9963,581,1625,2025-06-04,2025-06-18,,0,OVERDUE
9964,1570,949,2023-11-25,2023-12-09,2023-12-12,15,RETURNED
9965,175,941,2023-08-14,2023-08-28,2023-09-03,30,RETURNED
9966,1916,68,2024-10-26,2024-11-09,2024-11-19,50,RETURNED
9967,2775,1863,2025-09-05,2025-09-19,2025-09-29,50,RETURNED
9968,1173,1060,2025-04-23,2025-05-07,,0,OVERDUE
9969,1648,130,2023-05-13,2023-05-27,2023-05-31,20,RETURNED
9970,2869,851,2025-11-11,2025-11-25,2025-12-02,35,RETURNED
9971,450,1276,2024-03-19,2024-04-02,,0,OVERDUE
9972,94,1871,2024-01-20,2024-02-03,2024-02-13,50,RETURNED
9973,850,847,2024-08-14,2024-08-28,2024-08-23,0,RETURNED
9974,1450,158,2025-03-08,2025-03-22,2025-03-23,5,RETURNED
9975,1404,1205,2025-07-29,2025-08-12,2025-08-21,45,RETURNED
9976,274,758,2025-07-05,2025-07-19,,0,OVERDUE
9977,1486,1628,2023-06-02,2023-06-16,2023-06-13,0,RETURNED
9978,2865,1935,2024-06-16,2024-06-30,2024-06-28,0,RETURNED
9979,297,1216,2025-10-07,2025-10-21,2025-10-20,0,RETURNED
9980,2737,1441,2023-01-20,2023-02-03,2023-02-04,5,RETURNED
9981,2669,4,2023-02-18,2023-03-04,,0,OVERDUE
9982,1897,123,2024-12-30,2025-01-13,2025-01-13,0,RETURNED
9983,1127,973,2025-03-08,2025-03-22,2025-03-29,35,RETURNED
9984,1652,78,2023-05-02,2023-05-16,2023-05-24,40,RETURNED
9985,1818,1614,2023-04-21,2023-05-05,2023-04-30,0,RETURNED
9986,1785,929,2023-04-18,2023-05-02,2023-05-11,45,RETURNED
9987,2599,571,2023-04-09,2023-04-23,2023-04-21,0,RETURNED
9988,972,1240,2023-11-21,2023-12-05,2023-12-02,0,RETURNED
9989,2349,1371,2025-01-29,2025-02-12,2025-02-08,0,RETURNED
9990,2824,1722,2023-05-28,2023-06-11,2023-06-20,45,RETURNED
9991,1975,20,2024-08-20,2024-09-03,2024-09-02,0,RETURNED
9992,422,1909,2024-06-28,2024-07-12,,0,OVERDUE
9993,2965,648,2023-08-18,2023-09-01,2023-09-09,40,RETURNED
9994,1309,281,2023-04-01,2023-04-15,2023-04-16,5,RETURNED
9995,243,1435,2024-11-02,2024-11-16,2024-11-24,40,RETURNED
9996,636,155,2023-11-19,2023-12-03,,0,OVERDUE
9997,890,1496,2025-05-04,2025-05-18,2025-05-21,15,RETURNED
9998,2190,184,2023-02-24,2023-03-10,2023-03-07,0,RETURNED
9999,834,609,2024-11-25,2024-12-09,2024-12-19,50,RETURNED
10000,1572,1559,2023-06-15,2023-06-29,2023-06-25,0,RETURNED
10001,645,921,2024-02-05,2024-02-19,,0,ISSUED
10002,152,1257,2025-11-19,2025-12-03,2025-12-07,20,RETURNED
10003,2392,748,2023-08-12,2023-08-26,2023-09-03,40,RETURNED
10004,1321,1976,2023-04-24,2023-05-08,,0,OVERDUE
10005,2747,293,2023-07-06,2023-07-20,,0,ISSUED
10006,1110,1083,2023-12-03,2023-12-17,,0,ISSUED
10007,1967,750,2025-09-17,2025-10-01,2025-10-05,20,RETURNED
10008,400,914,2025-07-22,2025-08-05,,0,ISSUED
10009,2264,484,2025-06-06,2025-06-20,2025-06-29,45,RETURNED
10010,1564,1661,2023-09-28,2023-10-12,2023-10-19,35,RETURNED
10011,412,492,2024-07-12,2024-07-26,2024-07-30,20,RETURNED
10012,466,740,2023-01-08,2023-01-22,2023-01-28,30,RETURNED
10013,14,1268,2024-06-01,2024-06-15,,0,OVERDUE
10014,237,1281,2025-11-30,2025-12-14,2025-12-09,0,RETURNED
10015,2315,799,2024-10-21,2024-11-04,2024-11-11,35,RETURNED
10016,617,1388,2024-06-17,2024-07-01,2024-07-02,5,RETURNED
10017,963,952,2025-03-23,2025-04-06,2025-04-08,10,RETURNED
10018,2145,1084,2023-03-08,2023-03-22,2023-03-23,5,RETURNED
10019,1755,1111,2023-04-27,2023-05-11,2023-05-10,0,RETURNED
10020,2073,1600,2023-09-22,2023-10-06,2023-10-04,0,RETURNED
10021,2528,477,2023-05-10,2023-05-24,,0,OVERDUE
10022,2195,878,2024-12-08,2024-12-22,2024-12-30,40,RETURNED
10023,2842,209,2025-12-05,2025-12-19,2025-12-27,40,RETURNED
10024,753,510,2024-10-03,2024-10-17,,0,OVERDUE
10025,1535,1186,2023-03-25,2023-04-08,2023-04-10,10,RETURNED
10026,895,427,2023-10-02,2023-10-16,2023-10-25,45,RETURNED
10027,722,1778,2025-07-07,2025-07-21,2025-07-24,15,RETURNED
10028,979,1495,2024-11-27,2024-12-11,2024-12-16,25,RETURNED
10029,494,1039,2023-06-25,2023-07-09,2023-07-07,0,RETURNED
10030,1989,1693,2025-06-08,2025-06-22,2025-07-01,45,RETURNED
10031,1476,1163,2025-11-05,2025-11-19,2025-11-21,10,RETURNED
10032,209,1329,2025-08-26,2025-09-09,2025-09-15,30,RETURNED
10033,1344,136,2024-03-10,2024-03-24,2024-03-30,30,RETURNED
10034,331,1277,2023-05-02,2023-05-16,2023-05-25,45,RETURNED
10035,2266,1073,2024-05-03,2024-05-17,2024-05-19,10,RETURNED
10036,2657,1135,2025-09-07,2025-09-21,2025-09-24,15,RETURNED
10037,2263,841,2024-09-28,2024-10-12,2024-10-22,50,RETURNED
10038,1680,426,2025-06-25,2025-07-09,2025-07-18,45,RETURNED
10039,1901,1980,2023-03-23,2023-04-06,2023-04-04,0,RETURNED
10040,1761,1540,2024-07-22,2024-08-05,2024-08-14,45,RETURNED
10041,1331,1313,2025-02-13,2025-02-27,2025-03-02,15,RETURNED
10042,2700,1336,2023-08-08,2023-08-22,2023-09-01,50,RETURNED
10043,1794,671,2025-09-13,2025-09-27,,0,ISSUED
10044,1771,881,2024-01-29,2024-02-12,2024-02-09,0,RETURNED
10045,855,979,2025-11-13,2025-11-27,2025-11-28,5,RETURNED
10046,791,1086,2024-09-03,2024-09-17,2024-09-19,10,RETURNED
10047,1619,828,2023-09-10,2023-09-24,2023-09-22,0,RETURNED
10048,2211,751,2024-03-13,2024-03-27,,0,ISSUED
10049,2290,769,2024-03-19,2024-04-02,2024-04-07,25,RETURNED
10050,572,1694,2023-04-22,2023-05-06,2023-05-11,25,RETURNED
10051,694,1500,2024-04-03,2024-04-17,2024-04-19,10,RETURNED
10052,256,743,2024-07-27,2024-08-10,2024-08-20,50,RETURNED
10053,2054,697,2023-04-08,2023-04-22,2023-04-26,20,RETURNED
10054,141,899,2023-09-17,2023-10-01,2023-10-01,0,RETURNED
10055,692,1533,2024-11-28,2024-12-12,2024-12-15,15,RETURNED
10056,443,88,2024-09-07,2024-09-21,2024-09-24,15,RETURNED
10057,593,100,2023-10-16,2023-10-30,2023-10-31,5,RETURNED
10058,498,93,2023-08-02,2023-08-16,2023-08-24,40,RETURNED
10059,1232,1848,2025-03-14,2025-03-28,2025-04-03,30,RETURNED
10060,1698,458,2024-06-28,2024-07-12,2024-07-09,0,RETURNED
10061,1462,1260,2025-05-27,2025-06-10,2025-06-20,50,RETURNED
10062,716,1666,2024-02-12,2024-02-26,2024-02-21,0,RETURNED
10063,2850,416,2025-07-20,2025-08-03,2025-08-04,5,RETURNED
10064,1105,1213,2025-11-29,2025-12-13,2025-12-20,35,RETURNED
10065,1593,947,2025-08-07,2025-08-21,,0,OVERDUE
10066,2349,1932,2023-06-16,2023-06-30,,0,OVERDUE
10067,1228,1538,2023-07-12,2023-07-26,,0,ISSUED
10068,203,1958,2023-01-01,2023-01-15,2023-01-20,25,RETURNED
10069,208,195,2023-07-09,2023-07-23,2023-07-28,25,RETURNED
10070,457,8,2024-07-22,2024-08-05,2024-08-06,5,RETURNED
10071,1127,596,2025-01-27,2025-02-10,2025-02-10,0,RETURNED
10072,1252,662,2023-09-19,2023-10-03,2023-10-13,50,RETURNED
10073,2134,495,2023-08-09,2023-08-23,2023-08-18,0,RETURNED
10074,2926,269,2025-12-08,2025-12-22,2025-12-29,35,RETURNED
10075,1574,366,2023-06-22,2023-07-06,,0,OVERDUE
10076,2838,1303,2024-04-04,2024-04-18,2024-04-20,10,RETURNED
10077,642,411,2023-11-22,2023-12-06,,0,ISSUED
10078,389,1665,2023-04-18,2023-05-02,2023-05-12,50,RETURNED
10079,659,1058,2024-12-10,2024-12-24,2025-01-03,50,RETURNED
10080,2596,454,2024-03-24,2024-04-07,2024-04-07,0,RETURNED
10081,1629,724,2025-12-25,2026-01-08,2026-01-14,30,RETURNED
10082,2214,251,2023-05-26,2023-06-09,2023-06-06,0,RETURNED
10083,171,1483,2024-12-02,2024-12-16,2024-12-15,0,RETURNED
10084,662,1260,2025-02-07,2025-02-21,2025-03-01,40,RETURNED
10085,1460,546,2024-11-08,2024-11-22,2024-11-19,0,RETURNED
10086,2841,823,2025-03-23,2025-04-06,2025-04-08,10,RETURNED
10087,1315,771,2025-08-23,2025-09-06,2025-09-08,10,RETURNED
10088,2434,576,2023-05-28,2023-06-11,,0,ISSUED
10089,1292,360,2025-07-12,2025-07-26,,0,ISSUED
10090,1232,421,2025-05-07,2025-05-21,2025-05-23,10,RETURNED
10091,955,1742,2024-05-01,2024-05-15,2024-05-24,45,RETURNED
10092,716,918,2024-08-10,2024-08-24,2024-08-22,0,RETURNED
10093,744,1334,2023-05-21,2023-06-04,2023-06-03,0,RETURNED
10094,2019,1137,2023-09-18,2023-10-02,2023-09-29,0,RETURNED
10095,203,122,2024-07-15,2024-07-29,2024-08-02,20,RETURNED
10096,766,1678,2024-10-07,2024-10-21,2024-10-24,15,RETURNED
10097,2177,428,2025-12-21,2026-01-04,,0,OVERDUE
10098,2799,1847,2025-07-10,2025-07-24,2025-08-03,50,RETURNED
10099,2880,634,2025-01-12,2025-01-26,2025-02-02,35,RETURNED
10100,1778,1200,2025-11-12,2025-11-26,,0,OVERDUE
10101,1669,703,2024-08-07,2024-08-21,,0,OVERDUE
10102,1162,1441,2024-10-03,2024-10-17,2024-10-18,5,RETURNED
10103,1878,773,2025-02-24,2025-03-10,2025-03-13,15,RETURNED
10104,1849,458,2023-12-10,2023-12-24,2024-01-03,50,RETURNED
10105,2953,1961,2023-12-22,2024-01-05,2024-01-09,20,RETURNED
10106,429,1227,2025-01-14,2025-01-28,2025-01-25,0,RETURNED
10107,2429,1344,2023-09-05,2023-09-19,2023-09-21,10,RETURNED
10108,2782,422,2023-03-09,2023-03-23,,0,ISSUED
10109,407,1486,2024-05-01,2024-05-15,2024-05-21,30,RETURNED
10110,2358,1313,2024-01-29,2024-02-12,2024-02-14,10,RETURNED
10111,1622,1553,2023-07-02,2023-07-16,2023-07-20,20,RETURNED
10112,2159,1666,2023-08-23,2023-09-06,2023-09-03,0,RETURNED
10113,1753,160,2025-10-21,2025-11-04,2025-11-04,0,RETURNED
10114,2727,867,2023-10-03,2023-10-17,2023-10-26,45,RETURNED
10115,1991,1028,2023-05-16,2023-05-30,2023-06-01,10,RETURNED
10116,488,620,2023-03-23,2023-04-06,2023-04-09,15,RETURNED
10117,218,1225,2024-03-26,2024-04-09,,0,OVERDUE
10118,672,1227,2024-11-12,2024-11-26,2024-11-28,10,RETURNED
10119,186,228,2024-01-04,2024-01-18,2024-01-18,0,RETURNED
10120,1191,539,2024-01-08,2024-01-22,2024-01-31,45,RETURNED
10121,306,1351,2024-03-27,2024-04-10,2024-04-14,20,RETURNED
10122,571,694,2025-07-14,2025-07-28,2025-07-27,0,RETURNED
10123,90,1990,2023-12-12,2023-12-26,,0,ISSUED
10124,736,1116,2025-11-15,2025-11-29,2025-12-02,15,RETURNED
10125,2722,319,2023-08-19,2023-09-02,2023-09-03,5,RETURNED
10126,2088,872,2024-11-11,2024-11-25,2024-11-29,20,RETURNED
10127,696,1355,2025-05-15,2025-05-29,2025-06-02,20,RETURNED
10128,1324,1880,2025-01-13,2025-01-27,2025-01-26,0,RETURNED
10129,2245,3,2024-11-24,2024-12-08,,0,ISSUED
10130,2403,630,2024-03-13,2024-03-27,2024-03-31,20,RETURNED
10131,2620,1536,2023-04-30,2023-05-14,,0,OVERDUE
10132,419,1538,2023-03-03,2023-03-17,2023-03-20,15,RETURNED
10133,2353,1270,2023-11-05,2023-11-19,2023-11-24,25,RETURNED
10134,796,1311,2025-04-28,2025-05-12,,0,OVERDUE
10135,1628,320,2023-12-15,2023-12-29,2023-12-31,10,RETURNED
10136,982,681,2025-12-24,2026-01-07,2026-01-05,0,RETURNED
10137,2796,425,2025-11-14,2025-11-28,2025-12-01,15,RETURNED
10138,1959,231,2023-03-25,2023-04-08,2023-04-03,0,RETURNED
10139,2934,1352,2023-03-21,2023-04-04,2023-04-01,0,RETURNED
10140,1151,202,2024-04-24,2024-05-08,,0,OVERDUE
10141,211,1957,2024-12-29,2025-01-12,2025-01-07,0,RETURNED
10142,1627,710,2025-04-19,2025-05-03,2025-05-12,45,RETURNED
10143,2089,1354,2025-10-16,2025-10-30,2025-10-30,0,RETURNED
10144,1979,1711,2024-02-27,2024-03-12,2024-03-22,50,RETURNED
10145,578,213,2023-07-17,2023-07-31,2023-08-06,30,RETURNED
10146,539,1372,2023-11-14,2023-11-28,2023-11-30,10,RETURNED
10147,1671,574,2025-07-27,2025-08-10,,0,ISSUED
10148,390,1746,2025-02-16,2025-03-02,2025-02-25,0,RETURNED
10149,2630,1464,2023-09-24,2023-10-08,2023-10-16,40,RETURNED
10150,738,985,2025-03-01,2025-03-15,,0,OVERDUE
10151,387,1852,2024-02-22,2024-03-07,,0,OVERDUE
10152,2773,988,2023-09-27,2023-10-11,2023-10-20,45,RETURNED
10153,790,1018,2024-02-12,2024-02-26,,0,ISSUED
10154,2767,1887,2024-08-12,2024-08-26,2024-08-31,25,RETURNED
10155,2613,1480,2023-11-04,2023-11-18,2023-11-25,35,RETURNED
10156,1939,203,2023-09-15,2023-09-29,,0,ISSUED
10157,1432,1784,2025-01-30,2025-02-13,2025-02-11,0,RETURNED
10158,1898,45,2025-12-12,2025-12-26,2025-12-24,0,RETURNED
10159,2673,415,2025-11-16,2025-11-30,2025-12-02,10,RETURNED
10160,117,98,2023-03-21,2023-04-04,2023-04-13,45,RETURNED
10161,1802,1124,2023-12-31,2024-01-14,2024-01-19,25,RETURNED
10162,894,609,2023-06-09,2023-06-23,2023-06-26,15,RETURNED
10163,187,73,2024-09-30,2024-10-14,2024-10-17,15,RETURNED
10164,761,39,2024-04-18,2024-05-02,2024-05-10,40,RETURNED
10165,1173,1544,2025-08-18,2025-09-01,,0,OVERDUE
10166,172,16,2025-08-21,2025-09-04,,0,ISSUED
10167,1058,33,2025-03-31,2025-04-14,2025-04-19,25,RETURNED
10168,2536,46,2024-08-14,2024-08-28,2024-08-23,0,RETURNED
10169,1835,113,2025-01-06,2025-01-20,2025-01-22,10,RETURNED
10170,1686,358,2023-02-20,2023-03-06,2023-03-15,45,RETURNED
10171,170,605,2024-08-28,2024-09-11,2024-09-10,0,RETURNED
10172,2981,401,2023-05-01,2023-05-15,2023-05-25,50,RETURNED
10173,1711,519,2024-09-23,2024-10-07,2024-10-17,50,RETURNED
10174,2022,1376,2024-08-23,2024-09-06,2024-09-14,40,RETURNED
10175,841,98,2025-12-30,2026-01-13,2026-01-19,30,RETURNED
10176,1046,1140,2025-10-28,2025-11-11,2025-11-21,50,RETURNED
10177,1225,1657,2023-07-14,2023-07-28,2023-07-28,0,RETURNED
10178,542,1860,2025-07-07,2025-07-21,2025-07-19,0,RETURNED
10179,647,1402,2023-11-24,2023-12-08,2023-12-17,45,RETURNED
10180,95,1930,2023-05-18,2023-06-01,2023-06-09,40,RETURNED
10181,818,196,2025-11-08,2025-11-22,2025-11-21,0,RETURNED
10182,1191,1894,2023-05-04,2023-05-18,2023-05-16,0,RETURNED
10183,2781,1886,2023-09-19,2023-10-03,2023-10-12,45,RETURNED
10184,2337,651,2025-10-16,2025-10-30,2025-11-01,10,RETURNED
10185,1916,1453,2024-09-19,2024-10-03,2024-09-28,0,RETURNED
10186,722,500,2023-10-13,2023-10-27,,0,OVERDUE
10187,2737,8,2024-11-06,2024-11-20,,0,OVERDUE
10188,1308,1911,2025-02-07,2025-02-21,2025-02-25,20,RETURNED
10189,217,1294,2024-04-14,2024-04-28,,0,ISSUED
10190,748,674,2025-08-14,2025-08-28,2025-08-26,0,RETURNED
10191,107,1503,2023-09-11,2023-09-25,2023-09-24,0,RETURNED
10192,525,1362,2025-09-03,2025-09-17,2025-09-12,0,RETURNED
10193,1477,1392,2023-06-08,2023-06-22,2023-06-22,0,RETURNED
10194,854,832,2024-06-02,2024-06-16,2024-06-26,50,RETURNED
10195,1909,1252,2023-10-09,2023-10-23,2023-11-02,50,RETURNED
10196,1498,1458,2024-08-28,2024-09-11,2024-09-20,45,RETURNED
10197,733,128,2024-03-09,2024-03-23,2024-03-27,20,RETURNED
10198,831,1742,2024-02-11,2024-02-25,,0,OVERDUE
10199,1092,1073,2025-11-05,2025-11-19,2025-11-17,0,RETURNED
10200,950,335,2023-05-27,2023-06-10,,0,ISSUED
10201,2034,1099,2023-07-23,2023-08-06,2023-08-16,50,RETURNED
10202,292,1812,2023-12-03,2023-12-17,2023-12-23,30,RETURNED
10203,1819,1584,2024-02-27,2024-03-12,2024-03-19,35,RETURNED
10204,536,1029,2025-09-10,2025-09-24,,0,OVERDUE
10205,70,1619,2025-09-09,2025-09-23,2025-09-22,0,RETURNED
10206,334,1865,2025-05-03,2025-05-17,2025-05-19,10,RETURNED
10207,2271,122,2023-11-24,2023-12-08,2023-12-15,35,RETURNED
10208,687,1213,2023-03-25,2023-04-08,2023-04-06,0,RETURNED
10209,1424,643,2024-10-15,2024-10-29,2024-10-31,10,RETURNED
10210,1632,102,2024-11-02,2024-11-16,2024-11-23,35,RETURNED
10211,2166,799,2025-08-14,2025-08-28,,0,OVERDUE
10212,2615,639,2025-08-04,2025-08-18,2025-08-13,0,RETURNED
10213,1925,136,2024-03-11,2024-03-25,2024-03-31,30,RETURNED
10214,1024,119,2025-08-07,2025-08-21,2025-08-17,0,RETURNED
10215,1250,488,2025-11-04,2025-11-18,,0,OVERDUE
10216,1889,1038,2025-11-02,2025-11-16,,0,OVERDUE
10217,2957,1734,2023-06-02,2023-06-16,2023-06-11,0,RETURNED
10218,2300,560,2024-12-29,2025-01-12,2025-01-07,0,RETURNED
10219,2822,1920,2025-03-14,2025-03-28,2025-03-30,10,RETURNED
10220,2741,1481,2025-03-05,2025-03-19,2025-03-18,0,RETURNED
10221,532,200,2024-06-07,2024-06-21,,0,OVERDUE
10222,1629,667,2025-03-19,2025-04-02,2025-04-11,45,RETURNED
10223,1599,485,2023-11-02,2023-11-16,2023-11-17,5,RETURNED
10224,1980,617,2025-06-26,2025-07-10,,0,OVERDUE
10225,2134,188,2024-09-21,2024-10-05,,0,OVERDUE
10226,2387,1445,2025-02-20,2025-03-06,2025-03-12,30,RETURNED
10227,340,720,2025-08-10,2025-08-24,,0,ISSUED
10228,952,624,2023-02-13,2023-02-27,2023-02-24,0,RETURNED
10229,1490,1421,2023-09-06,2023-09-20,2023-09-19,0,RETURNED
10230,724,642,2023-11-26,2023-12-10,2023-12-14,20,RETURNED
10231,1024,435,2025-01-15,2025-01-29,2025-01-27,0,RETURNED
10232,923,93,2023-11-05,2023-11-19,2023-11-21,10,RETURNED
10233,1672,526,2023-09-18,2023-10-02,2023-09-28,0,RETURNED
10234,1317,1665,2023-05-20,2023-06-03,2023-06-11,40,RETURNED
10235,728,607,2024-06-18,2024-07-02,2024-07-11,45,RETURNED
10236,2997,465,2025-07-13,2025-07-27,2025-07-27,0,RETURNED
10237,709,1866,2023-01-01,2023-01-15,2023-01-10,0,RETURNED
10238,1891,189,2025-08-23,2025-09-06,2025-09-05,0,RETURNED
10239,60,917,2025-07-17,2025-07-31,2025-08-09,45,RETURNED
10240,289,1260,2023-06-27,2023-07-11,2023-07-17,30,RETURNED
10241,2671,720,2025-10-17,2025-10-31,2025-10-30,0,RETURNED
10242,385,1643,2023-11-21,2023-12-05,2023-12-05,0,RETURNED
10243,168,1177,2024-03-22,2024-04-05,2024-04-03,0,RETURNED
10244,1108,1296,2025-11-24,2025-12-08,,0,ISSUED
10245,1423,1652,2023-11-07,2023-11-21,,0,OVERDUE
10246,2857,1873,2023-09-15,2023-09-29,2023-09-26,0,RETURNED
10247,393,1335,2025-02-11,2025-02-25,2025-02-25,0,RETURNED
10248,576,1250,2025-03-08,2025-03-22,,0,ISSUED
10249,202,901,2024-12-05,2024-12-19,,0,ISSUED
10250,1068,19,2025-02-20,2025-03-06,2025-03-10,20,RETURNED
10251,1942,1374,2025-12-16,2025-12-30,2026-01-04,25,RETURNED
10252,1629,1836,2024-11-19,2024-12-03,2024-12-06,15,RETURNED
10253,2821,394,2023-11-05,2023-11-19,,0,ISSUED
10254,1423,399,2025-02-09,2025-02-23,2025-02-20,0,RETURNED
10255,423,1690,2025-01-27,2025-02-10,2025-02-17,35,RETURNED
10256,2384,545,2023-10-25,2023-11-08,2023-11-08,0,RETURNED
10257,2584,1422,2024-08-15,2024-08-29,2024-08-29,0,RETURNED
10258,2467,1606,2025-10-22,2025-11-05,2025-11-03,0,RETURNED
10259,2419,1855,2023-01-13,2023-01-27,2023-01-22,0,RETURNED
10260,2550,277,2023-11-26,2023-12-10,2023-12-09,0,RETURNED
10261,1835,882,2024-09-30,2024-10-14,2024-10-09,0,RETURNED
10262,1444,655,2023-04-22,2023-05-06,2023-05-09,15,RETURNED
10263,2576,1003,2023-04-07,2023-04-21,2023-04-23,10,RETURNED
10264,2056,593,2024-09-08,2024-09-22,,0,OVERDUE
10265,1310,1176,2025-12-17,2025-12-31,2026-01-01,5,RETURNED
10266,898,239,2024-01-16,2024-01-30,2024-02-03,20,RETURNED
10267,2359,875,2024-04-04,2024-04-18,2024-04-14,0,RETURNED
10268,330,1697,2023-12-21,2024-01-04,2024-01-01,0,RETURNED
10269,571,81,2023-07-28,2023-08-11,2023-08-11,0,RETURNED
10270,2646,147,2023-07-28,2023-08-11,2023-08-13,10,RETURNED
10271,2200,1982,2025-04-25,2025-05-09,2025-05-05,0,RETURNED
10272,1613,609,2023-09-05,2023-09-19,2023-09-23,20,RETURNED
10273,109,328,2024-05-23,2024-06-06,,0,ISSUED
10274,1586,1348,2025-11-14,2025-11-28,2025-11-25,0,RETURNED
10275,440,1140,2024-07-09,2024-07-23,,0,ISSUED
10276,2918,289,2024-12-01,2024-12-15,,0,ISSUED
10277,2143,879,2023-03-27,2023-04-10,,0,ISSUED
10278,40,498,2025-02-07,2025-02-21,2025-02-28,35,RETURNED
10279,459,1635,2023-07-17,2023-07-31,2023-07-31,0,RETURNED
10280,2186,1243,2023-02-05,2023-02-19,,0,OVERDUE
10281,1763,845,2024-01-24,2024-02-07,,0,ISSUED
10282,529,1427,2024-02-15,2024-02-29,2024-02-26,0,RETURNED
10283,1679,1492,2023-03-31,2023-04-14,2023-04-11,0,RETURNED
10284,975,1115,2023-08-30,2023-09-13,,0,ISSUED
10285,2624,735,2024-09-19,2024-10-03,2024-10-03,0,RETURNED
10286,389,885,2024-06-01,2024-06-15,2024-06-23,40,RETURNED
10287,800,1403,2023-05-24,2023-06-07,2023-06-03,0,RETURNED
10288,2681,1504,2023-10-31,2023-11-14,2023-11-24,50,RETURNED
10289,2394,1610,2024-03-21,2024-04-04,2024-04-04,0,RETURNED
10290,2359,633,2025-05-07,2025-05-21,2025-05-28,35,RETURNED
10291,2667,342,2023-08-02,2023-08-16,2023-08-17,5,RETURNED
10292,1217,1243,2024-12-07,2024-12-21,2024-12-23,10,RETURNED
10293,2810,1983,2023-07-24,2023-08-07,2023-08-09,10,RETURNED
10294,1786,838,2024-09-18,2024-10-02,2024-10-01,0,RETURNED
10295,1568,1128,2023-02-26,2023-03-12,2023-03-18,30,RETURNED
10296,2125,1414,2025-03-27,2025-04-10,2025-04-10,0,RETURNED
10297,328,860,2023-03-30,2023-04-13,,0,ISSUED
10298,2917,1120,2025-07-08,2025-07-22,2025-07-23,5,RETURNED
10299,993,1604,2025-04-01,2025-04-15,2025-04-11,0,RETURNED
10300,311,796,2023-09-01,2023-09-15,2023-09-14,0,RETURNED
10301,1321,94,2025-05-20,2025-06-03,2025-06-08,25,RETURNED
10302,2584,825,2023-05-17,2023-05-31,,0,ISSUED
10303,2478,1344,2025-10-25,2025-11-08,2025-11-11,15,RETURNED
10304,2663,119,2024-03-01,2024-03-15,2024-03-16,5,RETURNED
10305,1046,780,2024-01-14,2024-01-28,2024-02-06,45,RETURNED
10306,2474,908,2025-11-19,2025-12-03,2025-12-03,0,RETURNED
10307,1586,1511,2024-04-19,2024-05-03,2024-05-08,25,RETURNED
10308,2704,1551,2023-02-15,2023-03-01,,0,OVERDUE
10309,922,258,2025-11-13,2025-11-27,,0,OVERDUE
10310,2797,439,2025-07-26,2025-08-09,2025-08-12,15,RETURNED
10311,1195,1147,2023-01-29,2023-02-12,2023-02-09,0,RETURNED
10312,12,1415,2025-12-28,2026-01-11,,0,OVERDUE
10313,2162,1900,2025-05-23,2025-06-06,2025-06-01,0,RETURNED
10314,2962,1556,2025-03-27,2025-04-10,,0,ISSUED
10315,2833,412,2025-08-31,2025-09-14,2025-09-22,40,RETURNED
10316,448,1131,2024-02-16,2024-03-01,2024-03-07,30,RETURNED
10317,2828,983,2024-02-23,2024-03-08,,0,ISSUED
10318,639,723,2025-07-15,2025-07-29,2025-08-01,15,RETURNED
10319,374,1567,2025-06-17,2025-07-01,2025-07-04,15,RETURNED
10320,233,317,2023-01-23,2023-02-06,2023-02-09,15,RETURNED
10321,972,1190,2023-02-14,2023-02-28,2023-02-25,0,RETURNED
10322,2127,48,2025-08-23,2025-09-06,2025-09-09,15,RETURNED
10323,2919,1448,2024-12-29,2025-01-12,2025-01-09,0,RETURNED
10324,365,695,2025-07-26,2025-08-09,2025-08-19,50,RETURNED
10325,1586,576,2023-04-26,2023-05-10,2023-05-11,5,RETURNED
10326,2402,1576,2024-12-07,2024-12-21,2024-12-21,0,RETURNED
10327,556,1317,2024-02-12,2024-02-26,,0,OVERDUE
10328,2490,575,2023-10-01,2023-10-15,2023-10-14,0,RETURNED
10329,1042,199,2025-03-22,2025-04-05,2025-03-31,0,RETURNED
10330,2749,1219,2023-02-26,2023-03-12,2023-03-13,5,RETURNED
10331,2863,1489,2025-11-01,2025-11-15,2025-11-23,40,RETURNED
10332,2244,1939,2025-07-13,2025-07-27,,0,OVERDUE
10333,585,859,2024-04-05,2024-04-19,2024-04-20,5,RETURNED
10334,851,717,2023-08-30,2023-09-13,2023-09-09,0,RETURNED
10335,1254,698,2023-01-17,2023-01-31,2023-02-06,30,RETURNED
10336,545,699,2023-01-20,2023-02-03,2023-01-31,0,RETURNED
10337,800,979,2024-01-03,2024-01-17,2024-01-25,40,RETURNED
10338,1083,595,2025-07-17,2025-07-31,2025-08-03,15,RETURNED
10339,1126,642,2023-02-16,2023-03-02,,0,OVERDUE
10340,2961,1936,2025-06-18,2025-07-02,2025-06-27,0,RETURNED
10341,413,350,2024-02-28,2024-03-13,2024-03-12,0,RETURNED
10342,1125,815,2024-03-23,2024-04-06,,0,OVERDUE
10343,2438,378,2025-09-06,2025-09-20,2025-09-20,0,RETURNED
10344,2735,1364,2024-02-15,2024-02-29,2024-02-24,0,RETURNED
10345,2971,582,2023-02-07,2023-02-21,2023-02-24,15,RETURNED
10346,2805,1551,2023-06-04,2023-06-18,2023-06-22,20,RETURNED
10347,422,1288,2024-02-27,2024-03-12,,0,OVERDUE
10348,2231,189,2023-04-24,2023-05-08,2023-05-04,0,RETURNED
10349,1074,547,2024-08-11,2024-08-25,,0,OVERDUE
10350,2878,201,2023-05-02,2023-05-16,,0,OVERDUE
10351,2261,1739,2025-02-01,2025-02-15,2025-02-18,15,RETURNED
10352,824,1519,2025-11-12,2025-11-26,,0,OVERDUE
10353,1838,1786,2023-08-23,2023-09-06,2023-09-03,0,RETURNED
10354,1305,128,2024-06-04,2024-06-18,2024-06-18,0,RETURNED
10355,1948,740,2024-01-07,2024-01-21,2024-01-30,45,RETURNED
10356,2660,845,2023-11-05,2023-11-19,2023-11-21,10,RETURNED
10357,121,1584,2025-09-25,2025-10-09,2025-10-13,20,RETURNED
10358,408,502,2023-12-31,2024-01-14,2024-01-09,0,RETURNED
10359,2203,209,2024-08-07,2024-08-21,2024-08-18,0,RETURNED
10360,909,8,2024-04-20,2024-05-04,2024-05-10,30,RETURNED
10361,653,1310,2025-10-19,2025-11-02,2025-11-08,30,RETURNED
10362,1480,1014,2024-10-24,2024-11-07,2024-11-10,15,RETURNED
10363,315,1129,2023-02-18,2023-03-04,2023-02-28,0,RETURNED
10364,2976,190,2024-10-23,2024-11-06,2024-11-06,0,RETURNED
10365,1877,591,2023-03-05,2023-03-19,2023-03-24,25,RETURNED
10366,956,640,2023-10-17,2023-10-31,2023-11-08,40,RETURNED
10367,294,1448,2025-09-26,2025-10-10,2025-10-06,0,RETURNED
10368,2361,1433,2025-11-26,2025-12-10,,0,ISSUED
10369,2456,1305,2025-06-30,2025-07-14,2025-07-20,30,RETURNED
10370,2497,1776,2025-11-24,2025-12-08,2025-12-03,0,RETURNED
10371,2522,508,2023-01-01,2023-01-15,2023-01-22,35,RETURNED
10372,719,844,2024-12-29,2025-01-12,2025-01-11,0,RETURNED
10373,449,1329,2025-05-26,2025-06-09,,0,ISSUED
10374,2488,48,2024-05-30,2024-06-13,2024-06-19,30,RETURNED
10375,1444,1360,2023-09-16,2023-09-30,,0,ISSUED
10376,945,347,2025-05-20,2025-06-03,,0,OVERDUE
10377,1504,1859,2023-03-01,2023-03-15,2023-03-13,0,RETURNED
10378,1906,1263,2023-02-13,2023-02-27,,0,OVERDUE
10379,706,1727,2023-11-30,2023-12-14,,0,ISSUED
10380,553,690,2024-04-15,2024-04-29,2024-04-24,0,RETURNED
10381,1696,118,2024-04-28,2024-05-12,2024-05-16,20,RETURNED
10382,234,208,2025-01-21,2025-02-04,2025-02-06,10,RETURNED
10383,696,1719,2025-05-18,2025-06-01,2025-06-11,50,RETURNED
10384,1021,754,2025-03-10,2025-03-24,,0,ISSUED
10385,2781,173,2025-10-17,2025-10-31,2025-10-27,0,RETURNED
10386,1212,288,2024-08-30,2024-09-13,2024-09-20,35,RETURNED
10387,199,1857,2024-02-01,2024-02-15,2024-02-22,35,RETURNED
10388,823,725,2024-02-08,2024-02-22,2024-02-27,25,RETURNED
10389,2183,439,2024-06-09,2024-06-23,2024-06-23,0,RETURNED
10390,1234,1955,2024-04-27,2024-05-11,2024-05-16,25,RETURNED
10391,994,1303,2024-08-30,2024-09-13,,0,OVERDUE
10392,1554,1868,2023-09-18,2023-10-02,2023-10-04,10,RETURNED
10393,454,1617,2024-06-30,2024-07-14,2024-07-20,30,RETURNED
10394,660,1142,2025-03-25,2025-04-08,2025-04-15,35,RETURNED
10395,204,1251,2023-12-17,2023-12-31,2023-12-30,0,RETURNED
10396,1620,937,2024-04-22,2024-05-06,2024-05-06,0,RETURNED
10397,206,1958,2025-10-05,2025-10-19,2025-10-17,0,RETURNED
10398,2179,106,2025-01-03,2025-01-17,2025-01-23,30,RETURNED
10399,305,1589,2024-01-05,2024-01-19,2024-01-29,50,RETURNED
10400,1366,1633,2025-12-09,2025-12-23,2025-12-30,35,RETURNED
10401,988,1973,2023-07-26,2023-08-09,2023-08-15,30,RETURNED
10402,363,1140,2024-12-10,2024-12-24,2024-12-20,0,RETURNED
10403,1856,879,2023-05-19,2023-06-02,2023-06-01,0,RETURNED
10404,421,1896,2024-01-01,2024-01-15,2024-01-18,15,RETURNED
10405,1369,1633,2023-03-18,2023-04-01,,0,OVERDUE
10406,1657,228,2023-05-03,2023-05-17,2023-05-24,35,RETURNED
10407,2964,1765,2024-12-17,2024-12-31,2024-12-30,0,RETURNED
10408,1315,326,2024-02-29,2024-03-14,2024-03-12,0,RETURNED
10409,842,1089,2024-02-21,2024-03-06,2024-03-11,25,RETURNED
10410,1354,706,2024-10-13,2024-10-27,2024-10-31,20,RETURNED
10411,553,3,2025-11-07,2025-11-21,,0,ISSUED
10412,1479,1157,2024-08-25,2024-09-08,2024-09-06,0,RETURNED
10413,617,986,2023-07-03,2023-07-17,2023-07-25,40,RETURNED
10414,202,62,2025-11-26,2025-12-10,,0,OVERDUE
10415,2741,309,2025-08-25,2025-09-08,2025-09-13,25,RETURNED
10416,1683,865,2025-09-02,2025-09-16,2025-09-20,20,RETURNED
10417,1453,1286,2024-01-20,2024-02-03,2024-02-08,25,RETURNED
10418,1748,92,2023-04-26,2023-05-10,2023-05-12,10,RETURNED
10419,2756,673,2025-10-08,2025-10-22,2025-10-27,25,RETURNED
10420,1308,922,2023-01-14,2023-01-28,2023-02-02,25,RETURNED
10421,1823,141,2023-07-19,2023-08-02,2023-08-02,0,RETURNED
10422,2394,1147,2023-01-13,2023-01-27,2023-02-02,30,RETURNED
10423,2219,1994,2025-06-14,2025-06-28,2025-07-01,15,RETURNED
10424,1402,1502,2025-04-14,2025-04-28,,0,OVERDUE
10425,2169,1924,2023-04-09,2023-04-23,2023-04-26,15,RETURNED
10426,1953,1082,2024-09-15,2024-09-29,2024-09-30,5,RETURNED
10427,340,718,2025-11-17,2025-12-01,2025-12-08,35,RETURNED
10428,162,1985,2024-02-12,2024-02-26,2024-02-28,10,RETURNED
10429,2097,454,2024-01-05,2024-01-19,2024-01-22,15,RETURNED
10430,239,1278,2025-04-01,2025-04-15,2025-04-15,0,RETURNED
10431,98,1942,2025-11-28,2025-12-12,2025-12-14,10,RETURNED
10432,697,259,2023-01-31,2023-02-14,2023-02-14,0,RETURNED
10433,1296,1798,2023-11-23,2023-12-07,2023-12-06,0,RETURNED
10434,1879,1514,2023-07-22,2023-08-05,2023-08-03,0,RETURNED
10435,2705,35,2023-03-14,2023-03-28,2023-03-25,0,RETURNED
10436,206,1650,2025-03-02,2025-03-16,2025-03-16,0,RETURNED
10437,541,50,2024-06-14,2024-06-28,2024-06-26,0,RETURNED
10438,1659,334,2025-05-03,2025-05-17,2025-05-16,0,RETURNED
10439,2321,1761,2025-03-02,2025-03-16,2025-03-26,50,RETURNED
10440,2895,634,2025-09-06,2025-09-20,2025-09-29,45,RETURNED
10441,1379,164,2023-08-26,2023-09-09,2023-09-16,35,RETURNED
10442,2460,195,2023-11-17,2023-12-01,2023-12-05,20,RETURNED
10443,949,997,2023-08-28,2023-09-11,2023-09-16,25,RETURNED
10444,200,1965,2025-03-05,2025-03-19,2025-03-25,30,RETURNED
10445,1621,212,2024-09-19,2024-10-03,2024-10-07,20,RETURNED
10446,2717,1002,2024-11-07,2024-11-21,,0,OVERDUE
10447,2234,723,2023-08-17,2023-08-31,2023-08-27,0,RETURNED
10448,355,5,2025-02-14,2025-02-28,2025-02-26,0,RETURNED
10449,274,49,2023-01-08,2023-01-22,2023-02-01,50,RETURNED
10450,2722,1636,2023-10-05,2023-10-19,2023-10-28,45,RETURNED
10451,1906,1220,2025-04-03,2025-04-17,,0,OVERDUE
10452,551,633,2023-06-01,2023-06-15,2023-06-21,30,RETURNED
10453,2543,190,2023-07-07,2023-07-21,2023-07-29,40,RETURNED
10454,2806,1197,2025-03-23,2025-04-06,2025-04-07,5,RETURNED
10455,414,1935,2023-10-20,2023-11-03,2023-10-29,0,RETURNED
10456,1619,67,2025-07-06,2025-07-20,,0,OVERDUE
10457,55,1210,2023-02-05,2023-02-19,2023-02-14,0,RETURNED
10458,995,936,2025-04-04,2025-04-18,2025-04-17,0,RETURNED
10459,2641,1323,2024-01-05,2024-01-19,,0,OVERDUE
10460,1355,1772,2023-09-01,2023-09-15,2023-09-15,0,RETURNED
10461,1205,1799,2024-11-26,2024-12-10,2024-12-18,40,RETURNED
10462,1581,353,2024-12-24,2025-01-07,,0,ISSUED
10463,2071,1194,2025-12-31,2026-01-14,,0,OVERDUE
10464,448,1278,2025-07-15,2025-07-29,,0,OVERDUE
10465,469,1485,2025-09-15,2025-09-29,2025-09-26,0,RETURNED
10466,1337,1313,2024-12-19,2025-01-02,2025-01-01,0,RETURNED
10467,1518,489,2025-09-16,2025-09-30,2025-10-08,40,RETURNED
10468,2200,425,2025-07-21,2025-08-04,2025-07-31,0,RETURNED
10469,1744,1466,2025-05-21,2025-06-04,2025-06-11,35,RETURNED
10470,2774,864,2024-02-25,2024-03-10,2024-03-09,0,RETURNED
10471,1916,1137,2024-08-27,2024-09-10,2024-09-10,0,RETURNED
10472,1012,908,2024-11-11,2024-11-25,2024-12-02,35,RETURNED
10473,1571,649,2024-08-19,2024-09-02,2024-08-28,0,RETURNED
10474,2038,1345,2025-04-16,2025-04-30,,0,OVERDUE
10475,2582,1254,2025-08-01,2025-08-15,2025-08-13,0,RETURNED
10476,101,1082,2023-07-27,2023-08-10,2023-08-17,35,RETURNED
10477,2915,1513,2024-06-26,2024-07-10,2024-07-16,30,RETURNED
10478,1013,510,2024-10-14,2024-10-28,2024-11-04,35,RETURNED
10479,2279,917,2024-09-02,2024-09-16,,0,ISSUED
10480,1277,1758,2024-03-03,2024-03-17,2024-03-17,0,RETURNED
10481,805,1593,2023-07-14,2023-07-28,2023-08-05,40,RETURNED
10482,291,461,2025-05-26,2025-06-09,2025-06-10,5,RETURNED
10483,2478,576,2025-04-28,2025-05-12,2025-05-11,0,RETURNED
10484,597,801,2025-01-11,2025-01-25,2025-01-20,0,RETURNED
10485,755,1105,2024-07-27,2024-08-10,2024-08-17,35,RETURNED
10486,993,1195,2024-03-08,2024-03-22,2024-03-25,15,RETURNED
10487,978,982,2025-01-29,2025-02-12,2025-02-09,0,RETURNED
10488,467,489,2025-09-01,2025-09-15,2025-09-22,35,RETURNED
10489,1530,881,2023-02-08,2023-02-22,2023-03-03,45,RETURNED
10490,1987,1022,2025-01-30,2025-02-13,2025-02-09,0,RETURNED
10491,1426,804,2025-05-15,2025-05-29,2025-05-25,0,RETURNED
10492,2590,1294,2023-04-13,2023-04-27,,0,OVERDUE
10493,548,698,2024-04-02,2024-04-16,2024-04-16,0,RETURNED
10494,2022,901,2025-09-08,2025-09-22,2025-09-19,0,RETURNED
10495,397,836,2025-04-22,2025-05-06,2025-05-05,0,RETURNED
10496,292,200,2024-12-03,2024-12-17,2024-12-24,35,RETURNED
10497,2824,557,2025-09-24,2025-10-08,2025-10-15,35,RETURNED
10498,1516,1674,2023-03-24,2023-04-07,,0,OVERDUE
10499,2091,708,2023-04-07,2023-04-21,2023-04-23,10,RETURNED
10500,2151,1040,2023-08-13,2023-08-27,2023-09-05,45,RETURNED
10501,923,119,2023-11-29,2023-12-13,2023-12-11,0,RETURNED
10502,2203,192,2023-12-19,2024-01-02,2024-01-09,35,RETURNED
10503,2661,1884,2024-05-26,2024-06-09,2024-06-12,15,RETURNED
10504,1813,1210,2025-09-08,2025-09-22,,0,ISSUED
10505,2976,1348,2025-10-20,2025-11-03,2025-11-11,40,RETURNED
10506,2518,860,2023-11-06,2023-11-20,2023-11-27,35,RETURNED
10507,519,1614,2025-08-20,2025-09-03,2025-09-06,15,RETURNED
10508,2077,1647,2024-01-11,2024-01-25,2024-01-20,0,RETURNED
10509,1072,1814,2024-07-14,2024-07-28,2024-07-28,0,RETURNED
10510,2582,1298,2025-08-11,2025-08-25,2025-08-30,25,RETURNED
10511,1673,688,2024-04-14,2024-04-28,,0,OVERDUE
10512,344,831,2024-12-26,2025-01-09,,0,ISSUED
10513,1600,1430,2024-06-29,2024-07-13,,0,ISSUED
10514,657,1429,2023-01-08,2023-01-22,,0,ISSUED
10515,24,377,2025-10-10,2025-10-24,,0,OVERDUE
10516,2009,276,2024-11-28,2024-12-12,2024-12-12,0,RETURNED
10517,2509,1994,2025-04-13,2025-04-27,2025-04-25,0,RETURNED
10518,2210,672,2023-08-16,2023-08-30,2023-08-26,0,RETURNED
10519,1185,633,2025-01-03,2025-01-17,2025-01-21,20,RETURNED
10520,1862,178,2023-09-01,2023-09-15,2023-09-21,30,RETURNED
10521,623,1189,2024-07-28,2024-08-11,2024-08-10,0,RETURNED
10522,1399,139,2023-05-14,2023-05-28,,0,ISSUED
10523,1216,1360,2024-01-03,2024-01-17,2024-01-18,5,RETURNED
10524,991,542,2025-10-02,2025-10-16,2025-10-16,0,RETURNED
10525,690,1020,2025-04-30,2025-05-14,2025-05-17,15,RETURNED
10526,234,1415,2024-07-10,2024-07-24,,0,ISSUED
10527,578,1528,2025-07-04,2025-07-18,,0,ISSUED
10528,1758,1561,2025-10-03,2025-10-17,2025-10-18,5,RETURNED
10529,2521,1046,2024-03-15,2024-03-29,2024-03-28,0,RETURNED
10530,943,57,2024-04-10,2024-04-24,2024-04-25,5,RETURNED
10531,190,1188,2025-09-10,2025-09-24,2025-09-19,0,RETURNED
10532,439,1826,2024-10-05,2024-10-19,2024-10-17,0,RETURNED
10533,962,1126,2024-04-04,2024-04-18,2024-04-27,45,RETURNED
10534,2685,1737,2023-04-26,2023-05-10,2023-05-15,25,RETURNED
10535,878,1951,2023-05-30,2023-06-13,,0,OVERDUE
10536,1182,1201,2023-10-04,2023-10-18,2023-10-18,0,RETURNED
10537,206,1280,2025-05-19,2025-06-02,2025-06-07,25,RETURNED
10538,2840,730,2024-08-18,2024-09-01,2024-09-05,20,RETURNED
10539,1736,1349,2024-10-22,2024-11-05,2024-11-15,50,RETURNED
10540,1199,800,2025-01-08,2025-01-22,2025-01-19,0,RETURNED
10541,1542,102,2025-03-27,2025-04-10,2025-04-18,40,RETURNED
10542,1278,146,2025-11-04,2025-11-18,,0,OVERDUE
10543,281,1912,2025-09-03,2025-09-17,2025-09-17,0,RETURNED
10544,1920,728,2025-04-07,2025-04-21,,0,OVERDUE
10545,366,1451,2023-02-21,2023-03-07,,0,OVERDUE
10546,606,566,2023-12-04,2023-12-18,2023-12-25,35,RETURNED
10547,1110,1858,2023-03-22,2023-04-05,2023-04-13,40,RETURNED
10548,678,512,2024-06-04,2024-06-18,,0,ISSUED
10549,1620,1601,2025-07-08,2025-07-22,2025-07-24,10,RETURNED
10550,2054,3,2024-10-08,2024-10-22,2024-10-28,30,RETURNED
10551,2273,1362,2024-06-28,2024-07-12,2024-07-21,45,RETURNED
10552,2878,1612,2023-07-22,2023-08-05,2023-08-09,20,RETURNED
10553,494,242,2025-11-10,2025-11-24,2025-11-20,0,RETURNED
10554,1711,1174,2024-07-17,2024-07-31,2024-08-08,40,RETURNED
10555,2024,1857,2025-04-24,2025-05-08,,0,ISSUED
10556,291,1619,2023-04-24,2023-05-08,2023-05-12,20,RETURNED
10557,405,74,2024-12-15,2024-12-29,2024-12-24,0,RETURNED
10558,1610,795,2025-10-29,2025-11-12,2025-11-22,50,RETURNED
10559,374,1087,2023-06-14,2023-06-28,2023-07-05,35,RETURNED
10560,1047,655,2025-12-26,2026-01-09,2026-01-17,40,RETURNED
10561,1570,1801,2025-05-02,2025-05-16,2025-05-16,0,RETURNED
10562,1794,1850,2023-12-28,2024-01-11,2024-01-21,50,RETURNED
10563,492,585,2025-10-08,2025-10-22,2025-10-20,0,RETURNED
10564,604,1229,2024-07-21,2024-08-04,2024-08-03,0,RETURNED
10565,349,1554,2025-08-14,2025-08-28,2025-09-04,35,RETURNED
10566,638,315,2023-03-01,2023-03-15,,0,ISSUED
10567,1266,471,2024-12-08,2024-12-22,2024-12-26,20,RETURNED
10568,1378,400,2023-04-02,2023-04-16,2023-04-22,30,RETURNED
10569,1452,739,2023-09-05,2023-09-19,2023-09-16,0,RETURNED
10570,720,223,2025-06-23,2025-07-07,2025-07-05,0,RETURNED
10571,153,113,2024-06-18,2024-07-02,2024-06-29,0,RETURNED
10572,1024,1659,2025-10-13,2025-10-27,2025-10-29,10,RETURNED
10573,2031,566,2023-08-12,2023-08-26,,0,ISSUED
10574,626,1973,2023-03-02,2023-03-16,2023-03-26,50,RETURNED
10575,2620,1692,2024-05-26,2024-06-09,2024-06-10,5,RETURNED
10576,917,648,2023-03-07,2023-03-21,2023-03-17,0,RETURNED
10577,2147,1955,2025-11-27,2025-12-11,2025-12-16,25,RETURNED
10578,310,1520,2024-11-08,2024-11-22,2024-11-18,0,RETURNED
10579,1678,1547,2023-04-30,2023-05-14,2023-05-21,35,RETURNED
10580,2898,1128,2024-04-14,2024-04-28,2024-04-26,0,RETURNED
10581,1120,1305,2024-04-24,2024-05-08,2024-05-08,0,RETURNED
10582,2942,578,2024-06-28,2024-07-12,2024-07-19,35,RETURNED
10583,1297,1516,2023-05-25,2023-06-08,2023-06-04,0,RETURNED
10584,584,1309,2023-09-07,2023-09-21,2023-09-30,45,RETURNED
10585,2097,851,2025-05-04,2025-05-18,2025-05-19,5,RETURNED
10586,2958,1737,2024-12-12,2024-12-26,2025-01-03,40,RETURNED
10587,1658,1806,2023-01-13,2023-01-27,2023-02-01,25,RETURNED
10588,300,631,2023-07-30,2023-08-13,,0,OVERDUE
10589,578,185,2023-11-03,2023-11-17,2023-11-17,0,RETURNED
10590,301,1852,2024-01-07,2024-01-21,,0,OVERDUE
10591,1666,1858,2023-02-05,2023-02-19,2023-02-18,0,RETURNED
10592,1504,1499,2023-10-04,2023-10-18,2023-10-28,50,RETURNED
10593,561,1029,2024-01-31,2024-02-14,,0,OVERDUE
10594,2561,1203,2023-05-12,2023-05-26,2023-06-04,45,RETURNED
10595,2144,282,2024-05-04,2024-05-18,2024-05-18,0,RETURNED
10596,984,1967,2023-04-17,2023-05-01,2023-04-29,0,RETURNED
10597,2707,955,2023-12-09,2023-12-23,2023-12-30,35,RETURNED
10598,1,1138,2025-07-18,2025-08-01,2025-08-06,25,RETURNED
10599,1785,315,2024-04-05,2024-04-19,2024-04-24,25,RETURNED
10600,158,1204,2023-10-22,2023-11-05,,0,ISSUED
10601,1990,581,2025-09-13,2025-09-27,2025-09-24,0,RETURNED
10602,2854,173,2025-04-29,2025-05-13,2025-05-16,15,RETURNED
10603,102,935,2025-06-29,2025-07-13,2025-07-16,15,RETURNED
10604,619,935,2025-10-09,2025-10-23,2025-10-29,30,RETURNED
10605,1416,944,2023-05-05,2023-05-19,,0,ISSUED
10606,1213,1946,2024-02-19,2024-03-04,2024-03-06,10,RETURNED
10607,191,853,2025-11-30,2025-12-14,2025-12-09,0,RETURNED
10608,1732,753,2023-07-08,2023-07-22,2023-07-27,25,RETURNED
10609,332,1457,2023-04-13,2023-04-27,2023-04-27,0,RETURNED
10610,2,677,2024-09-07,2024-09-21,2024-09-26,25,RETURNED
10611,2441,376,2025-10-10,2025-10-24,2025-10-29,25,RETURNED
10612,1153,1790,2023-11-29,2023-12-13,,0,OVERDUE
10613,1124,668,2023-11-25,2023-12-09,2023-12-13,20,RETURNED
10614,2646,370,2025-06-20,2025-07-04,,0,ISSUED
10615,77,1251,2023-07-13,2023-07-27,2023-07-29,10,RETURNED
10616,2837,1962,2024-10-10,2024-10-24,2024-10-23,0,RETURNED
10617,2438,904,2023-08-04,2023-08-18,2023-08-14,0,RETURNED
10618,1902,1682,2025-02-07,2025-02-21,2025-02-20,0,RETURNED
10619,714,1406,2023-06-05,2023-06-19,2023-06-17,0,RETURNED
10620,1005,63,2025-12-21,2026-01-04,2026-01-02,0,RETURNED
10621,1731,1563,2024-03-01,2024-03-15,2024-03-18,15,RETURNED
10622,1284,632,2024-09-06,2024-09-20,,0,OVERDUE
10623,683,1996,2024-06-05,2024-06-19,2024-06-25,30,RETURNED
10624,690,428,2024-08-04,2024-08-18,2024-08-20,10,RETURNED
10625,2661,1934,2024-04-27,2024-05-11,,0,OVERDUE
10626,2467,1833,2025-07-01,2025-07-15,,0,OVERDUE
10627,517,422,2023-09-16,2023-09-30,2023-10-08,40,RETURNED
10628,2013,1798,2024-01-05,2024-01-19,2024-01-17,0,RETURNED
10629,2663,486,2024-11-28,2024-12-12,2024-12-20,40,RETURNED
10630,1788,288,2024-02-20,2024-03-05,2024-03-09,20,RETURNED
10631,52,825,2025-12-22,2026-01-05,2026-01-04,0,RETURNED
10632,172,652,2023-06-11,2023-06-25,,0,OVERDUE
10633,1195,1971,2025-11-26,2025-12-10,2025-12-18,40,RETURNED
10634,2423,373,2023-05-28,2023-06-11,,0,OVERDUE
10635,498,1993,2025-10-03,2025-10-17,2025-10-24,35,RETURNED
10636,994,1381,2024-05-01,2024-05-15,2024-05-19,20,RETURNED
10637,2496,855,2024-12-10,2024-12-24,2024-12-19,0,RETURNED
10638,117,187,2023-06-28,2023-07-12,2023-07-10,0,RETURNED
10639,2921,294,2025-06-28,2025-07-12,2025-07-18,30,RETURNED
10640,868,1782,2025-04-11,2025-04-25,2025-05-03,40,RETURNED
10641,917,1019,2024-05-21,2024-06-04,,0,ISSUED
10642,2256,1624,2023-07-22,2023-08-05,2023-08-04,0,RETURNED
10643,1193,281,2024-08-10,2024-08-24,2024-08-20,0,RETURNED
10644,1417,1082,2023-12-18,2024-01-01,2024-01-09,40,RETURNED
10645,2640,1210,2023-01-11,2023-01-25,2023-02-01,35,RETURNED
10646,2454,1947,2023-04-24,2023-05-08,2023-05-03,0,RETURNED
10647,1976,255,2023-09-29,2023-10-13,2023-10-20,35,RETURNED
10648,1222,839,2024-04-29,2024-05-13,2024-05-12,0,RETURNED
10649,789,419,2024-07-13,2024-07-27,,0,OVERDUE
10650,1365,1874,2025-12-20,2026-01-03,2026-01-02,0,RETURNED
10651,1011,879,2024-07-15,2024-07-29,2024-08-07,45,RETURNED
10652,2329,387,2024-09-09,2024-09-23,2024-10-02,45,RETURNED
10653,426,1405,2024-06-05,2024-06-19,2024-06-27,40,RETURNED
10654,2905,665,2024-01-16,2024-01-30,2024-02-06,35,RETURNED
10655,1794,1609,2023-01-28,2023-02-11,2023-02-17,30,RETURNED
10656,689,1293,2024-08-24,2024-09-07,2024-09-07,0,RETURNED
10657,1907,1138,2024-07-20,2024-08-03,2024-08-04,5,RETURNED
10658,1878,461,2023-08-17,2023-08-31,2023-09-01,5,RETURNED
10659,1054,1772,2023-08-24,2023-09-07,2023-09-04,0,RETURNED
10660,1507,555,2024-03-24,2024-04-07,,0,OVERDUE
10661,702,1076,2024-04-25,2024-05-09,,0,ISSUED
10662,2788,1789,2023-09-22,2023-10-06,2023-10-11,25,RETURNED
10663,697,787,2025-01-29,2025-02-12,2025-02-15,15,RETURNED
10664,1701,1737,2024-12-13,2024-12-27,2024-12-27,0,RETURNED
10665,615,364,2025-01-17,2025-01-31,2025-01-31,0,RETURNED
10666,2846,711,2024-01-25,2024-02-08,2024-02-03,0,RETURNED
10667,2255,587,2024-04-26,2024-05-10,2024-05-17,35,RETURNED
10668,1375,920,2025-07-17,2025-07-31,2025-08-09,45,RETURNED
10669,1686,944,2025-05-22,2025-06-05,2025-06-01,0,RETURNED
10670,2727,23,2024-12-16,2024-12-30,2025-01-03,20,RETURNED
10671,2061,149,2025-06-14,2025-06-28,2025-06-27,0,RETURNED
10672,810,679,2023-01-12,2023-01-26,2023-01-22,0,RETURNED
10673,2971,316,2025-11-10,2025-11-24,2025-11-24,0,RETURNED
10674,2497,1343,2024-05-16,2024-05-30,2024-05-30,0,RETURNED
10675,713,108,2025-04-20,2025-05-04,2025-05-10,30,RETURNED
10676,2198,1015,2024-07-25,2024-08-08,2024-08-06,0,RETURNED
10677,610,843,2023-01-12,2023-01-26,2023-01-27,5,RETURNED
10678,2139,1475,2025-07-19,2025-08-02,,0,OVERDUE
10679,383,673,2023-06-20,2023-07-04,2023-07-13,45,RETURNED
10680,1887,206,2025-02-02,2025-02-16,2025-02-11,0,RETURNED
10681,1198,1120,2023-06-03,2023-06-17,2023-06-19,10,RETURNED
10682,1656,719,2023-01-05,2023-01-19,2023-01-29,50,RETURNED
10683,1159,1886,2023-12-26,2024-01-09,2024-01-11,10,RETURNED
10684,2447,1646,2024-05-20,2024-06-03,2024-06-03,0,RETURNED
10685,243,505,2023-03-04,2023-03-18,,0,ISSUED
10686,2249,870,2023-04-16,2023-04-30,2023-05-10,50,RETURNED
10687,2964,629,2024-01-27,2024-02-10,2024-02-08,0,RETURNED
10688,2711,1702,2024-10-15,2024-10-29,,0,ISSUED
10689,301,425,2023-07-13,2023-07-27,2023-07-27,0,RETURNED
10690,2497,1636,2025-10-10,2025-10-24,,0,ISSUED
10691,977,33,2025-07-12,2025-07-26,2025-07-31,25,RETURNED
10692,205,88,2023-09-11,2023-09-25,2023-10-05,50,RETURNED
10693,212,1088,2023-06-21,2023-07-05,,0,ISSUED
10694,2472,1261,2025-10-06,2025-10-20,2025-10-23,15,RETURNED
10695,820,251,2023-06-26,2023-07-10,2023-07-07,0,RETURNED
10696,2152,512,2025-08-12,2025-08-26,,0,OVERDUE
10697,2143,484,2024-10-24,2024-11-07,2024-11-06,0,RETURNED
10698,446,1056,2023-01-04,2023-01-18,2023-01-21,15,RETURNED
10699,2937,20,2023-10-23,2023-11-06,2023-11-16,50,RETURNED
10700,887,535,2023-09-25,2023-10-09,2023-10-19,50,RETURNED
10701,2076,152,2024-11-15,2024-11-29,2024-11-29,0,RETURNED
10702,170,1069,2023-03-09,2023-03-23,2023-03-30,35,RETURNED
10703,664,1553,2024-06-24,2024-07-08,,0,ISSUED
10704,1122,843,2024-08-19,2024-09-02,2024-09-09,35,RETURNED
10705,2202,1433,2023-03-26,2023-04-09,,0,ISSUED
10706,841,509,2025-05-09,2025-05-23,2025-05-25,10,RETURNED
10707,519,99,2023-12-19,2024-01-02,2023-12-29,0,RETURNED
10708,2780,905,2025-11-29,2025-12-13,2025-12-20,35,RETURNED
10709,1003,1000,2025-08-22,2025-09-05,,0,ISSUED
10710,2076,503,2024-06-14,2024-06-28,,0,OVERDUE
10711,1912,734,2023-02-07,2023-02-21,,0,OVERDUE
10712,109,251,2023-09-17,2023-10-01,,0,ISSUED
10713,2148,734,2025-07-23,2025-08-06,,0,ISSUED
10714,2797,259,2024-12-10,2024-12-24,2024-12-26,10,RETURNED
10715,2247,1183,2025-10-24,2025-11-07,2025-11-14,35,RETURNED
10716,1906,282,2023-06-04,2023-06-18,2023-06-15,0,RETURNED
10717,1676,1420,2025-12-02,2025-12-16,2025-12-21,25,RETURNED
10718,2674,1453,2023-08-29,2023-09-12,2023-09-22,50,RETURNED
10719,1591,847,2025-10-10,2025-10-24,2025-10-23,0,RETURNED
10720,1212,1689,2025-07-03,2025-07-17,,0,OVERDUE
10721,2304,465,2025-09-17,2025-10-01,2025-10-07,30,RETURNED
10722,2671,1686,2023-06-03,2023-06-17,2023-06-16,0,RETURNED
10723,261,1093,2024-08-05,2024-08-19,,0,ISSUED
10724,2214,996,2023-05-20,2023-06-03,,0,ISSUED
10725,2337,1741,2025-02-20,2025-03-06,2025-03-12,30,RETURNED
10726,78,1260,2023-01-08,2023-01-22,2023-01-25,15,RETURNED
10727,2530,605,2023-11-15,2023-11-29,2023-12-08,45,RETURNED
10728,24,1969,2024-10-03,2024-10-17,2024-10-26,45,RETURNED
10729,2441,1650,2023-03-25,2023-04-08,,0,OVERDUE
10730,354,1168,2024-08-24,2024-09-07,2024-09-14,35,RETURNED
10731,2397,1887,2024-08-26,2024-09-09,2024-09-04,0,RETURNED
10732,2826,814,2025-03-30,2025-04-13,2025-04-18,25,RETURNED
10733,373,1227,2025-02-25,2025-03-11,2025-03-06,0,RETURNED
10734,2891,898,2024-03-03,2024-03-17,2024-03-24,35,RETURNED
10735,2517,1455,2025-08-19,2025-09-02,2025-08-29,0,RETURNED
10736,1345,1610,2024-11-02,2024-11-16,2024-11-16,0,RETURNED
10737,2172,1362,2023-03-17,2023-03-31,2023-04-09,45,RETURNED
10738,618,1964,2023-05-15,2023-05-29,2023-06-05,35,RETURNED
10739,925,1607,2023-11-05,2023-11-19,2023-11-28,45,RETURNED
10740,147,477,2023-07-06,2023-07-20,2023-07-28,40,RETURNED
10741,1810,887,2024-08-05,2024-08-19,2024-08-26,35,RETURNED
10742,314,1101,2023-11-24,2023-12-08,2023-12-09,5,RETURNED
10743,467,238,2024-05-13,2024-05-27,,0,ISSUED
10744,580,411,2023-05-31,2023-06-14,,0,ISSUED
10745,2254,1225,2025-10-19,2025-11-02,,0,ISSUED
10746,1802,1800,2025-07-18,2025-08-01,2025-08-07,30,RETURNED
10747,1456,552,2024-01-29,2024-02-12,2024-02-15,15,RETURNED
10748,253,1608,2025-10-09,2025-10-23,2025-10-25,10,RETURNED
10749,2448,821,2024-07-21,2024-08-04,,0,OVERDUE
10750,2855,165,2023-08-30,2023-09-13,2023-09-14,5,RETURNED
10751,2347,744,2024-07-12,2024-07-26,,0,ISSUED
10752,894,217,2023-11-19,2023-12-03,2023-12-06,15,RETURNED
10753,2624,571,2025-05-20,2025-06-03,,0,OVERDUE
10754,2459,331,2024-06-25,2024-07-09,2024-07-05,0,RETURNED
10755,539,1769,2025-08-09,2025-08-23,2025-08-29,30,RETURNED
10756,2553,370,2023-01-30,2023-02-13,2023-02-16,15,RETURNED
10757,2512,1763,2025-08-20,2025-09-03,2025-08-29,0,RETURNED
10758,1864,1377,2025-12-08,2025-12-22,2026-01-01,50,RETURNED
10759,1714,973,2025-07-05,2025-07-19,2025-07-27,40,RETURNED
10760,813,1462,2024-09-15,2024-09-29,2024-09-26,0,RETURNED
10761,445,705,2023-12-28,2024-01-11,2024-01-13,10,RETURNED
10762,714,1637,2024-09-18,2024-10-02,2024-09-28,0,RETURNED
10763,58,1801,2023-01-11,2023-01-25,2023-01-27,10,RETURNED
10764,1000,741,2023-10-01,2023-10-15,2023-10-10,0,RETURNED
10765,1954,724,2025-07-28,2025-08-11,,0,ISSUED
10766,520,1837,2023-02-11,2023-02-25,2023-03-05,40,RETURNED
10767,1565,1033,2024-08-23,2024-09-06,2024-09-13,35,RETURNED
10768,1022,862,2025-08-16,2025-08-30,2025-09-05,30,RETURNED
10769,2477,779,2025-11-16,2025-11-30,2025-11-28,0,RETURNED
10770,820,1929,2024-05-10,2024-05-24,,0,OVERDUE
10771,480,86,2024-04-11,2024-04-25,2024-04-21,0,RETURNED
10772,1940,216,2024-10-20,2024-11-03,2024-11-02,0,RETURNED
10773,2562,1524,2024-03-18,2024-04-01,,0,OVERDUE
10774,1261,1829,2025-09-16,2025-09-30,,0,OVERDUE
10775,250,633,2025-05-11,2025-05-25,2025-05-20,0,RETURNED
10776,770,1182,2024-06-12,2024-06-26,2024-06-24,0,RETURNED
10777,269,884,2023-09-24,2023-10-08,2023-10-06,0,RETURNED
10778,1647,395,2024-03-05,2024-03-19,2024-03-21,10,RETURNED
10779,2047,1050,2023-12-10,2023-12-24,,0,OVERDUE
10780,2917,312,2024-04-06,2024-04-20,2024-04-29,45,RETURNED
10781,2678,224,2023-12-15,2023-12-29,2023-12-24,0,RETURNED
10782,515,1066,2024-06-28,2024-07-12,2024-07-12,0,RETURNED
10783,2814,1003,2023-07-10,2023-07-24,2023-08-03,50,RETURNED
10784,2681,340,2025-01-23,2025-02-06,2025-02-09,15,RETURNED
10785,2183,1618,2023-06-10,2023-06-24,,0,OVERDUE
10786,2842,1418,2024-12-04,2024-12-18,2024-12-28,50,RETURNED
10787,368,379,2024-07-24,2024-08-07,,0,OVERDUE
10788,933,160,2024-07-27,2024-08-10,,0,ISSUED
10789,1222,1973,2023-08-18,2023-09-01,2023-08-31,0,RETURNED
10790,1963,1633,2024-04-21,2024-05-05,,0,OVERDUE
10791,752,1403,2024-10-18,2024-11-01,2024-11-05,20,RETURNED
10792,1771,964,2025-01-03,2025-01-17,2025-01-17,0,RETURNED
10793,2485,905,2025-04-08,2025-04-22,2025-05-01,45,RETURNED
10794,346,1476,2023-03-07,2023-03-21,2023-03-25,20,RETURNED
10795,2406,538,2024-08-09,2024-08-23,2024-08-25,10,RETURNED
10796,2302,1123,2023-09-16,2023-09-30,2023-10-06,30,RETURNED
10797,1589,1536,2023-09-01,2023-09-15,2023-09-11,0,RETURNED
10798,2268,75,2024-06-12,2024-06-26,,0,ISSUED
10799,454,1455,2024-08-16,2024-08-30,2024-08-26,0,RETURNED
10800,258,673,2024-03-26,2024-04-09,2024-04-14,25,RETURNED
10801,400,1401,2025-08-14,2025-08-28,2025-08-25,0,RETURNED
10802,2509,204,2024-02-25,2024-03-10,2024-03-13,15,RETURNED
10803,1013,328,2025-06-12,2025-06-26,2025-06-28,10,RETURNED
10804,1017,1826,2024-12-01,2024-12-15,2024-12-15,0,RETURNED
10805,1155,736,2025-06-13,2025-06-27,2025-06-25,0,RETURNED
10806,1978,584,2023-02-08,2023-02-22,2023-02-28,30,RETURNED
10807,944,273,2023-04-04,2023-04-18,2023-04-25,35,RETURNED
10808,568,190,2025-12-17,2025-12-31,2026-01-08,40,RETURNED
10809,2530,310,2024-08-08,2024-08-22,2024-08-22,0,RETURNED
10810,1560,641,2023-12-16,2023-12-30,2024-01-09,50,RETURNED
10811,749,907,2024-07-13,2024-07-27,2024-08-06,50,RETURNED
10812,2174,486,2025-04-15,2025-04-29,,0,ISSUED
10813,616,1739,2025-03-09,2025-03-23,,0,OVERDUE
10814,1744,347,2024-10-04,2024-10-18,2024-10-28,50,RETURNED
10815,1351,812,2024-03-21,2024-04-04,2024-03-31,0,RETURNED
10816,54,987,2023-07-23,2023-08-06,2023-08-03,0,RETURNED
10817,1121,1427,2023-01-20,2023-02-03,,0,ISSUED
10818,806,619,2023-08-18,2023-09-01,2023-09-01,0,RETURNED
10819,2533,902,2023-04-19,2023-05-03,2023-05-11,40,RETURNED
10820,2677,1395,2023-07-06,2023-07-20,,0,ISSUED
10821,2569,442,2023-12-25,2024-01-08,2024-01-09,5,RETURNED
10822,621,196,2023-07-21,2023-08-04,,0,ISSUED
10823,2165,1971,2023-10-22,2023-11-05,2023-11-15,50,RETURNED
10824,1045,143,2023-05-03,2023-05-17,2023-05-13,0,RETURNED
10825,2100,1008,2024-05-27,2024-06-10,2024-06-10,0,RETURNED
10826,2623,542,2025-12-17,2025-12-31,2025-12-26,0,RETURNED
10827,1823,575,2024-09-24,2024-10-08,2024-10-17,45,RETURNED
10828,1046,1848,2024-05-16,2024-05-30,,0,ISSUED
10829,1056,265,2024-02-14,2024-02-28,2024-02-27,0,RETURNED
10830,2083,1271,2023-01-11,2023-01-25,2023-01-30,25,RETURNED
10831,1646,116,2023-08-07,2023-08-21,2023-08-21,0,RETURNED
10832,2483,1359,2023-06-12,2023-06-26,2023-06-25,0,RETURNED
10833,1765,1652,2024-06-12,2024-06-26,2024-06-30,20,RETURNED
10834,1964,1237,2023-02-18,2023-03-04,2023-02-27,0,RETURNED
10835,2640,86,2025-10-05,2025-10-19,,0,OVERDUE
10836,1394,1296,2023-07-22,2023-08-05,2023-08-11,30,RETURNED
10837,1602,1646,2025-04-15,2025-04-29,2025-05-03,20,RETURNED
10838,2388,1589,2023-03-01,2023-03-15,,0,OVERDUE
10839,1886,1849,2023-05-27,2023-06-10,,0,OVERDUE
10840,2242,533,2023-01-06,2023-01-20,2023-01-23,15,RETURNED
10841,987,338,2024-05-24,2024-06-07,,0,ISSUED
10842,1185,499,2025-11-14,2025-11-28,2025-12-03,25,RETURNED
10843,1753,1338,2023-03-23,2023-04-06,2023-04-10,20,RETURNED
10844,1815,514,2024-07-18,2024-08-01,,0,OVERDUE
10845,2495,674,2025-06-26,2025-07-10,2025-07-13,15,RETURNED
10846,2370,1387,2023-05-15,2023-05-29,2023-06-08,50,RETURNED
10847,2684,1499,2025-10-25,2025-11-08,2025-11-04,0,RETURNED
10848,1773,1081,2025-11-20,2025-12-04,2025-12-12,40,RETURNED
10849,1592,514,2025-02-22,2025-03-08,2025-03-15,35,RETURNED
10850,971,1053,2024-07-28,2024-08-11,2024-08-14,15,RETURNED
10851,2696,15,2024-11-23,2024-12-07,2024-12-13,30,RETURNED
10852,2531,1351,2025-10-05,2025-10-19,2025-10-20,5,RETURNED
10853,831,176,2024-06-14,2024-06-28,2024-07-01,15,RETURNED
10854,2326,1341,2025-11-18,2025-12-02,2025-12-12,50,RETURNED
10855,1532,1717,2023-11-08,2023-11-22,2023-12-02,50,RETURNED
10856,138,32,2025-05-11,2025-05-25,,0,ISSUED
10857,1391,838,2023-07-12,2023-07-26,2023-08-04,45,RETURNED
10858,165,1026,2024-09-01,2024-09-15,2024-09-11,0,RETURNED
10859,1645,1044,2023-08-08,2023-08-22,2023-08-29,35,RETURNED
10860,2321,217,2025-01-30,2025-02-13,2025-02-17,20,RETURNED
10861,1207,1510,2025-01-25,2025-02-08,2025-02-14,30,RETURNED
10862,561,1065,2025-08-15,2025-08-29,2025-09-01,15,RETURNED
10863,2727,1516,2025-03-03,2025-03-17,,0,OVERDUE
10864,1236,851,2023-11-14,2023-11-28,2023-12-07,45,RETURNED
10865,1551,1626,2024-10-20,2024-11-03,2024-11-02,0,RETURNED
10866,2185,1536,2023-08-16,2023-08-30,2023-08-31,5,RETURNED
10867,950,301,2024-04-11,2024-04-25,2024-05-04,45,RETURNED
10868,2684,262,2025-07-23,2025-08-06,2025-08-09,15,RETURNED
10869,710,334,2024-05-18,2024-06-01,2024-05-27,0,RETURNED
10870,2148,854,2025-11-28,2025-12-12,2025-12-13,5,RETURNED
10871,1969,957,2023-05-26,2023-06-09,,0,OVERDUE
10872,105,1724,2023-10-30,2023-11-13,2023-11-22,45,RETURNED
10873,1400,750,2025-07-27,2025-08-10,2025-08-05,0,RETURNED
10874,1725,877,2024-02-02,2024-02-16,2024-02-22,30,RETURNED
10875,1143,1501,2025-10-18,2025-11-01,,0,OVERDUE
10876,2192,1913,2023-11-05,2023-11-19,2023-11-21,10,RETURNED
10877,20,1854,2023-03-21,2023-04-04,,0,OVERDUE
10878,1443,1455,2023-07-19,2023-08-02,2023-08-11,45,RETURNED
10879,1677,1170,2023-09-11,2023-09-25,2023-09-23,0,RETURNED
10880,949,1686,2023-08-06,2023-08-20,2023-08-30,50,RETURNED
10881,2796,532,2025-07-24,2025-08-07,2025-08-07,0,RETURNED
10882,300,849,2025-04-13,2025-04-27,2025-04-23,0,RETURNED
10883,1938,1642,2024-06-23,2024-07-07,2024-07-02,0,RETURNED
10884,2720,1810,2024-08-30,2024-09-13,,0,OVERDUE
10885,1904,539,2023-05-29,2023-06-12,2023-06-17,25,RETURNED
10886,2451,1488,2025-11-02,2025-11-16,2025-11-26,50,RETURNED
10887,2485,282,2024-09-16,2024-09-30,2024-10-05,25,RETURNED
10888,2673,975,2023-05-23,2023-06-06,2023-06-16,50,RETURNED
10889,98,745,2025-11-01,2025-11-15,2025-11-14,0,RETURNED
10890,1608,565,2024-03-03,2024-03-17,,0,OVERDUE
10891,83,868,2025-11-22,2025-12-06,,0,OVERDUE
10892,2010,1483,2024-12-02,2024-12-16,2024-12-18,10,RETURNED
10893,2780,987,2025-12-13,2025-12-27,2025-12-26,0,RETURNED
10894,24,72,2023-07-29,2023-08-12,2023-08-15,15,RETURNED
10895,504,1044,2024-08-22,2024-09-05,,0,OVERDUE
10896,1219,1394,2024-12-24,2025-01-07,2025-01-16,45,RETURNED
10897,1168,1874,2024-05-11,2024-05-25,2024-06-01,35,RETURNED
10898,267,1408,2024-07-15,2024-07-29,,0,OVERDUE
10899,532,1696,2023-02-13,2023-02-27,2023-03-01,10,RETURNED
10900,2925,329,2024-03-11,2024-03-25,2024-03-22,0,RETURNED
10901,2334,518,2024-07-04,2024-07-18,2024-07-25,35,RETURNED
10902,1074,748,2025-03-25,2025-04-08,2025-04-08,0,RETURNED
10903,1368,1908,2024-09-14,2024-09-28,,0,OVERDUE
10904,901,1365,2024-01-22,2024-02-05,2024-02-07,10,RETURNED
10905,989,1517,2024-11-17,2024-12-01,,0,ISSUED
10906,938,678,2025-11-02,2025-11-16,2025-11-18,10,RETURNED
10907,929,1078,2023-05-22,2023-06-05,2023-06-08,15,RETURNED
10908,1053,505,2023-01-11,2023-01-25,2023-01-23,0,RETURNED
10909,925,1128,2025-05-30,2025-06-13,2025-06-08,0,RETURNED
10910,1687,1665,2024-06-27,2024-07-11,2024-07-09,0,RETURNED
10911,435,1273,2024-09-21,2024-10-05,,0,OVERDUE
10912,2398,770,2025-05-17,2025-05-31,2025-06-07,35,RETURNED
10913,197,1224,2025-07-21,2025-08-04,2025-08-06,10,RETURNED
10914,1210,1248,2023-08-14,2023-08-28,2023-08-28,0,RETURNED
10915,2977,649,2023-05-02,2023-05-16,2023-05-19,15,RETURNED
10916,116,120,2024-05-01,2024-05-15,2024-05-22,35,RETURNED
10917,1387,523,2023-09-12,2023-09-26,2023-09-22,0,RETURNED
10918,1730,1771,2024-02-09,2024-02-23,2024-02-18,0,RETURNED
10919,2277,1124,2025-04-01,2025-04-15,2025-04-11,0,RETURNED
10920,293,885,2023-01-20,2023-02-03,2023-02-07,20,RETURNED
10921,2025,1819,2023-03-03,2023-03-17,,0,ISSUED
10922,914,578,2025-03-20,2025-04-03,2025-04-13,50,RETURNED
10923,949,1578,2025-09-14,2025-09-28,2025-10-01,15,RETURNED
10924,2301,954,2023-11-08,2023-11-22,2023-11-22,0,RETURNED
10925,1931,1563,2023-03-25,2023-04-08,2023-04-07,0,RETURNED
10926,1851,376,2024-02-03,2024-02-17,2024-02-27,50,RETURNED
10927,1565,1774,2025-08-04,2025-08-18,,0,OVERDUE
10928,2614,36,2025-12-28,2026-01-11,,0,OVERDUE
10929,1105,526,2023-01-13,2023-01-27,,0,OVERDUE
10930,930,1638,2025-07-03,2025-07-17,,0,OVERDUE
10931,732,1926,2024-02-10,2024-02-24,2024-03-05,50,RETURNED
10932,524,1364,2023-02-25,2023-03-11,2023-03-16,25,RETURNED
10933,653,1430,2025-07-29,2025-08-12,2025-08-07,0,RETURNED
10934,960,1699,2025-03-14,2025-03-28,2025-03-29,5,RETURNED
10935,199,1764,2025-07-06,2025-07-20,2025-07-24,20,RETURNED
10936,2330,1448,2024-10-23,2024-11-06,2024-11-14,40,RETURNED
10937,2865,73,2024-11-05,2024-11-19,,0,OVERDUE
10938,2720,1556,2023-05-30,2023-06-13,2023-06-12,0,RETURNED
10939,2443,1484,2023-10-19,2023-11-02,2023-11-09,35,RETURNED
10940,1707,532,2023-07-28,2023-08-11,2023-08-17,30,RETURNED
10941,69,89,2025-11-08,2025-11-22,2025-11-18,0,RETURNED
10942,1674,617,2025-10-22,2025-11-05,2025-11-13,40,RETURNED
10943,755,477,2025-01-07,2025-01-21,2025-01-23,10,RETURNED
10944,2233,910,2023-06-20,2023-07-04,2023-06-29,0,RETURNED
10945,2043,1708,2023-12-02,2023-12-16,2023-12-13,0,RETURNED
10946,107,1021,2023-09-01,2023-09-15,2023-09-13,0,RETURNED
10947,1540,1292,2024-09-20,2024-10-04,2024-10-09,25,RETURNED
10948,861,674,2024-05-17,2024-05-31,2024-05-29,0,RETURNED
10949,1286,730,2024-10-08,2024-10-22,,0,OVERDUE
10950,752,1167,2023-09-24,2023-10-08,2023-10-11,15,RETURNED
10951,193,1400,2023-04-14,2023-04-28,,0,OVERDUE
10952,1494,578,2025-05-02,2025-05-16,2025-05-26,50,RETURNED
10953,129,909,2024-11-18,2024-12-02,2024-11-30,0,RETURNED
10954,2555,407,2023-10-08,2023-10-22,2023-10-25,15,RETURNED
10955,1297,1489,2025-08-08,2025-08-22,2025-08-18,0,RETURNED
10956,684,1131,2024-04-21,2024-05-05,2024-05-13,40,RETURNED
10957,1188,283,2025-04-27,2025-05-11,2025-05-11,0,RETURNED
10958,1518,1489,2025-09-30,2025-10-14,2025-10-09,0,RETURNED
10959,1524,1215,2024-01-17,2024-01-31,,0,OVERDUE
10960,1760,21,2023-08-12,2023-08-26,2023-09-05,50,RETURNED
10961,2981,1340,2025-11-01,2025-11-15,,0,ISSUED
10962,1740,924,2023-08-16,2023-08-30,2023-09-04,25,RETURNED
10963,451,801,2025-05-21,2025-06-04,,0,ISSUED
10964,2611,513,2023-03-05,2023-03-19,2023-03-17,0,RETURNED
10965,62,287,2024-04-05,2024-04-19,2024-04-20,5,RETURNED
10966,1396,580,2025-04-29,2025-05-13,2025-05-16,15,RETURNED
10967,861,1992,2024-12-19,2025-01-02,2025-01-12,50,RETURNED
10968,771,512,2025-06-17,2025-07-01,2025-07-05,20,RETURNED
10969,600,1878,2025-09-12,2025-09-26,2025-10-05,45,RETURNED
10970,2776,662,2023-09-19,2023-10-03,,0,OVERDUE
10971,825,1772,2025-03-15,2025-03-29,,0,OVERDUE
10972,2372,994,2024-02-02,2024-02-16,2024-02-13,0,RETURNED
10973,2360,783,2025-06-08,2025-06-22,,0,OVERDUE
10974,1705,650,2025-11-10,2025-11-24,2025-11-22,0,RETURNED
10975,2023,1827,2024-02-09,2024-02-23,,0,ISSUED
10976,2630,1349,2024-06-19,2024-07-03,2024-07-12,45,RETURNED
10977,681,1941,2025-10-24,2025-11-07,2025-11-03,0,RETURNED
10978,712,1716,2024-07-13,2024-07-27,,0,ISSUED
10979,2216,592,2025-11-10,2025-11-24,2025-11-23,0,RETURNED
10980,1225,213,2024-04-23,2024-05-07,2024-05-15,40,RETURNED
10981,1821,611,2025-10-14,2025-10-28,2025-11-02,25,RETURNED
10982,1401,1383,2024-10-15,2024-10-29,2024-11-06,40,RETURNED
10983,1748,1289,2023-10-20,2023-11-03,2023-10-30,0,RETURNED
10984,683,870,2024-08-07,2024-08-21,2024-08-23,10,RETURNED
10985,1033,1664,2023-05-26,2023-06-09,,0,OVERDUE
10986,129,1663,2023-02-18,2023-03-04,2023-02-28,0,RETURNED
10987,2300,650,2024-11-19,2024-12-03,2024-12-05,10,RETURNED
10988,2449,861,2024-02-10,2024-02-24,2024-03-02,35,RETURNED
10989,1907,1660,2024-02-29,2024-03-14,2024-03-21,35,RETURNED
10990,372,682,2025-04-09,2025-04-23,2025-05-02,45,RETURNED
10991,83,506,2023-10-11,2023-10-25,2023-10-23,0,RETURNED
10992,791,905,2024-12-09,2024-12-23,2024-12-24,5,RETURNED
10993,153,445,2024-06-04,2024-06-18,2024-06-18,0,RETURNED
10994,2419,130,2023-07-22,2023-08-05,2023-08-02,0,RETURNED
10995,2073,957,2024-10-10,2024-10-24,2024-11-01,40,RETURNED
10996,734,1401,2025-06-09,2025-06-23,2025-06-19,0,RETURNED
10997,789,1461,2024-07-27,2024-08-10,2024-08-14,20,RETURNED
10998,1036,337,2025-06-03,2025-06-17,2025-06-20,15,RETURNED
10999,1247,683,2025-05-06,2025-05-20,2025-05-24,20,RETURNED
11000,334,1060,2024-03-24,2024-04-07,2024-04-07,0,RETURNED
11001,2052,1618,2025-07-03,2025-07-17,2025-07-19,10,RETURNED
11002,1474,1468,2024-05-03,2024-05-17,2024-05-25,40,RETURNED
11003,2896,1053,2023-04-13,2023-04-27,2023-04-25,0,RETURNED
11004,805,1918,2025-03-08,2025-03-22,2025-03-18,0,RETURNED
11005,2852,1353,2024-09-03,2024-09-17,2024-09-21,20,RETURNED
11006,1823,1275,2023-05-12,2023-05-26,2023-06-02,35,RETURNED
11007,991,775,2023-01-20,2023-02-03,,0,ISSUED
11008,2000,970,2024-09-16,2024-09-30,2024-09-29,0,RETURNED
11009,2961,112,2025-07-04,2025-07-18,2025-07-22,20,RETURNED
11010,2421,1423,2023-08-19,2023-09-02,,0,OVERDUE
11011,2368,160,2025-01-22,2025-02-05,2025-02-10,25,RETURNED
11012,1217,699,2024-01-23,2024-02-06,2024-02-16,50,RETURNED
11013,2101,144,2024-09-05,2024-09-19,2024-09-20,5,RETURNED
11014,1288,179,2025-11-28,2025-12-12,,0,ISSUED
11015,1262,1189,2023-10-28,2023-11-11,2023-11-17,30,RETURNED
11016,1528,1603,2023-03-08,2023-03-22,2023-03-28,30,RETURNED
11017,1825,536,2025-01-30,2025-02-13,2025-02-13,0,RETURNED
11018,2030,1708,2024-05-07,2024-05-21,2024-05-30,45,RETURNED
11019,427,1600,2023-12-30,2024-01-13,2024-01-16,15,RETURNED
11020,535,589,2025-12-21,2026-01-04,2025-12-30,0,RETURNED
11021,528,330,2023-03-11,2023-03-25,2023-03-30,25,RETURNED
11022,2148,879,2025-02-03,2025-02-17,2025-02-15,0,RETURNED
11023,1650,1138,2024-11-23,2024-12-07,2024-12-10,15,RETURNED
11024,727,964,2023-03-14,2023-03-28,2023-04-07,50,RETURNED
11025,1215,466,2024-06-01,2024-06-15,2024-06-18,15,RETURNED
11026,2683,1327,2024-05-09,2024-05-23,2024-05-22,0,RETURNED
11027,1363,140,2023-02-02,2023-02-16,2023-02-24,40,RETURNED
11028,497,1690,2024-04-22,2024-05-06,2024-05-12,30,RETURNED
11029,2326,1932,2023-04-02,2023-04-16,2023-04-18,10,RETURNED
11030,1360,444,2024-05-25,2024-06-08,2024-06-08,0,RETURNED
11031,249,1286,2023-12-26,2024-01-09,2024-01-04,0,RETURNED
11032,2947,1906,2025-01-13,2025-01-27,2025-02-01,25,RETURNED
11033,1023,104,2023-10-15,2023-10-29,2023-10-30,5,RETURNED
11034,648,1331,2024-06-15,2024-06-29,2024-06-24,0,RETURNED
11035,2578,111,2023-06-19,2023-07-03,2023-07-11,40,RETURNED
11036,1965,1974,2024-03-31,2024-04-14,,0,ISSUED
11037,1460,1970,2025-07-05,2025-07-19,2025-07-26,35,RETURNED
11038,2423,1451,2025-04-12,2025-04-26,,0,ISSUED
11039,31,99,2025-12-11,2025-12-25,2025-12-31,30,RETURNED
11040,682,279,2023-11-22,2023-12-06,2023-12-12,30,RETURNED
11041,1234,945,2024-09-12,2024-09-26,,0,ISSUED
11042,266,1627,2023-04-27,2023-05-11,2023-05-14,15,RETURNED
11043,1342,1453,2023-11-15,2023-11-29,2023-12-08,45,RETURNED
11044,1564,791,2025-03-19,2025-04-02,2025-04-12,50,RETURNED
11045,55,1684,2025-05-08,2025-05-22,,0,ISSUED
11046,1358,1446,2023-11-25,2023-12-09,2023-12-05,0,RETURNED
11047,2089,291,2023-03-30,2023-04-13,2023-04-21,40,RETURNED
11048,1396,547,2024-09-12,2024-09-26,2024-09-22,0,RETURNED
11049,248,996,2024-08-30,2024-09-13,2024-09-14,5,RETURNED
11050,2291,942,2024-08-13,2024-08-27,2024-08-31,20,RETURNED
11051,1111,801,2024-04-03,2024-04-17,2024-04-20,15,RETURNED
11052,301,86,2024-09-16,2024-09-30,2024-10-10,50,RETURNED
11053,1381,786,2023-11-19,2023-12-03,2023-12-07,20,RETURNED
11054,716,278,2024-04-04,2024-04-18,2024-04-28,50,RETURNED
11055,883,84,2024-12-24,2025-01-07,2025-01-11,20,RETURNED
11056,189,4,2024-03-04,2024-03-18,2024-03-22,20,RETURNED
11057,2075,1324,2024-10-19,2024-11-02,2024-11-09,35,RETURNED
11058,2145,1477,2025-07-27,2025-08-10,2025-08-16,30,RETURNED
11059,1900,820,2024-03-07,2024-03-21,2024-03-27,30,RETURNED
11060,531,415,2024-06-12,2024-06-26,2024-07-01,25,RETURNED
11061,1659,178,2025-09-28,2025-10-12,2025-10-17,25,RETURNED
11062,1023,1681,2024-10-27,2024-11-10,2024-11-20,50,RETURNED
11063,478,506,2023-10-11,2023-10-25,2023-11-04,50,RETURNED
11064,430,1357,2024-07-04,2024-07-18,2024-07-19,5,RETURNED
11065,2088,54,2023-09-05,2023-09-19,,0,ISSUED
11066,86,613,2025-12-02,2025-12-16,,0,ISSUED
11067,249,1442,2024-05-15,2024-05-29,2024-05-27,0,RETURNED
11068,1030,132,2025-10-29,2025-11-12,2025-11-18,30,RETURNED
11069,433,110,2024-10-16,2024-10-30,,0,ISSUED
11070,735,1872,2023-06-20,2023-07-04,,0,OVERDUE
11071,395,679,2025-07-23,2025-08-06,2025-08-11,25,RETURNED
11072,1889,1133,2025-03-30,2025-04-13,2025-04-21,40,RETURNED
11073,727,1169,2024-09-23,2024-10-07,2024-10-05,0,RETURNED
11074,1399,573,2024-02-20,2024-03-05,2024-03-15,50,RETURNED
11075,909,1588,2023-10-25,2023-11-08,2023-11-17,45,RETURNED
11076,934,636,2023-05-17,2023-05-31,2023-06-07,35,RETURNED
11077,1309,184,2025-05-11,2025-05-25,2025-05-20,0,RETURNED
11078,2098,1280,2023-05-18,2023-06-01,2023-06-01,0,RETURNED
11079,1067,1518,2023-11-29,2023-12-13,2023-12-21,40,RETURNED
11080,1277,1672,2024-07-27,2024-08-10,2024-08-13,15,RETURNED
11081,2699,1830,2025-12-27,2026-01-10,2026-01-13,15,RETURNED
11082,1564,301,2025-07-21,2025-08-04,2025-08-06,10,RETURNED
11083,8,2,2023-12-16,2023-12-30,2023-12-31,5,RETURNED
11084,789,915,2023-01-24,2023-02-07,2023-02-05,0,RETURNED
11085,1055,978,2024-01-17,2024-01-31,2024-01-27,0,RETURNED
11086,877,1080,2023-08-30,2023-09-13,2023-09-23,50,RETURNED
11087,87,1579,2025-07-30,2025-08-13,2025-08-12,0,RETURNED
11088,1730,1643,2025-11-22,2025-12-06,2025-12-04,0,RETURNED
11089,1617,1303,2025-09-10,2025-09-24,2025-10-01,35,RETURNED
11090,1729,1405,2024-11-30,2024-12-14,2024-12-17,15,RETURNED
11091,773,448,2023-01-03,2023-01-17,2023-01-17,0,RETURNED
11092,1241,887,2023-05-19,2023-06-02,,0,ISSUED
11093,1116,1020,2025-02-13,2025-02-27,2025-02-26,0,RETURNED
11094,877,378,2023-01-30,2023-02-13,2023-02-15,10,RETURNED
11095,2460,687,2024-04-05,2024-04-19,2024-04-27,40,RETURNED
11096,1178,1223,2025-10-02,2025-10-16,2025-10-24,40,RETURNED
11097,789,58,2023-07-16,2023-07-30,2023-08-02,15,RETURNED
11098,1391,732,2025-06-18,2025-07-02,2025-07-08,30,RETURNED
11099,1646,1132,2025-08-19,2025-09-02,2025-09-08,30,RETURNED
11100,1700,1693,2024-09-21,2024-10-05,2024-10-04,0,RETURNED
11101,1787,628,2025-06-22,2025-07-06,2025-07-16,50,RETURNED
11102,1014,28,2023-08-31,2023-09-14,2023-09-15,5,RETURNED
11103,1848,1083,2024-06-23,2024-07-07,2024-07-13,30,RETURNED
11104,289,1843,2024-06-29,2024-07-13,2024-07-16,15,RETURNED
11105,475,570,2025-12-29,2026-01-12,2026-01-08,0,RETURNED
11106,842,1768,2023-11-14,2023-11-28,2023-12-04,30,RETURNED
11107,1924,213,2025-10-12,2025-10-26,2025-10-22,0,RETURNED
11108,1637,480,2024-06-19,2024-07-03,,0,ISSUED
11109,938,1590,2023-04-04,2023-04-18,2023-04-25,35,RETURNED
11110,2691,1010,2025-11-19,2025-12-03,2025-11-28,0,RETURNED
11111,1669,618,2024-10-26,2024-11-09,,0,ISSUED
11112,2251,1922,2024-08-05,2024-08-19,2024-08-26,35,RETURNED
11113,1699,1932,2024-11-21,2024-12-05,2024-12-01,0,RETURNED
11114,2786,1294,2025-03-10,2025-03-24,,0,ISSUED
11115,83,472,2024-01-01,2024-01-15,2024-01-19,20,RETURNED
11116,918,1555,2023-07-07,2023-07-21,2023-07-26,25,RETURNED
11117,1192,532,2024-04-21,2024-05-05,2024-05-11,30,RETURNED
11118,1089,280,2024-05-16,2024-05-30,,0,OVERDUE
11119,2032,358,2023-08-17,2023-08-31,,0,ISSUED
11120,1543,1430,2025-04-07,2025-04-21,2025-04-17,0,RETURNED
11121,1196,1306,2024-10-07,2024-10-21,,0,ISSUED
11122,1371,1752,2023-03-30,2023-04-13,2023-04-18,25,RETURNED
11123,698,585,2025-06-11,2025-06-25,2025-06-27,10,RETURNED
11124,55,1775,2024-02-26,2024-03-11,2024-03-12,5,RETURNED
11125,928,1726,2023-12-23,2024-01-06,2024-01-10,20,RETURNED
11126,1393,1303,2023-04-11,2023-04-25,2023-04-30,25,RETURNED
11127,497,1404,2025-05-20,2025-06-03,,0,OVERDUE
11128,228,1104,2023-11-12,2023-11-26,,0,OVERDUE
11129,534,457,2024-07-27,2024-08-10,2024-08-14,20,RETURNED
11130,454,1789,2023-08-28,2023-09-11,2023-09-10,0,RETURNED
11131,2695,1125,2023-01-03,2023-01-17,2023-01-19,10,RETURNED
11132,2157,248,2025-04-21,2025-05-05,2025-05-15,50,RETURNED
11133,1849,1106,2023-09-22,2023-10-06,2023-10-16,50,RETURNED
11134,782,389,2025-01-18,2025-02-01,2025-01-30,0,RETURNED
11135,2051,160,2023-07-07,2023-07-21,2023-07-23,10,RETURNED
11136,871,231,2023-02-03,2023-02-17,2023-02-24,35,RETURNED
11137,832,1533,2025-07-10,2025-07-24,,0,OVERDUE
11138,188,433,2024-11-11,2024-11-25,2024-11-29,20,RETURNED
11139,2336,1106,2025-03-26,2025-04-09,,0,ISSUED
11140,280,13,2025-02-21,2025-03-07,2025-03-08,5,RETURNED
11141,909,1699,2025-07-06,2025-07-20,2025-07-21,5,RETURNED
11142,1925,1898,2023-02-14,2023-02-28,2023-03-03,15,RETURNED
11143,1429,188,2023-04-07,2023-04-21,2023-04-19,0,RETURNED
11144,400,1458,2024-05-13,2024-05-27,2024-05-29,10,RETURNED
11145,539,1282,2024-07-11,2024-07-25,2024-07-23,0,RETURNED
11146,2323,168,2023-03-24,2023-04-07,2023-04-04,0,RETURNED
11147,1168,250,2023-02-22,2023-03-08,2023-03-06,0,RETURNED
11148,1844,1376,2024-08-14,2024-08-28,2024-08-27,0,RETURNED
11149,2864,212,2023-07-21,2023-08-04,2023-08-06,10,RETURNED
11150,2264,519,2023-01-26,2023-02-09,2023-02-04,0,RETURNED
11151,2341,1369,2025-04-21,2025-05-05,2025-05-05,0,RETURNED
11152,1648,191,2024-10-13,2024-10-27,,0,OVERDUE
11153,1337,755,2024-09-07,2024-09-21,,0,ISSUED
11154,124,1245,2025-01-28,2025-02-11,2025-02-15,20,RETURNED
11155,112,897,2024-02-19,2024-03-04,2024-03-03,0,RETURNED
11156,1587,957,2024-06-02,2024-06-16,2024-06-11,0,RETURNED
11157,847,1527,2024-04-20,2024-05-04,2024-05-04,0,RETURNED
11158,2875,364,2025-05-02,2025-05-16,2025-05-17,5,RETURNED
11159,495,1577,2025-03-31,2025-04-14,2025-04-23,45,RETURNED
11160,2199,1721,2024-05-02,2024-05-16,2024-05-20,20,RETURNED
11161,2473,748,2024-06-14,2024-06-28,2024-07-06,40,RETURNED
11162,2702,568,2023-03-26,2023-04-09,2023-04-07,0,RETURNED
11163,2565,338,2025-10-14,2025-10-28,2025-11-02,25,RETURNED
11164,2938,792,2024-07-22,2024-08-05,,0,OVERDUE
11165,2963,290,2025-02-05,2025-02-19,2025-02-18,0,RETURNED
11166,862,254,2025-07-27,2025-08-10,2025-08-14,20,RETURNED
11167,2879,367,2025-08-13,2025-08-27,2025-08-27,0,RETURNED
11168,337,1185,2023-05-24,2023-06-07,2023-06-07,0,RETURNED
11169,678,788,2024-03-04,2024-03-18,,0,ISSUED
11170,1390,1366,2025-11-30,2025-12-14,2025-12-13,0,RETURNED
11171,1932,80,2024-11-01,2024-11-15,2024-11-13,0,RETURNED
11172,984,840,2025-07-08,2025-07-22,2025-07-30,40,RETURNED
11173,2185,1912,2024-08-30,2024-09-13,2024-09-23,50,RETURNED
11174,2186,1673,2024-02-10,2024-02-24,2024-02-25,5,RETURNED
11175,1864,1887,2024-08-16,2024-08-30,2024-09-08,45,RETURNED
11176,1869,721,2024-02-01,2024-02-15,2024-02-19,20,RETURNED
11177,1499,159,2023-10-13,2023-10-27,2023-10-28,5,RETURNED
11178,2495,370,2025-09-09,2025-09-23,2025-09-19,0,RETURNED
11179,727,510,2023-11-22,2023-12-06,,0,ISSUED
11180,2816,1695,2025-02-26,2025-03-12,,0,ISSUED
11181,1107,1352,2025-06-03,2025-06-17,2025-06-27,50,RETURNED
11182,539,1134,2023-01-17,2023-01-31,2023-01-28,0,RETURNED
11183,30,1272,2025-08-27,2025-09-10,2025-09-15,25,RETURNED
11184,2912,514,2023-11-04,2023-11-18,2023-11-23,25,RETURNED
11185,362,468,2023-03-05,2023-03-19,,0,OVERDUE
11186,2699,1684,2025-01-14,2025-01-28,,0,ISSUED
11187,143,852,2023-03-12,2023-03-26,2023-03-21,0,RETURNED
11188,423,740,2024-06-11,2024-06-25,2024-06-20,0,RETURNED
11189,2362,1793,2024-07-19,2024-08-02,2024-08-01,0,RETURNED
11190,2616,1251,2023-10-18,2023-11-01,,0,ISSUED
11191,1286,178,2024-09-26,2024-10-10,2024-10-13,15,RETURNED
11192,1124,1031,2025-12-18,2026-01-01,2026-01-01,0,RETURNED
11193,60,854,2025-12-09,2025-12-23,2025-12-28,25,RETURNED
11194,2150,591,2025-03-13,2025-03-27,2025-03-22,0,RETURNED
11195,2752,177,2025-03-22,2025-04-05,2025-04-04,0,RETURNED
11196,585,612,2023-05-24,2023-06-07,,0,ISSUED
11197,973,1852,2025-10-07,2025-10-21,2025-10-28,35,RETURNED
11198,2977,1941,2024-12-02,2024-12-16,2024-12-25,45,RETURNED
11199,2421,158,2023-03-23,2023-04-06,2023-04-07,5,RETURNED
11200,2336,1635,2023-12-27,2024-01-10,,0,ISSUED
11201,2603,1173,2023-02-20,2023-03-06,,0,ISSUED
11202,1567,1517,2025-08-04,2025-08-18,,0,OVERDUE
11203,2214,438,2023-07-29,2023-08-12,2023-08-07,0,RETURNED
11204,626,683,2024-04-03,2024-04-17,,0,OVERDUE
11205,1905,748,2025-02-02,2025-02-16,,0,OVERDUE
11206,1838,1611,2023-10-02,2023-10-16,,0,ISSUED
11207,208,510,2023-01-31,2023-02-14,2023-02-15,5,RETURNED
11208,2965,1056,2024-09-17,2024-10-01,,0,OVERDUE
11209,272,1923,2023-01-22,2023-02-05,2023-02-14,45,RETURNED
11210,1515,920,2025-01-29,2025-02-12,2025-02-18,30,RETURNED
11211,2393,1435,2024-03-13,2024-03-27,2024-04-06,50,RETURNED
11212,1436,1788,2023-10-09,2023-10-23,,0,OVERDUE
11213,2440,832,2025-05-30,2025-06-13,2025-06-14,5,RETURNED
11214,779,253,2024-01-17,2024-01-31,2024-02-09,45,RETURNED
11215,813,1173,2024-06-19,2024-07-03,2024-07-03,0,RETURNED
11216,2466,355,2025-07-04,2025-07-18,2025-07-16,0,RETURNED
11217,2602,258,2025-04-08,2025-04-22,2025-05-02,50,RETURNED
11218,746,1652,2024-01-21,2024-02-04,,0,ISSUED
11219,1814,33,2024-07-13,2024-07-27,2024-07-23,0,RETURNED
11220,830,285,2024-04-01,2024-04-15,,0,OVERDUE
11221,618,1092,2024-09-04,2024-09-18,2024-09-17,0,RETURNED
11222,666,915,2025-02-05,2025-02-19,,0,ISSUED
11223,2798,1482,2024-11-03,2024-11-17,2024-11-27,50,RETURNED
11224,2547,1079,2023-05-05,2023-05-19,2023-05-27,40,RETURNED
11225,297,1970,2025-05-08,2025-05-22,2025-05-29,35,RETURNED
11226,323,1547,2025-12-17,2025-12-31,,0,OVERDUE
11227,655,221,2023-10-25,2023-11-08,2023-11-07,0,RETURNED
11228,1112,897,2024-12-21,2025-01-04,2025-01-06,10,RETURNED
11229,763,1183,2024-06-08,2024-06-22,2024-06-19,0,RETURNED
11230,1537,410,2024-02-10,2024-02-24,2024-02-26,10,RETURNED
11231,586,1304,2023-10-07,2023-10-21,2023-10-23,10,RETURNED
11232,2256,1776,2023-09-27,2023-10-11,2023-10-16,25,RETURNED
11233,1576,1858,2024-09-27,2024-10-11,,0,ISSUED
11234,1502,802,2025-09-24,2025-10-08,2025-10-09,5,RETURNED
11235,1293,1985,2024-07-19,2024-08-02,2024-07-31,0,RETURNED
11236,652,1538,2024-05-31,2024-06-14,,0,OVERDUE
11237,2636,1432,2023-06-25,2023-07-09,2023-07-09,0,RETURNED
11238,2049,611,2024-10-09,2024-10-23,,0,ISSUED
11239,419,1183,2024-07-12,2024-07-26,2024-08-04,45,RETURNED
11240,261,903,2025-04-20,2025-05-04,2025-05-02,0,RETURNED
11241,1165,596,2025-02-09,2025-02-23,2025-02-21,0,RETURNED
11242,2932,997,2024-04-28,2024-05-12,2024-05-21,45,RETURNED
11243,2388,1976,2025-05-19,2025-06-02,2025-06-12,50,RETURNED
11244,524,1412,2025-11-23,2025-12-07,2025-12-11,20,RETURNED
11245,868,1797,2024-03-19,2024-04-02,2024-03-28,0,RETURNED
11246,1785,661,2024-05-29,2024-06-12,2024-06-21,45,RETURNED
11247,792,153,2024-05-23,2024-06-06,2024-06-05,0,RETURNED
11248,1932,1994,2025-08-25,2025-09-08,2025-09-13,25,RETURNED
11249,463,614,2024-12-03,2024-12-17,2024-12-25,40,RETURNED
11250,1023,1506,2023-08-11,2023-08-25,2023-09-03,45,RETURNED
11251,648,1384,2024-09-10,2024-09-24,2024-10-02,40,RETURNED
11252,652,1609,2024-08-14,2024-08-28,,0,ISSUED
11253,1468,1167,2023-11-02,2023-11-16,,0,OVERDUE
11254,2730,1727,2023-11-12,2023-11-26,2023-12-02,30,RETURNED
11255,959,936,2024-12-27,2025-01-10,2025-01-14,20,RETURNED
11256,2096,1063,2023-01-02,2023-01-16,2023-01-26,50,RETURNED
11257,2722,1548,2024-12-05,2024-12-19,2024-12-22,15,RETURNED
11258,1289,6,2025-08-12,2025-08-26,2025-08-21,0,RETURNED
11259,773,1922,2023-10-08,2023-10-22,2023-10-27,25,RETURNED
11260,1716,39,2024-03-01,2024-03-15,2024-03-16,5,RETURNED
11261,2796,1027,2023-02-04,2023-02-18,,0,ISSUED
11262,974,1938,2024-07-24,2024-08-07,2024-08-03,0,RETURNED
11263,2254,154,2024-03-01,2024-03-15,2024-03-12,0,RETURNED
11264,1308,709,2024-02-05,2024-02-19,2024-02-14,0,RETURNED
11265,2922,581,2024-07-16,2024-07-30,,0,OVERDUE
11266,2422,886,2025-02-18,2025-03-04,2025-03-12,40,RETURNED
11267,2807,1823,2024-12-24,2025-01-07,2025-01-07,0,RETURNED
11268,2304,1014,2023-11-03,2023-11-17,,0,OVERDUE
11269,1379,170,2024-05-26,2024-06-09,2024-06-11,10,RETURNED
11270,1942,417,2024-11-27,2024-12-11,2024-12-07,0,RETURNED
11271,1803,21,2023-08-05,2023-08-19,2023-08-29,50,RETURNED
11272,1605,18,2024-06-27,2024-07-11,2024-07-20,45,RETURNED
11273,2523,1180,2023-11-18,2023-12-02,2023-12-03,5,RETURNED
11274,15,569,2023-05-14,2023-05-28,2023-05-23,0,RETURNED
11275,1095,9,2025-02-06,2025-02-20,,0,ISSUED
11276,123,802,2024-06-04,2024-06-18,2024-06-13,0,RETURNED
11277,982,1668,2023-03-15,2023-03-29,2023-03-28,0,RETURNED
11278,1419,1570,2024-01-08,2024-01-22,2024-01-17,0,RETURNED
11279,656,1363,2024-04-01,2024-04-15,,0,ISSUED
11280,1092,1471,2025-10-12,2025-10-26,2025-10-27,5,RETURNED
11281,460,357,2023-02-09,2023-02-23,,0,OVERDUE
11282,1100,337,2023-11-06,2023-11-20,2023-11-21,5,RETURNED
11283,1080,1556,2024-08-22,2024-09-05,,0,ISSUED
11284,1288,1836,2023-04-08,2023-04-22,2023-04-28,30,RETURNED
11285,1141,848,2024-06-19,2024-07-03,2024-07-10,35,RETURNED
11286,122,1495,2024-02-16,2024-03-01,2024-03-09,40,RETURNED
11287,2732,1101,2025-05-01,2025-05-15,2025-05-12,0,RETURNED
11288,303,1064,2023-03-23,2023-04-06,2023-04-14,40,RETURNED
11289,2220,785,2024-05-11,2024-05-25,2024-06-04,50,RETURNED
11290,2255,1012,2025-01-21,2025-02-04,2025-02-05,5,RETURNED
11291,1891,1448,2024-10-24,2024-11-07,2024-11-05,0,RETURNED
11292,1577,1403,2023-11-25,2023-12-09,2023-12-08,0,RETURNED
11293,1471,1006,2024-05-22,2024-06-05,2024-06-08,15,RETURNED
11294,158,300,2025-01-22,2025-02-05,2025-02-02,0,RETURNED
11295,1521,768,2023-08-16,2023-08-30,2023-09-05,30,RETURNED
11296,110,211,2025-02-19,2025-03-05,,0,OVERDUE
11297,567,1039,2024-06-02,2024-06-16,2024-06-22,30,RETURNED
11298,1250,1433,2025-06-28,2025-07-12,2025-07-14,10,RETURNED
11299,147,110,2025-09-08,2025-09-22,2025-09-17,0,RETURNED
11300,1649,443,2025-05-31,2025-06-14,,0,ISSUED
11301,1972,693,2025-11-18,2025-12-02,,0,OVERDUE
11302,77,271,2025-09-08,2025-09-22,2025-09-19,0,RETURNED
11303,1281,1331,2023-04-27,2023-05-11,,0,OVERDUE
11304,2849,504,2023-06-05,2023-06-19,2023-06-21,10,RETURNED
11305,2265,943,2025-09-11,2025-09-25,,0,ISSUED
11306,1242,155,2024-11-16,2024-11-30,2024-12-10,50,RETURNED
11307,865,1361,2023-01-27,2023-02-10,2023-02-05,0,RETURNED
11308,2349,1507,2024-08-15,2024-08-29,2024-08-31,10,RETURNED
11309,1238,870,2023-09-24,2023-10-08,2023-10-18,50,RETURNED
11310,752,998,2024-02-27,2024-03-12,2024-03-16,20,RETURNED
11311,185,739,2023-02-27,2023-03-13,2023-03-22,45,RETURNED
11312,1705,1596,2024-05-26,2024-06-09,2024-06-08,0,RETURNED
11313,1519,354,2025-07-23,2025-08-06,2025-08-10,20,RETURNED
11314,2881,616,2023-01-10,2023-01-24,2023-01-30,30,RETURNED
11315,2541,870,2025-04-21,2025-05-05,2025-05-07,10,RETURNED
11316,1462,1364,2025-02-05,2025-02-19,,0,OVERDUE
11317,1534,476,2024-06-14,2024-06-28,2024-06-23,0,RETURNED
11318,2950,1915,2023-09-14,2023-09-28,,0,OVERDUE
11319,1335,1457,2023-01-05,2023-01-19,,0,OVERDUE
11320,2432,1401,2025-07-20,2025-08-03,,0,ISSUED
11321,2916,1866,2023-02-03,2023-02-17,,0,ISSUED
11322,2717,59,2025-11-26,2025-12-10,2025-12-07,0,RETURNED
11323,1086,1178,2023-08-20,2023-09-03,2023-09-05,10,RETURNED
11324,1358,292,2023-08-15,2023-08-29,2023-09-06,40,RETURNED
11325,1739,436,2023-07-31,2023-08-14,2023-08-24,50,RETURNED
11326,2419,1290,2025-04-02,2025-04-16,,0,ISSUED
11327,231,1109,2023-12-01,2023-12-15,2023-12-14,0,RETURNED
11328,1239,218,2023-06-22,2023-07-06,2023-07-01,0,RETURNED
11329,2327,1644,2023-12-17,2023-12-31,2023-12-27,0,RETURNED
11330,1147,825,2023-02-25,2023-03-11,2023-03-17,30,RETURNED
11331,1471,90,2024-03-31,2024-04-14,2024-04-21,35,RETURNED
11332,296,1279,2023-12-24,2024-01-07,2024-01-07,0,RETURNED
11333,1311,615,2025-11-09,2025-11-23,2025-11-24,5,RETURNED
11334,1706,105,2024-01-27,2024-02-10,2024-02-11,5,RETURNED
11335,312,126,2025-01-31,2025-02-14,2025-02-09,0,RETURNED
11336,2266,510,2024-08-13,2024-08-27,,0,ISSUED
11337,2678,2000,2025-04-12,2025-04-26,2025-04-27,5,RETURNED
11338,1896,635,2024-12-13,2024-12-27,,0,OVERDUE
11339,2490,658,2023-07-09,2023-07-23,2023-07-27,20,RETURNED
11340,2917,1667,2024-04-12,2024-04-26,2024-04-25,0,RETURNED
11341,1280,692,2024-04-16,2024-04-30,2024-04-27,0,RETURNED
11342,1424,995,2024-09-03,2024-09-17,2024-09-13,0,RETURNED
11343,538,1849,2025-04-17,2025-05-01,2025-05-08,35,RETURNED
11344,2572,1808,2024-07-26,2024-08-09,,0,ISSUED
11345,1101,816,2023-05-01,2023-05-15,2023-05-24,45,RETURNED
11346,2558,817,2024-02-14,2024-02-28,2024-02-24,0,RETURNED
11347,2252,1655,2024-05-17,2024-05-31,2024-05-28,0,RETURNED
11348,887,873,2024-05-24,2024-06-07,2024-06-05,0,RETURNED
11349,1773,950,2024-12-20,2025-01-03,2025-01-13,50,RETURNED
11350,2685,1089,2024-12-10,2024-12-24,2024-12-27,15,RETURNED
11351,1213,1158,2023-07-18,2023-08-01,,0,OVERDUE
11352,827,114,2024-04-28,2024-05-12,,0,OVERDUE
11353,2265,113,2024-05-12,2024-05-26,2024-06-01,30,RETURNED
11354,1878,1021,2023-04-19,2023-05-03,2023-04-30,0,RETURNED
11355,1367,282,2023-01-01,2023-01-15,2023-01-12,0,RETURNED
11356,1833,639,2024-11-14,2024-11-28,2024-12-01,15,RETURNED
11357,2433,767,2024-08-05,2024-08-19,2024-08-19,0,RETURNED
11358,1737,1277,2024-02-25,2024-03-10,2024-03-14,20,RETURNED
11359,1404,463,2024-06-12,2024-06-26,,0,ISSUED
11360,1245,898,2023-12-28,2024-01-11,,0,OVERDUE
11361,2697,1483,2023-03-31,2023-04-14,2023-04-13,0,RETURNED
11362,2872,1702,2024-06-07,2024-06-21,,0,ISSUED
11363,1901,645,2023-03-21,2023-04-04,2023-03-31,0,RETURNED
11364,130,282,2024-05-23,2024-06-06,2024-06-04,0,RETURNED
11365,1363,1673,2023-11-17,2023-12-01,2023-11-27,0,RETURNED
11366,638,362,2024-07-13,2024-07-27,2024-08-06,50,RETURNED
11367,1085,162,2023-02-12,2023-02-26,2023-02-26,0,RETURNED
11368,1035,1394,2025-03-26,2025-04-09,2025-04-17,40,RETURNED
11369,1787,261,2024-12-07,2024-12-21,2024-12-24,15,RETURNED
11370,2312,959,2023-05-18,2023-06-01,2023-05-29,0,RETURNED
11371,1490,481,2023-12-27,2024-01-10,2024-01-10,0,RETURNED
11372,596,879,2024-02-05,2024-02-19,2024-02-15,0,RETURNED
11373,852,1173,2024-04-03,2024-04-17,2024-04-23,30,RETURNED
11374,1279,1112,2024-01-29,2024-02-12,2024-02-17,25,RETURNED
11375,113,51,2025-05-04,2025-05-18,,0,ISSUED
11376,553,924,2024-09-22,2024-10-06,2024-10-08,10,RETURNED
11377,1734,1314,2023-01-31,2023-02-14,2023-02-18,20,RETURNED
11378,687,878,2024-11-13,2024-11-27,2024-12-02,25,RETURNED
11379,1500,1922,2024-02-29,2024-03-14,2024-03-14,0,RETURNED
11380,779,1237,2024-06-09,2024-06-23,2024-06-22,0,RETURNED
11381,2398,1992,2025-01-01,2025-01-15,2025-01-18,15,RETURNED
11382,513,1187,2025-03-27,2025-04-10,2025-04-08,0,RETURNED
11383,1330,1068,2024-10-08,2024-10-22,,0,ISSUED
11384,949,332,2023-02-23,2023-03-09,2023-03-19,50,RETURNED
11385,1100,539,2025-12-12,2025-12-26,2025-12-21,0,RETURNED
11386,2981,134,2023-11-11,2023-11-25,2023-11-30,25,RETURNED
11387,2216,1790,2024-08-11,2024-08-25,2024-08-27,10,RETURNED
11388,2231,1288,2024-11-14,2024-11-28,2024-12-05,35,RETURNED
11389,2925,1513,2025-04-23,2025-05-07,2025-05-11,20,RETURNED
11390,2414,385,2023-01-18,2023-02-01,2023-02-04,15,RETURNED
11391,941,1438,2025-03-04,2025-03-18,2025-03-20,10,RETURNED
11392,1153,142,2024-06-29,2024-07-13,2024-07-13,0,RETURNED
11393,2944,1080,2024-03-23,2024-04-06,2024-04-13,35,RETURNED
11394,1789,1307,2024-10-09,2024-10-23,2024-11-02,50,RETURNED
11395,2538,1400,2023-07-17,2023-07-31,2023-07-29,0,RETURNED
11396,135,592,2023-12-01,2023-12-15,,0,OVERDUE
11397,438,702,2025-11-29,2025-12-13,2025-12-22,45,RETURNED
11398,952,66,2024-12-23,2025-01-06,,0,ISSUED
11399,1287,1615,2025-06-20,2025-07-04,2025-07-01,0,RETURNED
11400,1304,758,2025-09-21,2025-10-05,2025-10-15,50,RETURNED
11401,2234,180,2024-02-23,2024-03-08,2024-03-05,0,RETURNED
11402,1490,1507,2023-02-21,2023-03-07,,0,ISSUED
11403,2107,1291,2023-04-25,2023-05-09,,0,OVERDUE
11404,1364,1270,2023-01-14,2023-01-28,,0,OVERDUE
11405,1747,626,2024-01-29,2024-02-12,2024-02-07,0,RETURNED
11406,3000,1490,2024-08-07,2024-08-21,2024-08-18,0,RETURNED
11407,2030,1627,2024-03-07,2024-03-21,2024-03-18,0,RETURNED
11408,1726,1124,2025-07-13,2025-07-27,,0,ISSUED
11409,2075,1603,2025-09-30,2025-10-14,2025-10-24,50,RETURNED
11410,2538,1522,2023-05-27,2023-06-10,,0,OVERDUE
11411,2667,4,2023-03-06,2023-03-20,2023-03-27,35,RETURNED
11412,2558,417,2025-03-26,2025-04-09,2025-04-08,0,RETURNED
11413,2467,984,2024-01-08,2024-01-22,,0,OVERDUE
11414,252,1265,2024-04-29,2024-05-13,2024-05-16,15,RETURNED
11415,1792,304,2025-05-04,2025-05-18,2025-05-19,5,RETURNED
11416,2701,1195,2023-07-11,2023-07-25,2023-07-20,0,RETURNED
11417,1590,606,2025-11-05,2025-11-19,2025-11-23,20,RETURNED
11418,337,1553,2023-11-08,2023-11-22,2023-12-02,50,RETURNED
11419,1458,1202,2025-07-04,2025-07-18,2025-07-24,30,RETURNED
11420,1772,1512,2023-02-16,2023-03-02,2023-03-02,0,RETURNED
11421,43,1661,2025-11-16,2025-11-30,2025-11-25,0,RETURNED
11422,1302,1038,2025-04-01,2025-04-15,,0,OVERDUE
11423,1654,356,2023-05-04,2023-05-18,2023-05-28,50,RETURNED
11424,2012,210,2023-11-03,2023-11-17,2023-11-17,0,RETURNED
11425,2199,1034,2024-03-29,2024-04-12,,0,OVERDUE
11426,987,1154,2025-04-20,2025-05-04,2025-04-30,0,RETURNED
11427,1820,1774,2025-06-03,2025-06-17,,0,OVERDUE
11428,814,537,2025-12-04,2025-12-18,2025-12-27,45,RETURNED
11429,678,696,2023-02-24,2023-03-10,2023-03-08,0,RETURNED
11430,2744,1429,2023-11-24,2023-12-08,,0,OVERDUE
11431,471,192,2024-11-07,2024-11-21,,0,OVERDUE
11432,1673,529,2023-12-22,2024-01-05,,0,OVERDUE
11433,2254,1877,2024-03-15,2024-03-29,2024-03-27,0,RETURNED
11434,749,1457,2024-08-31,2024-09-14,2024-09-20,30,RETURNED
11435,2257,1317,2024-05-15,2024-05-29,2024-05-25,0,RETURNED
11436,2913,918,2024-01-23,2024-02-06,2024-02-16,50,RETURNED
11437,2020,1173,2025-10-08,2025-10-22,,0,OVERDUE
11438,1785,413,2024-12-05,2024-12-19,,0,ISSUED
11439,1070,911,2023-08-21,2023-09-04,2023-09-14,50,RETURNED
11440,4,1615,2025-03-20,2025-04-03,2025-04-09,30,RETURNED
11441,2085,1478,2025-04-09,2025-04-23,2025-04-22,0,RETURNED
11442,2386,1619,2024-07-21,2024-08-04,2024-08-01,0,RETURNED
11443,596,1682,2024-01-25,2024-02-08,,0,OVERDUE
11444,817,881,2025-10-29,2025-11-12,,0,ISSUED
11445,1110,714,2024-03-15,2024-03-29,,0,ISSUED
11446,1717,16,2024-08-11,2024-08-25,2024-08-21,0,RETURNED
11447,1047,1545,2025-04-09,2025-04-23,2025-04-30,35,RETURNED
11448,1074,538,2025-06-15,2025-06-29,,0,OVERDUE
11449,2991,1406,2023-06-13,2023-06-27,,0,OVERDUE
11450,1693,655,2023-03-28,2023-04-11,2023-04-14,15,RETURNED
11451,1842,991,2025-05-23,2025-06-06,2025-06-09,15,RETURNED
11452,2702,1713,2024-04-11,2024-04-25,2024-05-04,45,RETURNED
11453,1453,561,2024-07-26,2024-08-09,2024-08-15,30,RETURNED
11454,1048,590,2024-04-01,2024-04-15,2024-04-13,0,RETURNED
11455,997,906,2023-08-14,2023-08-28,2023-09-03,30,RETURNED
11456,1377,1353,2024-05-29,2024-06-12,2024-06-08,0,RETURNED
11457,2886,687,2025-05-14,2025-05-28,2025-06-05,40,RETURNED
11458,2352,119,2024-08-21,2024-09-04,2024-09-07,15,RETURNED
11459,2628,30,2024-10-18,2024-11-01,2024-11-05,20,RETURNED
11460,1884,1797,2025-11-16,2025-11-30,2025-12-10,50,RETURNED
11461,2052,473,2024-08-07,2024-08-21,,0,OVERDUE
11462,1140,1812,2023-10-12,2023-10-26,,0,OVERDUE
11463,1341,189,2023-04-14,2023-04-28,2023-04-30,10,RETURNED
11464,2769,1470,2023-09-18,2023-10-02,2023-10-09,35,RETURNED
11465,22,1943,2024-10-05,2024-10-19,2024-10-27,40,RETURNED
11466,669,1931,2025-05-26,2025-06-09,2025-06-18,45,RETURNED
11467,565,1366,2024-11-24,2024-12-08,2024-12-09,5,RETURNED
11468,2653,1345,2024-06-10,2024-06-24,2024-06-27,15,RETURNED
11469,2178,1543,2024-09-20,2024-10-04,2024-10-05,5,RETURNED
11470,1224,705,2023-05-09,2023-05-23,2023-05-27,20,RETURNED
11471,452,651,2025-12-25,2026-01-08,2026-01-04,0,RETURNED
11472,102,1462,2024-08-03,2024-08-17,2024-08-21,20,RETURNED
11473,1829,199,2024-02-20,2024-03-05,2024-03-03,0,RETURNED
11474,815,1533,2025-02-06,2025-02-20,2025-02-23,15,RETURNED
11475,2842,1739,2025-12-21,2026-01-04,2025-12-31,0,RETURNED
11476,2269,500,2025-05-23,2025-06-06,2025-06-04,0,RETURNED
11477,1039,1164,2025-02-03,2025-02-17,2025-02-18,5,RETURNED
11478,2596,1971,2025-01-31,2025-02-14,,0,OVERDUE
11479,1438,604,2023-10-05,2023-10-19,2023-10-23,20,RETURNED
11480,1675,1144,2024-03-04,2024-03-18,,0,OVERDUE
11481,2021,261,2023-10-25,2023-11-08,2023-11-04,0,RETURNED
11482,1013,1279,2025-07-10,2025-07-24,2025-07-27,15,RETURNED
11483,499,1246,2025-08-10,2025-08-24,2025-09-01,40,RETURNED
11484,525,517,2025-05-19,2025-06-02,2025-05-28,0,RETURNED
11485,383,241,2023-05-17,2023-05-31,2023-05-30,0,RETURNED
11486,547,406,2025-09-27,2025-10-11,2025-10-19,40,RETURNED
11487,2735,707,2025-11-01,2025-11-15,,0,OVERDUE
11488,2676,1799,2025-07-07,2025-07-21,2025-07-24,15,RETURNED
11489,375,1630,2024-10-11,2024-10-25,2024-11-02,40,RETURNED
11490,1020,684,2024-04-16,2024-04-30,2024-04-28,0,RETURNED
11491,1799,431,2023-05-02,2023-05-16,,0,ISSUED
11492,291,821,2025-02-18,2025-03-04,2025-03-13,45,RETURNED
11493,563,1340,2024-04-02,2024-04-16,2024-04-18,10,RETURNED
11494,2115,827,2025-01-11,2025-01-25,2025-01-31,30,RETURNED
11495,1081,15,2023-12-17,2023-12-31,2024-01-02,10,RETURNED
11496,2279,1845,2025-05-13,2025-05-27,2025-05-24,0,RETURNED
11497,1564,421,2023-07-12,2023-07-26,2023-07-25,0,RETURNED
11498,1807,130,2025-07-10,2025-07-24,,0,ISSUED
11499,1663,961,2025-09-03,2025-09-17,,0,OVERDUE
11500,104,1448,2023-03-24,2023-04-07,,0,OVERDUE
11501,2789,1751,2025-07-21,2025-08-04,2025-08-10,30,RETURNED
11502,2229,69,2024-07-23,2024-08-06,2024-08-14,40,RETURNED
11503,87,1293,2024-05-16,2024-05-30,2024-06-06,35,RETURNED
11504,932,1939,2024-09-19,2024-10-03,2024-10-02,0,RETURNED
11505,620,1659,2025-04-03,2025-04-17,2025-04-23,30,RETURNED
11506,2247,964,2025-04-02,2025-04-16,2025-04-11,0,RETURNED
11507,1500,1802,2025-03-18,2025-04-01,2025-04-09,40,RETURNED
11508,1674,1747,2024-05-09,2024-05-23,,0,ISSUED
11509,1237,1585,2025-08-31,2025-09-14,2025-09-24,50,RETURNED
11510,1563,483,2023-02-15,2023-03-01,2023-02-25,0,RETURNED
11511,1520,1003,2025-04-27,2025-05-11,2025-05-17,30,RETURNED
11512,251,1051,2024-07-03,2024-07-17,2024-07-22,25,RETURNED
11513,2972,376,2025-06-11,2025-06-25,2025-06-21,0,RETURNED
11514,1341,237,2024-11-15,2024-11-29,2024-12-09,50,RETURNED
11515,2451,471,2023-11-18,2023-12-02,2023-11-30,0,RETURNED
11516,2040,1350,2025-12-06,2025-12-20,2025-12-22,10,RETURNED
11517,1074,298,2025-03-08,2025-03-22,2025-03-25,15,RETURNED
11518,141,1008,2023-07-30,2023-08-13,2023-08-16,15,RETURNED
11519,938,1300,2023-04-16,2023-04-30,2023-05-08,40,RETURNED
11520,2533,1627,2024-11-27,2024-12-11,2024-12-12,5,RETURNED
11521,1079,296,2025-05-01,2025-05-15,2025-05-15,0,RETURNED
11522,864,776,2025-04-17,2025-05-01,,0,OVERDUE
11523,2474,721,2025-12-25,2026-01-08,,0,ISSUED
11524,2172,1404,2025-05-04,2025-05-18,2025-05-20,10,RETURNED
11525,285,121,2025-12-18,2026-01-01,,0,ISSUED
11526,1992,153,2025-04-18,2025-05-02,2025-05-05,15,RETURNED
11527,253,677,2024-04-22,2024-05-06,2024-05-10,20,RETURNED
11528,2363,525,2025-11-01,2025-11-15,2025-11-21,30,RETURNED
11529,2274,1765,2024-03-06,2024-03-20,,0,ISSUED
11530,1869,1288,2023-04-08,2023-04-22,2023-04-26,20,RETURNED
11531,914,1395,2023-04-27,2023-05-11,2023-05-08,0,RETURNED
11532,51,93,2023-07-09,2023-07-23,2023-07-26,15,RETURNED
11533,753,508,2025-11-01,2025-11-15,2025-11-14,0,RETURNED
11534,2947,1384,2025-07-07,2025-07-21,2025-07-21,0,RETURNED
11535,81,63,2025-12-12,2025-12-26,2026-01-04,45,RETURNED
11536,1290,1938,2024-12-17,2024-12-31,,0,OVERDUE
11537,930,574,2024-01-26,2024-02-09,,0,ISSUED
11538,1472,1585,2025-10-23,2025-11-06,2025-11-05,0,RETURNED
11539,2444,1438,2024-09-29,2024-10-13,2024-10-17,20,RETURNED
11540,1706,1450,2023-11-29,2023-12-13,2023-12-19,30,RETURNED
11541,1602,121,2024-10-23,2024-11-06,2024-11-14,40,RETURNED
11542,2816,77,2025-07-29,2025-08-12,2025-08-16,20,RETURNED
11543,2698,663,2023-03-15,2023-03-29,2023-04-04,30,RETURNED
11544,2597,1350,2024-09-11,2024-09-25,2024-10-04,45,RETURNED
11545,487,1991,2024-09-13,2024-09-27,2024-10-06,45,RETURNED
11546,2895,669,2023-04-16,2023-04-30,2023-05-04,20,RETURNED
11547,59,1428,2024-07-25,2024-08-08,2024-08-08,0,RETURNED
11548,1467,556,2023-01-22,2023-02-05,2023-02-04,0,RETURNED
11549,901,192,2024-09-04,2024-09-18,2024-09-19,5,RETURNED
11550,32,1289,2024-09-13,2024-09-27,2024-09-29,10,RETURNED
11551,217,772,2025-03-08,2025-03-22,2025-03-28,30,RETURNED
11552,1346,1570,2023-08-25,2023-09-08,2023-09-08,0,RETURNED
11553,1666,1730,2024-04-23,2024-05-07,,0,OVERDUE
11554,474,967,2023-03-22,2023-04-05,2023-04-05,0,RETURNED
11555,2525,647,2024-07-30,2024-08-13,2024-08-11,0,RETURNED
11556,1753,447,2024-07-29,2024-08-12,2024-08-20,40,RETURNED
11557,2013,1003,2025-06-11,2025-06-25,2025-06-23,0,RETURNED
11558,443,94,2025-05-10,2025-05-24,2025-05-27,15,RETURNED
11559,2913,439,2024-02-04,2024-02-18,2024-02-25,35,RETURNED
11560,867,1767,2025-10-02,2025-10-16,2025-10-19,15,RETURNED
11561,2050,906,2025-01-04,2025-01-18,2025-01-13,0,RETURNED
11562,2089,265,2023-10-10,2023-10-24,2023-10-23,0,RETURNED
11563,1778,583,2023-08-03,2023-08-17,2023-08-16,0,RETURNED
11564,294,1728,2025-04-20,2025-05-04,2025-05-10,30,RETURNED
11565,12,1258,2023-12-14,2023-12-28,,0,OVERDUE
11566,2124,20,2023-08-11,2023-08-25,2023-09-04,50,RETURNED
11567,1419,1181,2025-03-08,2025-03-22,,0,ISSUED
11568,558,1894,2023-01-25,2023-02-08,2023-02-10,10,RETURNED
11569,2271,211,2023-04-04,2023-04-18,2023-04-24,30,RETURNED
11570,1984,900,2023-10-31,2023-11-14,2023-11-24,50,RETURNED
11571,820,1600,2023-11-05,2023-11-19,2023-11-27,40,RETURNED
11572,1698,766,2025-03-18,2025-04-01,,0,ISSUED
11573,2143,1402,2025-12-19,2026-01-02,2026-01-02,0,RETURNED
11574,1426,795,2023-10-03,2023-10-17,,0,ISSUED
11575,495,212,2024-09-19,2024-10-03,2024-09-29,0,RETURNED
11576,1487,414,2025-06-08,2025-06-22,2025-06-18,0,RETURNED
11577,1918,698,2024-02-29,2024-03-14,2024-03-24,50,RETURNED
11578,1320,1114,2023-05-24,2023-06-07,2023-06-06,0,RETURNED
11579,1780,983,2025-08-04,2025-08-18,2025-08-21,15,RETURNED
11580,2985,1606,2025-11-06,2025-11-20,2025-11-19,0,RETURNED
11581,1181,630,2023-04-11,2023-04-25,2023-04-23,0,RETURNED
11582,2044,884,2023-09-26,2023-10-10,2023-10-20,50,RETURNED
11583,2166,1714,2024-07-11,2024-07-25,2024-07-26,5,RETURNED
11584,1627,1447,2025-05-11,2025-05-25,2025-05-22,0,RETURNED
11585,2727,1946,2024-01-25,2024-02-08,2024-02-18,50,RETURNED
11586,1806,1448,2023-10-30,2023-11-13,2023-11-20,35,RETURNED
11587,919,1638,2023-04-23,2023-05-07,2023-05-02,0,RETURNED
11588,395,867,2025-09-25,2025-10-09,2025-10-11,10,RETURNED
11589,2424,1343,2025-03-22,2025-04-05,2025-04-14,45,RETURNED
11590,1308,170,2023-10-03,2023-10-17,,0,OVERDUE
11591,2026,1488,2023-01-05,2023-01-19,2023-01-23,20,RETURNED
11592,517,1937,2023-08-19,2023-09-02,2023-09-04,10,RETURNED
11593,2970,600,2023-06-21,2023-07-05,2023-07-12,35,RETURNED
11594,1769,1136,2023-03-30,2023-04-13,2023-04-11,0,RETURNED
11595,2660,284,2025-11-03,2025-11-17,2025-11-21,20,RETURNED
11596,795,795,2023-07-23,2023-08-06,,0,ISSUED
11597,1442,1578,2025-03-02,2025-03-16,2025-03-16,0,RETURNED
11598,401,1635,2025-02-20,2025-03-06,,0,OVERDUE
11599,2568,1961,2024-04-16,2024-04-30,2024-05-06,30,RETURNED
11600,1743,1111,2024-01-13,2024-01-27,2024-01-28,5,RETURNED
11601,6,462,2023-07-07,2023-07-21,,0,ISSUED
11602,1979,1770,2023-04-18,2023-05-02,2023-05-12,50,RETURNED
11603,1041,422,2025-08-30,2025-09-13,2025-09-13,0,RETURNED
11604,1276,345,2025-10-28,2025-11-11,2025-11-07,0,RETURNED
11605,1281,1512,2025-12-21,2026-01-04,2025-12-30,0,RETURNED
11606,970,1354,2025-03-26,2025-04-09,2025-04-11,10,RETURNED
11607,1467,1902,2025-05-21,2025-06-04,2025-06-08,20,RETURNED
11608,199,1254,2024-03-31,2024-04-14,,0,OVERDUE
11609,612,1721,2024-08-25,2024-09-08,2024-09-07,0,RETURNED
11610,1769,684,2023-10-18,2023-11-01,,0,ISSUED
11611,380,376,2023-03-27,2023-04-10,2023-04-11,5,RETURNED
11612,1241,1086,2023-10-14,2023-10-28,,0,OVERDUE
11613,931,817,2025-01-14,2025-01-28,2025-02-02,25,RETURNED
11614,1869,197,2025-11-02,2025-11-16,2025-11-22,30,RETURNED
11615,2501,1080,2025-02-27,2025-03-13,2025-03-20,35,RETURNED
11616,785,261,2023-08-31,2023-09-14,2023-09-19,25,RETURNED
11617,2707,1479,2024-11-23,2024-12-07,2024-12-07,0,RETURNED
11618,681,377,2025-09-15,2025-09-29,2025-10-04,25,RETURNED
11619,1855,1177,2023-10-13,2023-10-27,,0,OVERDUE
11620,1610,1306,2025-09-03,2025-09-17,,0,ISSUED
11621,2345,81,2024-10-10,2024-10-24,2024-10-30,30,RETURNED
11622,1924,181,2023-09-28,2023-10-12,2023-10-20,40,RETURNED
11623,815,512,2023-05-19,2023-06-02,,0,OVERDUE
11624,140,1323,2023-08-24,2023-09-07,,0,OVERDUE
11625,1329,1720,2023-02-05,2023-02-19,2023-02-25,30,RETURNED
11626,2397,1596,2023-01-21,2023-02-04,2023-01-30,0,RETURNED
11627,2654,625,2024-09-23,2024-10-07,2024-10-06,0,RETURNED
11628,2118,1198,2024-08-18,2024-09-01,2024-09-03,10,RETURNED
11629,1479,784,2024-12-26,2025-01-09,2025-01-18,45,RETURNED
11630,1773,1594,2024-06-14,2024-06-28,2024-07-01,15,RETURNED
11631,749,1722,2023-11-29,2023-12-13,2023-12-17,20,RETURNED
11632,2765,790,2025-04-12,2025-04-26,2025-05-02,30,RETURNED
11633,2657,1159,2023-07-19,2023-08-02,2023-07-30,0,RETURNED
11634,94,1105,2025-02-22,2025-03-08,2025-03-13,25,RETURNED
11635,2922,1065,2023-01-04,2023-01-18,,0,ISSUED
11636,178,1412,2025-01-07,2025-01-21,2025-01-18,0,RETURNED
11637,607,1955,2024-08-12,2024-08-26,,0,OVERDUE
11638,2460,71,2024-12-10,2024-12-24,2024-12-26,10,RETURNED
11639,787,568,2023-11-27,2023-12-11,2023-12-10,0,RETURNED
11640,215,1988,2024-02-25,2024-03-10,2024-03-10,0,RETURNED
11641,582,241,2025-12-12,2025-12-26,2026-01-01,30,RETURNED
11642,2561,216,2024-12-16,2024-12-30,2025-01-02,15,RETURNED
11643,1921,332,2025-08-14,2025-08-28,,0,ISSUED
11644,1147,1480,2025-05-05,2025-05-19,,0,ISSUED
11645,2213,1242,2023-09-06,2023-09-20,2023-09-24,20,RETURNED
11646,2009,445,2024-09-23,2024-10-07,,0,ISSUED
11647,1558,1579,2025-12-17,2025-12-31,,0,OVERDUE
11648,174,1990,2023-04-21,2023-05-05,2023-05-03,0,RETURNED
11649,1499,730,2023-01-07,2023-01-21,2023-01-23,10,RETURNED
11650,2079,355,2024-04-12,2024-04-26,,0,OVERDUE
11651,1007,562,2023-03-17,2023-03-31,2023-04-05,25,RETURNED
11652,161,232,2025-03-18,2025-04-01,,0,OVERDUE
11653,2508,1083,2025-03-03,2025-03-17,,0,ISSUED
11654,1144,1383,2025-11-27,2025-12-11,2025-12-15,20,RETURNED
11655,2268,1195,2024-12-18,2025-01-01,2025-01-01,0,RETURNED
11656,309,192,2023-08-21,2023-09-04,2023-09-06,10,RETURNED
11657,435,646,2025-08-04,2025-08-18,2025-08-14,0,RETURNED
11658,690,122,2024-10-30,2024-11-13,2024-11-21,40,RETURNED
11659,2912,832,2023-03-15,2023-03-29,2023-04-02,20,RETURNED
11660,126,229,2023-04-21,2023-05-05,2023-05-08,15,RETURNED
11661,1302,546,2023-10-09,2023-10-23,2023-10-23,0,RETURNED
11662,192,1700,2025-04-21,2025-05-05,2025-05-02,0,RETURNED
11663,220,1363,2025-11-08,2025-11-22,2025-11-25,15,RETURNED
11664,2041,105,2023-02-23,2023-03-09,2023-03-10,5,RETURNED
11665,2418,16,2024-07-29,2024-08-12,2024-08-07,0,RETURNED
11666,370,306,2025-10-06,2025-10-20,2025-10-29,45,RETURNED
11667,1801,166,2023-02-21,2023-03-07,,0,ISSUED
11668,1655,420,2024-05-19,2024-06-02,2024-06-01,0,RETURNED
11669,12,171,2024-06-02,2024-06-16,2024-06-14,0,RETURNED
11670,1656,1812,2024-02-04,2024-02-18,2024-02-13,0,RETURNED
11671,2025,1742,2025-10-02,2025-10-16,2025-10-12,0,RETURNED
11672,1376,1085,2024-06-02,2024-06-16,2024-06-15,0,RETURNED
11673,2452,229,2023-09-12,2023-09-26,2023-09-29,15,RETURNED
11674,960,68,2024-01-14,2024-01-28,2024-02-04,35,RETURNED
11675,43,1965,2023-03-23,2023-04-06,,0,OVERDUE
11676,2616,1120,2024-09-03,2024-09-17,2024-09-17,0,RETURNED
11677,1364,1297,2024-01-16,2024-01-30,2024-02-02,15,RETURNED
11678,2227,1079,2023-04-12,2023-04-26,2023-05-04,40,RETURNED
11679,2752,1696,2025-07-07,2025-07-21,,0,OVERDUE
11680,1815,1033,2024-11-01,2024-11-15,2024-11-12,0,RETURNED
11681,366,800,2025-07-22,2025-08-05,2025-08-13,40,RETURNED
11682,452,577,2024-03-03,2024-03-17,2024-03-20,15,RETURNED
11683,1519,405,2025-12-01,2025-12-15,2025-12-10,0,RETURNED
11684,1228,243,2024-04-27,2024-05-11,2024-05-15,20,RETURNED
11685,546,1623,2024-10-18,2024-11-01,,0,ISSUED
11686,762,223,2023-06-16,2023-06-30,2023-07-06,30,RETURNED
11687,1491,1032,2023-09-11,2023-09-25,2023-10-01,30,RETURNED
11688,329,1400,2024-01-06,2024-01-20,,0,OVERDUE
11689,585,1742,2025-04-27,2025-05-11,2025-05-07,0,RETURNED
11690,1779,143,2025-10-23,2025-11-06,2025-11-16,50,RETURNED
11691,622,202,2023-12-07,2023-12-21,2023-12-29,40,RETURNED
11692,1745,1523,2024-12-01,2024-12-15,2024-12-22,35,RETURNED
11693,154,333,2025-12-21,2026-01-04,,0,OVERDUE
11694,529,1592,2023-09-06,2023-09-20,2023-09-28,40,RETURNED
11695,299,1666,2025-02-10,2025-02-24,,0,OVERDUE
11696,2626,1279,2025-09-06,2025-09-20,2025-09-21,5,RETURNED
11697,495,1992,2023-09-06,2023-09-20,2023-09-17,0,RETURNED
11698,2326,1956,2024-01-18,2024-02-01,,0,ISSUED
11699,2935,1996,2025-04-27,2025-05-11,2025-05-06,0,RETURNED
11700,912,739,2023-05-14,2023-05-28,2023-06-03,30,RETURNED
11701,2467,1902,2024-05-31,2024-06-14,2024-06-19,25,RETURNED
11702,38,30,2023-07-13,2023-07-27,,0,OVERDUE
11703,2096,1928,2023-03-31,2023-04-14,2023-04-19,25,RETURNED
11704,2316,742,2025-08-05,2025-08-19,2025-08-19,0,RETURNED
11705,1811,477,2023-08-04,2023-08-18,2023-08-23,25,RETURNED
11706,547,1761,2023-08-17,2023-08-31,2023-09-02,10,RETURNED
11707,2096,1094,2023-02-10,2023-02-24,,0,OVERDUE
11708,2805,559,2025-11-28,2025-12-12,2025-12-16,20,RETURNED
11709,2482,758,2025-02-11,2025-02-25,2025-02-26,5,RETURNED
11710,410,251,2023-05-12,2023-05-26,,0,OVERDUE
11711,1904,1497,2025-12-17,2025-12-31,2025-12-31,0,RETURNED
11712,2853,200,2025-08-15,2025-08-29,,0,ISSUED
11713,889,1578,2025-11-03,2025-11-17,2025-11-19,10,RETURNED
11714,1633,1441,2025-03-16,2025-03-30,2025-03-27,0,RETURNED
11715,50,408,2023-03-25,2023-04-08,2023-04-09,5,RETURNED
11716,2094,1627,2024-05-04,2024-05-18,,0,OVERDUE
11717,1586,1627,2024-02-17,2024-03-02,2024-03-01,0,RETURNED
11718,1135,1603,2025-09-23,2025-10-07,,0,ISSUED
11719,154,114,2023-09-18,2023-10-02,2023-10-08,30,RETURNED
11720,1048,827,2024-07-16,2024-07-30,2024-08-08,45,RETURNED
11721,736,1105,2024-01-03,2024-01-17,2024-01-24,35,RETURNED
11722,19,1623,2025-02-15,2025-03-01,,0,OVERDUE
11723,1729,1484,2024-08-09,2024-08-23,2024-08-28,25,RETURNED
11724,1366,970,2024-05-31,2024-06-14,2024-06-24,50,RETURNED
11725,169,546,2023-10-25,2023-11-08,,0,OVERDUE
11726,2187,1831,2023-09-03,2023-09-17,2023-09-21,20,RETURNED
11727,2947,849,2023-11-11,2023-11-25,2023-11-20,0,RETURNED
11728,2870,769,2023-02-26,2023-03-12,2023-03-09,0,RETURNED
11729,2198,905,2023-11-19,2023-12-03,2023-12-06,15,RETURNED
11730,61,1541,2023-03-24,2023-04-07,2023-04-09,10,RETURNED
11731,825,303,2025-03-25,2025-04-08,2025-04-04,0,RETURNED
11732,2430,323,2025-09-15,2025-09-29,2025-10-06,35,RETURNED
11733,2541,350,2025-04-30,2025-05-14,2025-05-11,0,RETURNED
11734,2271,232,2023-08-09,2023-08-23,2023-08-21,0,RETURNED
11735,2593,1707,2024-01-04,2024-01-18,2024-01-16,0,RETURNED
11736,1601,1086,2024-05-14,2024-05-28,2024-05-25,0,RETURNED
11737,467,501,2024-03-08,2024-03-22,2024-03-20,0,RETURNED
11738,521,402,2024-07-06,2024-07-20,2024-07-15,0,RETURNED
11739,2838,1610,2023-05-20,2023-06-03,2023-06-10,35,RETURNED
11740,1580,1430,2025-01-26,2025-02-09,,0,ISSUED
11741,1190,378,2023-04-29,2023-05-13,2023-05-16,15,RETURNED
11742,2231,320,2024-10-05,2024-10-19,2024-10-19,0,RETURNED
11743,908,1652,2024-12-17,2024-12-31,,0,OVERDUE
11744,50,1643,2025-03-29,2025-04-12,2025-04-13,5,RETURNED
11745,1342,1921,2023-04-04,2023-04-18,2023-04-16,0,RETURNED
11746,666,1993,2023-02-11,2023-02-25,2023-02-24,0,RETURNED
11747,830,929,2024-07-27,2024-08-10,2024-08-16,30,RETURNED
11748,1941,912,2025-05-05,2025-05-19,2025-05-20,5,RETURNED
11749,2352,1022,2024-12-05,2024-12-19,2024-12-20,5,RETURNED
11750,845,1548,2024-12-08,2024-12-22,2024-12-25,15,RETURNED
11751,2730,1774,2025-12-23,2026-01-06,2026-01-03,0,RETURNED
11752,2538,128,2024-08-03,2024-08-17,2024-08-23,30,RETURNED
11753,159,851,2024-01-08,2024-01-22,,0,ISSUED
11754,1072,972,2023-08-21,2023-09-04,2023-09-07,15,RETURNED
11755,536,1764,2023-12-25,2024-01-08,,0,OVERDUE
11756,2234,1457,2025-04-21,2025-05-05,2025-04-30,0,RETURNED
11757,2396,1491,2025-01-12,2025-01-26,2025-01-26,0,RETURNED
11758,1065,1885,2025-03-09,2025-03-23,,0,OVERDUE
11759,2853,1543,2023-01-26,2023-02-09,2023-02-16,35,RETURNED
11760,618,857,2023-05-03,2023-05-17,2023-05-25,40,RETURNED
11761,291,357,2024-07-15,2024-07-29,2024-07-28,0,RETURNED
11762,1546,1931,2025-04-29,2025-05-13,2025-05-15,10,RETURNED
11763,222,1448,2025-04-30,2025-05-14,2025-05-15,5,RETURNED
11764,531,269,2025-06-23,2025-07-07,2025-07-09,10,RETURNED
11765,1760,1176,2023-08-23,2023-09-06,2023-09-08,10,RETURNED
11766,893,1535,2025-03-26,2025-04-09,2025-04-08,0,RETURNED
11767,2565,1438,2025-04-12,2025-04-26,2025-05-06,50,RETURNED
11768,2422,208,2024-12-13,2024-12-27,,0,ISSUED
11769,2203,1034,2024-03-09,2024-03-23,,0,OVERDUE
11770,1786,1293,2023-11-30,2023-12-14,,0,ISSUED
11771,1335,1495,2024-04-02,2024-04-16,2024-04-11,0,RETURNED
11772,2435,272,2025-09-19,2025-10-03,2025-10-06,15,RETURNED
11773,1221,1636,2025-01-15,2025-01-29,2025-02-04,30,RETURNED
11774,58,1951,2023-09-09,2023-09-23,2023-09-21,0,RETURNED
11775,1703,494,2024-09-08,2024-09-22,,0,ISSUED
11776,2236,278,2023-05-03,2023-05-17,2023-05-14,0,RETURNED
11777,442,127,2025-05-27,2025-06-10,2025-06-10,0,RETURNED
11778,1818,537,2023-03-14,2023-03-28,2023-03-28,0,RETURNED
11779,1793,1451,2025-10-28,2025-11-11,2025-11-06,0,RETURNED
11780,36,1184,2025-10-07,2025-10-21,2025-10-28,35,RETURNED
11781,2425,1677,2025-12-20,2026-01-03,,0,ISSUED
11782,1650,1320,2023-05-04,2023-05-18,2023-05-23,25,RETURNED
11783,1400,734,2025-01-10,2025-01-24,2025-02-03,50,RETURNED
11784,2049,19,2024-05-17,2024-05-31,2024-06-09,45,RETURNED
11785,1134,1981,2023-04-22,2023-05-06,2023-05-07,5,RETURNED
11786,2492,818,2025-08-11,2025-08-25,2025-08-31,30,RETURNED
11787,2974,972,2025-06-09,2025-06-23,2025-06-22,0,RETURNED
11788,2108,1044,2024-12-21,2025-01-04,2025-01-03,0,RETURNED
11789,2234,1962,2024-11-01,2024-11-15,,0,OVERDUE
11790,1916,449,2025-07-23,2025-08-06,2025-08-14,40,RETURNED
11791,199,715,2025-12-04,2025-12-18,2025-12-16,0,RETURNED
11792,2756,261,2023-01-04,2023-01-18,,0,ISSUED
11793,711,1077,2025-11-10,2025-11-24,2025-11-21,0,RETURNED
11794,28,1469,2025-11-08,2025-11-22,2025-11-29,35,RETURNED
11795,2873,1517,2025-10-29,2025-11-12,2025-11-17,25,RETURNED
11796,2047,21,2025-04-01,2025-04-15,2025-04-18,15,RETURNED
11797,2776,1914,2023-04-11,2023-04-25,,0,OVERDUE
11798,656,1488,2025-05-05,2025-05-19,2025-05-14,0,RETURNED
11799,2614,1823,2023-01-06,2023-01-20,2023-01-17,0,RETURNED
11800,104,310,2025-03-02,2025-03-16,,0,ISSUED
11801,2767,259,2023-01-06,2023-01-20,2023-01-19,0,RETURNED
11802,1732,1426,2025-10-22,2025-11-05,2025-11-06,5,RETURNED
11803,906,1194,2025-01-27,2025-02-10,2025-02-12,10,RETURNED
11804,1205,1892,2024-08-24,2024-09-07,,0,OVERDUE
11805,2212,1463,2023-02-06,2023-02-20,,0,ISSUED
11806,278,641,2024-08-24,2024-09-07,,0,OVERDUE
11807,2671,860,2025-04-04,2025-04-18,2025-04-26,40,RETURNED
11808,1349,1440,2023-10-16,2023-10-30,2023-11-07,40,RETURNED
11809,1025,1415,2023-11-07,2023-11-21,2023-11-28,35,RETURNED
11810,513,899,2025-05-08,2025-05-22,2025-05-17,0,RETURNED
11811,2137,1526,2025-06-06,2025-06-20,2025-06-30,50,RETURNED
11812,1145,1042,2024-12-17,2024-12-31,2025-01-02,10,RETURNED
11813,71,1494,2024-02-06,2024-02-20,2024-02-27,35,RETURNED
11814,2953,1337,2023-10-14,2023-10-28,,0,OVERDUE
11815,1794,229,2024-09-19,2024-10-03,2024-10-03,0,RETURNED
11816,233,799,2025-02-21,2025-03-07,2025-03-17,50,RETURNED
11817,967,1485,2024-02-20,2024-03-05,2024-03-04,0,RETURNED
11818,1291,1424,2025-07-20,2025-08-03,,0,OVERDUE
11819,2333,1450,2023-05-01,2023-05-15,2023-05-12,0,RETURNED
11820,2720,209,2025-02-25,2025-03-11,2025-03-12,5,RETURNED
11821,992,1685,2025-12-11,2025-12-25,2025-12-20,0,RETURNED
11822,1431,220,2023-09-25,2023-10-09,2023-10-18,45,RETURNED
11823,504,71,2023-09-13,2023-09-27,,0,ISSUED
11824,2722,728,2025-08-10,2025-08-24,,0,ISSUED
11825,2964,37,2024-07-31,2024-08-14,2024-08-16,10,RETURNED
11826,1302,270,2023-10-13,2023-10-27,2023-10-29,10,RETURNED
11827,1957,1286,2023-02-02,2023-02-16,2023-02-17,5,RETURNED
11828,2303,635,2023-04-27,2023-05-11,,0,OVERDUE
11829,8,661,2023-09-04,2023-09-18,2023-09-24,30,RETURNED
11830,1580,492,2024-02-10,2024-02-24,2024-03-05,50,RETURNED
11831,566,1348,2024-08-08,2024-08-22,2024-08-25,15,RETURNED
11832,2392,1016,2023-12-16,2023-12-30,2024-01-08,45,RETURNED
11833,814,847,2024-08-30,2024-09-13,2024-09-09,0,RETURNED
11834,1608,426,2023-05-15,2023-05-29,2023-06-07,45,RETURNED
11835,681,268,2023-09-09,2023-09-23,2023-10-01,40,RETURNED
11836,806,1053,2023-12-23,2024-01-06,2024-01-14,40,RETURNED
11837,1084,686,2025-01-26,2025-02-09,,0,ISSUED
11838,1265,349,2025-06-21,2025-07-05,2025-07-11,30,RETURNED
11839,1914,1183,2024-02-21,2024-03-06,2024-03-03,0,RETURNED
11840,948,847,2024-02-11,2024-02-25,2024-03-06,50,RETURNED
11841,894,1330,2023-01-27,2023-02-10,2023-02-19,45,RETURNED
11842,2567,231,2024-07-08,2024-07-22,2024-07-25,15,RETURNED
11843,1187,812,2023-07-04,2023-07-18,2023-07-21,15,RETURNED
11844,1989,1372,2023-10-15,2023-10-29,2023-11-06,40,RETURNED
11845,1730,1029,2024-08-07,2024-08-21,2024-08-18,0,RETURNED
11846,2115,1764,2023-05-11,2023-05-25,2023-06-04,50,RETURNED
11847,2052,1565,2024-01-13,2024-01-27,2024-01-31,20,RETURNED
11848,753,80,2024-10-27,2024-11-10,,0,OVERDUE
11849,170,102,2023-05-22,2023-06-05,2023-06-07,10,RETURNED
11850,1828,159,2025-08-01,2025-08-15,2025-08-19,20,RETURNED
11851,100,1188,2023-02-24,2023-03-10,2023-03-14,20,RETURNED
11852,539,1397,2024-05-04,2024-05-18,2024-05-28,50,RETURNED
11853,291,1624,2023-05-12,2023-05-26,2023-06-01,30,RETURNED
11854,775,1979,2023-03-12,2023-03-26,2023-04-02,35,RETURNED
11855,841,75,2024-10-28,2024-11-11,2024-11-08,0,RETURNED
11856,617,631,2024-09-08,2024-09-22,2024-10-01,45,RETURNED
11857,2119,1351,2025-05-03,2025-05-17,2025-05-25,40,RETURNED
11858,2587,957,2023-09-15,2023-09-29,2023-10-03,20,RETURNED
11859,785,1284,2023-06-12,2023-06-26,2023-06-25,0,RETURNED
11860,1117,684,2023-07-26,2023-08-09,2023-08-17,40,RETURNED
11861,476,486,2024-12-02,2024-12-16,2024-12-21,25,RETURNED
11862,494,1225,2023-11-14,2023-11-28,2023-12-05,35,RETURNED
11863,1218,579,2025-12-06,2025-12-20,2025-12-16,0,RETURNED
11864,1792,1198,2024-09-16,2024-09-30,2024-10-02,10,RETURNED
11865,736,283,2025-11-22,2025-12-06,2025-12-01,0,RETURNED
11866,966,918,2025-09-26,2025-10-10,2025-10-11,5,RETURNED
11867,2076,1136,2024-12-02,2024-12-16,,0,ISSUED
11868,537,1153,2024-06-16,2024-06-30,2024-06-30,0,RETURNED
11869,2990,1606,2025-02-28,2025-03-14,,0,OVERDUE
11870,335,1147,2023-03-20,2023-04-03,2023-04-12,45,RETURNED
11871,1689,1683,2023-11-29,2023-12-13,2023-12-17,20,RETURNED
11872,209,8,2025-08-16,2025-08-30,2025-08-25,0,RETURNED
11873,827,177,2025-02-04,2025-02-18,2025-02-26,40,RETURNED
11874,1674,1954,2023-10-01,2023-10-15,2023-10-10,0,RETURNED
11875,198,1454,2025-11-09,2025-11-23,2025-11-20,0,RETURNED
11876,1131,1865,2025-09-11,2025-09-25,2025-09-29,20,RETURNED
11877,2299,119,2025-06-24,2025-07-08,2025-07-04,0,RETURNED
11878,1230,1069,2024-02-16,2024-03-01,,0,ISSUED
11879,2435,1578,2023-04-17,2023-05-01,2023-05-11,50,RETURNED
11880,532,318,2024-07-15,2024-07-29,2024-07-31,10,RETURNED
11881,1159,191,2025-10-30,2025-11-13,2025-11-20,35,RETURNED
11882,1686,1384,2023-09-15,2023-09-29,2023-10-09,50,RETURNED
11883,1070,1221,2023-02-27,2023-03-13,2023-03-17,20,RETURNED
11884,1041,1439,2025-10-23,2025-11-06,2025-11-01,0,RETURNED
11885,1083,1665,2025-06-03,2025-06-17,2025-06-23,30,RETURNED
11886,1857,1823,2023-11-14,2023-11-28,,0,OVERDUE
11887,2525,708,2023-04-26,2023-05-10,2023-05-12,10,RETURNED
11888,2782,904,2023-11-18,2023-12-02,2023-12-11,45,RETURNED
11889,2619,1992,2025-10-21,2025-11-04,2025-11-13,45,RETURNED
11890,2253,730,2025-12-12,2025-12-26,2025-12-23,0,RETURNED
11891,1906,293,2025-10-26,2025-11-09,2025-11-17,40,RETURNED
11892,1404,1573,2023-12-22,2024-01-05,2024-01-10,25,RETURNED
11893,2975,1739,2023-09-10,2023-09-24,2023-09-30,30,RETURNED
11894,1642,1495,2023-01-06,2023-01-20,2023-01-15,0,RETURNED
11895,383,1303,2025-07-23,2025-08-06,2025-08-04,0,RETURNED
11896,2783,424,2024-11-20,2024-12-04,2024-12-09,25,RETURNED
11897,799,1714,2024-12-18,2025-01-01,2025-01-07,30,RETURNED
11898,1075,648,2023-02-14,2023-02-28,2023-02-28,0,RETURNED
11899,2057,1489,2024-12-24,2025-01-07,,0,OVERDUE
11900,229,1216,2025-07-27,2025-08-10,,0,ISSUED
11901,1298,229,2023-06-29,2023-07-13,2023-07-23,50,RETURNED
11902,288,1728,2025-05-12,2025-05-26,,0,ISSUED
11903,519,852,2024-03-23,2024-04-06,2024-04-13,35,RETURNED
11904,1041,905,2023-04-17,2023-05-01,2023-05-08,35,RETURNED
11905,1764,1349,2023-09-15,2023-09-29,2023-09-30,5,RETURNED
11906,2502,701,2024-09-26,2024-10-10,2024-10-07,0,RETURNED
11907,689,1301,2024-11-23,2024-12-07,2024-12-13,30,RETURNED
11908,2785,716,2023-09-02,2023-09-16,2023-09-23,35,RETURNED
11909,979,287,2024-06-08,2024-06-22,2024-06-25,15,RETURNED
11910,757,478,2023-05-10,2023-05-24,,0,ISSUED
11911,2159,1418,2025-05-04,2025-05-18,2025-05-16,0,RETURNED
11912,1669,653,2024-04-23,2024-05-07,2024-05-14,35,RETURNED
11913,1112,1556,2025-04-09,2025-04-23,2025-04-24,5,RETURNED
11914,2869,1726,2023-08-05,2023-08-19,2023-08-23,20,RETURNED
11915,2468,1753,2025-03-02,2025-03-16,,0,ISSUED
11916,152,1223,2024-08-29,2024-09-12,2024-09-07,0,RETURNED
11917,106,1227,2025-12-01,2025-12-15,2025-12-15,0,RETURNED
11918,359,1468,2024-09-03,2024-09-17,2024-09-15,0,RETURNED
11919,938,1091,2025-02-10,2025-02-24,,0,OVERDUE
11920,285,593,2023-04-25,2023-05-09,2023-05-08,0,RETURNED
11921,2467,219,2024-10-28,2024-11-11,,0,OVERDUE
11922,1477,790,2025-10-23,2025-11-06,2025-11-11,25,RETURNED
11923,14,783,2023-01-20,2023-02-03,,0,OVERDUE
11924,1986,885,2025-04-27,2025-05-11,,0,ISSUED
11925,2253,1768,2024-03-02,2024-03-16,2024-03-24,40,RETURNED
11926,1203,1313,2024-09-13,2024-09-27,2024-10-04,35,RETURNED
11927,2141,927,2023-01-19,2023-02-02,2023-02-12,50,RETURNED
11928,578,1697,2024-07-04,2024-07-18,,0,ISSUED
11929,866,1039,2025-08-20,2025-09-03,2025-08-29,0,RETURNED
11930,1782,930,2025-05-14,2025-05-28,2025-06-01,20,RETURNED
11931,1114,90,2025-02-21,2025-03-07,2025-03-02,0,RETURNED
11932,704,42,2023-11-06,2023-11-20,2023-11-27,35,RETURNED
11933,1085,160,2024-09-25,2024-10-09,2024-10-13,20,RETURNED
11934,2089,1281,2025-05-17,2025-05-31,2025-06-10,50,RETURNED
11935,1796,680,2025-12-14,2025-12-28,2025-12-25,0,RETURNED
11936,2316,1016,2024-01-06,2024-01-20,2024-01-29,45,RETURNED
11937,770,1454,2025-10-31,2025-11-14,2025-11-19,25,RETURNED
11938,2723,1722,2024-07-05,2024-07-19,2024-07-23,20,RETURNED
11939,2123,598,2024-01-10,2024-01-24,2024-01-25,5,RETURNED
11940,771,502,2025-07-02,2025-07-16,2025-07-20,20,RETURNED
11941,1971,1733,2023-01-10,2023-01-24,2023-02-01,40,RETURNED
11942,497,1241,2025-11-29,2025-12-13,2025-12-23,50,RETURNED
11943,2269,294,2023-08-17,2023-08-31,2023-09-05,25,RETURNED
11944,2404,1879,2023-09-04,2023-09-18,2023-09-22,20,RETURNED
11945,1549,769,2024-10-02,2024-10-16,2024-10-21,25,RETURNED
11946,1309,1041,2025-05-01,2025-05-15,,0,OVERDUE
11947,1723,1529,2024-07-25,2024-08-08,2024-08-16,40,RETURNED
11948,2406,1,2024-06-24,2024-07-08,2024-07-03,0,RETURNED
11949,1233,752,2023-12-26,2024-01-09,,0,OVERDUE
11950,1002,1685,2024-01-21,2024-02-04,2024-02-14,50,RETURNED
11951,2302,594,2024-01-04,2024-01-18,,0,OVERDUE
11952,753,1254,2025-06-07,2025-06-21,2025-06-28,35,RETURNED
11953,200,1368,2024-02-22,2024-03-07,,0,ISSUED
11954,1364,1645,2023-10-09,2023-10-23,,0,ISSUED
11955,2746,1721,2024-08-27,2024-09-10,2024-09-13,15,RETURNED
11956,2970,514,2024-08-25,2024-09-08,2024-09-04,0,RETURNED
11957,2127,1837,2025-06-14,2025-06-28,2025-06-26,0,RETURNED
11958,1410,1841,2023-10-11,2023-10-25,2023-10-23,0,RETURNED
11959,240,1162,2024-11-03,2024-11-17,2024-11-16,0,RETURNED
11960,237,8,2025-03-19,2025-04-02,2025-04-02,0,RETURNED
11961,2365,1637,2023-02-12,2023-02-26,2023-02-26,0,RETURNED
11962,1782,1849,2023-02-19,2023-03-05,2023-03-02,0,RETURNED
11963,1620,1059,2023-06-21,2023-07-05,,0,ISSUED
11964,180,1986,2023-05-31,2023-06-14,2023-06-10,0,RETURNED
11965,2846,1085,2024-10-10,2024-10-24,2024-10-22,0,RETURNED
11966,1721,1860,2025-05-21,2025-06-04,2025-05-30,0,RETURNED
11967,2839,1085,2025-10-26,2025-11-09,2025-11-18,45,RETURNED
11968,1675,62,2023-05-23,2023-06-06,2023-06-15,45,RETURNED
11969,2086,1619,2025-11-03,2025-11-17,2025-11-24,35,RETURNED
11970,2613,88,2023-09-23,2023-10-07,2023-10-09,10,RETURNED
11971,252,1206,2024-01-23,2024-02-06,2024-02-12,30,RETURNED
11972,872,1339,2024-06-10,2024-06-24,2024-06-26,10,RETURNED
11973,109,1375,2025-05-29,2025-06-12,2025-06-21,45,RETURNED
11974,1718,23,2025-04-20,2025-05-04,2025-05-01,0,RETURNED
11975,2365,463,2023-03-21,2023-04-04,2023-04-02,0,RETURNED
11976,34,921,2024-05-14,2024-05-28,2024-05-31,15,RETURNED
11977,2644,1868,2025-09-14,2025-09-28,2025-09-27,0,RETURNED
11978,99,1521,2024-12-14,2024-12-28,2025-01-07,50,RETURNED
11979,897,334,2023-11-02,2023-11-16,2023-11-21,25,RETURNED
11980,2727,1178,2025-03-14,2025-03-28,2025-04-01,20,RETURNED
11981,2364,1294,2024-04-23,2024-05-07,2024-05-07,0,RETURNED
11982,2614,444,2023-08-04,2023-08-18,2023-08-23,25,RETURNED
11983,278,1742,2024-03-11,2024-03-25,2024-03-27,10,RETURNED
11984,784,717,2023-09-18,2023-10-02,2023-10-05,15,RETURNED
11985,1080,942,2025-04-03,2025-04-17,2025-04-23,30,RETURNED
11986,318,621,2025-10-02,2025-10-16,,0,OVERDUE
11987,2637,1017,2025-01-20,2025-02-03,2025-02-07,20,RETURNED
11988,839,1383,2025-06-10,2025-06-24,,0,ISSUED
11989,439,828,2024-09-13,2024-09-27,2024-10-05,40,RETURNED
11990,972,15,2025-05-16,2025-05-30,2025-05-28,0,RETURNED
11991,2757,873,2023-09-10,2023-09-24,2023-09-20,0,RETURNED
11992,1578,1555,2025-02-23,2025-03-09,,0,OVERDUE
11993,27,1934,2024-05-10,2024-05-24,2024-05-26,10,RETURNED
11994,1930,1984,2024-04-14,2024-04-28,2024-04-29,5,RETURNED
11995,2362,1552,2025-11-22,2025-12-06,2025-12-06,0,RETURNED
11996,2653,109,2023-08-19,2023-09-02,2023-08-31,0,RETURNED
11997,2316,1710,2025-03-06,2025-03-20,2025-03-20,0,RETURNED
11998,1902,932,2025-01-09,2025-01-23,,0,OVERDUE
11999,1375,956,2023-01-25,2023-02-08,2023-02-05,0,RETURNED
12000,265,831,2025-01-06,2025-01-20,2025-01-23,15,RETURNED
